-- MySQL dump 10.13  Distrib 5.6.13, for Win32 (x86)
--
-- Host: localhost    Database: detect
-- ------------------------------------------------------
-- Server version	5.6.13

/*!40101 SET @OLD_CHARACTER_SET_CLIENT=@@CHARACTER_SET_CLIENT */;
/*!40101 SET @OLD_CHARACTER_SET_RESULTS=@@CHARACTER_SET_RESULTS */;
/*!40101 SET @OLD_COLLATION_CONNECTION=@@COLLATION_CONNECTION */;
/*!40101 SET NAMES utf8 */;
/*!40103 SET @OLD_TIME_ZONE=@@TIME_ZONE */;
/*!40103 SET TIME_ZONE='+00:00' */;
/*!40014 SET @OLD_UNIQUE_CHECKS=@@UNIQUE_CHECKS, UNIQUE_CHECKS=0 */;
/*!40014 SET @OLD_FOREIGN_KEY_CHECKS=@@FOREIGN_KEY_CHECKS, FOREIGN_KEY_CHECKS=0 */;
/*!40101 SET @OLD_SQL_MODE=@@SQL_MODE, SQL_MODE='NO_AUTO_VALUE_ON_ZERO' */;
/*!40111 SET @OLD_SQL_NOTES=@@SQL_NOTES, SQL_NOTES=0 */;

--
-- Table structure for table `detectrecord`
--

DROP TABLE IF EXISTS `detectrecord`;
/*!40101 SET @saved_cs_client     = @@character_set_client */;
/*!40101 SET character_set_client = utf8 */;
CREATE TABLE `detectrecord` (
  `id` int(11) NOT NULL AUTO_INCREMENT,
  `standardTmpterId` int(11) DEFAULT NULL COMMENT '标准器ID',
  `experimentNo` varchar(100) DEFAULT NULL COMMENT '实验编号',
  `equipmentNo` varchar(45) DEFAULT NULL COMMENT '院设备编号：RG024,RG025,RG026',
  `temp` varchar(45) DEFAULT NULL COMMENT '温度',
  `humidity` varchar(45) DEFAULT NULL COMMENT '湿度',
  `address` varchar(500) DEFAULT NULL COMMENT '地点',
  `createDate` datetime DEFAULT NULL COMMENT '时间',
  `detectTemp` int(11) DEFAULT NULL COMMENT '鍚嶄箟娓╁害',
  `temp1` double DEFAULT NULL COMMENT '读数1',
  `temp2` double DEFAULT NULL COMMENT '读数2',
  `temp3` double DEFAULT NULL COMMENT '读数3(干度2)',
  `temp4` double DEFAULT NULL COMMENT '读数4湿度2)',
  `tempAvg1` double DEFAULT NULL COMMENT '平均读数',
  `tempAvg2` double DEFAULT NULL COMMENT '平均读数2（湿度）',
  `tempReal` double DEFAULT NULL COMMENT '温槽实际温度',
  `detectBasis` varchar(45) DEFAULT NULL COMMENT '测定依据:JJG123-2011\\\\JJG131-2004',
  `createUserID` int(11) DEFAULT NULL,
  `temp1_input` varchar(45) DEFAULT NULL,
  `temp2_input` varchar(45) DEFAULT NULL,
  `temp3_input` varchar(45) DEFAULT NULL,
  `temp4_input` varchar(45) DEFAULT NULL,
  `tempAvg1_str` varchar(45) DEFAULT NULL,
  `tempAvg2_str` varchar(45) DEFAULT NULL,
  `tempReal_str` varchar(45) DEFAULT NULL,
  PRIMARY KEY (`id`)
) ENGINE=InnoDB AUTO_INCREMENT=405 DEFAULT CHARSET=utf8;
/*!40101 SET character_set_client = @saved_cs_client */;

--
-- Dumping data for table `detectrecord`
--

LOCK TABLES `detectrecord` WRITE;
/*!40000 ALTER TABLE `detectrecord` DISABLE KEYS */;
INSERT INTO `detectrecord` VALUES (2,2,'20131023001','RG024','18.9','48','本院3504房间','2013-10-23 16:05:47',10,-16,-16,NULL,NULL,-0.16,NULL,-0.03,'JJG130-2011',1,'-16','-16',NULL,NULL,'-0.16',NULL,'-0.03'),(3,2,'20131023002','RG024','18.9','48','本院3504房间','2013-10-23 16:16:04',40,0,0,NULL,NULL,0,NULL,0,'JJG130-2011',1,'0','0',NULL,NULL,'0.00',NULL,'0.00'),(4,2,'20131023003','RG024','18.9','48','本院3504房间','2013-10-23 16:37:11',40,0,0,NULL,NULL,0,NULL,0,'JJG130-2011',1,'0','0',NULL,NULL,'0.00',NULL,'0.00'),(5,4,'20131023004','RG024','18.9','48','本院3504房间','2013-10-23 16:43:41',100,-10,-10,NULL,NULL,-0.1,NULL,-0.01,'JJG130-2011',1,'-10','-10',NULL,NULL,'-0.10',NULL,'-0.01'),(6,4,'20131023005','RG024','18.9','48','本院3504房间','2013-10-23 16:50:47',100,-10,-10,NULL,NULL,-0.1,NULL,-0.01,'JJG130-2011',1,'-10','-10',NULL,NULL,'-0.10',NULL,'-0.01'),(7,2,'20131023006','RG024','18.9','49','本院3504房间','2013-10-23 16:55:23',20,-10,-10,NULL,NULL,-0.1,NULL,-0.03,'JJG130-2011',1,'-10','-10',NULL,NULL,'-0.10',NULL,'-0.03'),(8,2,'20131024001','RG024','17.5','48','本院3504房间','2013-10-24 09:35:22',20,-10,-10,NULL,NULL,-0.1,NULL,-0.03,'JJG130-2011',1,'-10','-10',NULL,NULL,'-0.10',NULL,'-0.03'),(9,2,'20131024002','RG024','17.8','48','本院3504房间','2013-10-24 10:26:21',20,-10,-10,NULL,NULL,-0.1,NULL,-0.03,'JJG130-2011',1,'-10','-10',NULL,NULL,'-0.10',NULL,'-0.03'),(10,4,'20131024003','RG024','17.5','48','本院3504房间','2013-10-24 10:32:10',100,-10,-10,NULL,NULL,-0.1,NULL,-0.01,'JJG130-2011',1,'-10','-10',NULL,NULL,'-0.10',NULL,'-0.01'),(11,4,'20131024004','RG024','17.9','48','本院3504房间','2013-10-24 10:34:47',100,-10,-10,NULL,NULL,-0.1,NULL,-0.01,'JJG130-2011',1,'-10','-10',NULL,NULL,'-0.10',NULL,'-0.01'),(12,4,'20131024005','RG024','17.5','48','本院3504房间','2013-10-24 10:40:43',100,-10,-10,NULL,NULL,-0.1,NULL,-0.01,'JJG130-2011',1,'-10','-10',NULL,NULL,'-0.10',NULL,'-0.01'),(13,2,'20131024006','RG024','17.5','48','本院3504房间','2013-10-24 10:45:58',20,-10,-10,NULL,NULL,-0.1,NULL,-0.03,'JJG130-2011',1,'-10','-10',NULL,NULL,'-0.10',NULL,'-0.03'),(14,2,'20131024007','RG024','17.5','48','本院3504房间','2013-10-24 11:23:03',40,6,6,NULL,NULL,0.06,NULL,0.06,'JJG130-2011',1,'6','6',NULL,NULL,'0.06',NULL,'0.06'),(15,4,'20131024008','RG024','17.5','48','本院3504房间','2013-10-24 11:28:35',100,-10,-10,NULL,NULL,-0.1,NULL,-0.01,'JJG130-2011',1,'-10','-10',NULL,NULL,'-0.10',NULL,'-0.01'),(16,4,'20131024009','RG024','17.5','48','本院3504房间','2013-10-24 11:30:48',100,-10,-10,NULL,NULL,-0.1,NULL,-0.01,'JJG130-2011',1,'-10','-10',NULL,NULL,'-0.10',NULL,'-0.01'),(17,4,'20131024010','RG024','17.5','48','本院3504房间','2013-10-24 11:33:09',100,-10,-10,NULL,NULL,-0.1,NULL,-0.01,'JJG130-2011',1,'-10','-10',NULL,NULL,'-0.10',NULL,'-0.01'),(18,2,'20131024011','RG024','17.5','48','本院3504房间','2013-10-24 13:45:50',30,-5,-5,NULL,NULL,-0.05,NULL,0.02,'JJG130-2011',1,'-5','-5',NULL,NULL,'-0.05',NULL,'0.02'),(19,4,'20131024012','RG024','17.5','48','本院3504房间','2013-10-24 13:48:32',100,-10,-10,NULL,NULL,-0.1,NULL,-0.01,'JJG130-2011',1,'-10','-10',NULL,NULL,'-0.10',NULL,'-0.01'),(20,2,'20131024013','RG024','17.5','48','本院3504房间','2013-10-24 13:52:59',40,8,8,NULL,NULL,0.08,NULL,0.08,'JJG130-2011',1,'8','8',NULL,NULL,'0.08',NULL,'0.08'),(21,2,'20131024014','RG024','17.5','48','本院3504房间','2013-10-24 13:56:20',40,8,8,NULL,NULL,0.08,NULL,0.08,'JJG130-2011',1,'8','8',NULL,NULL,'0.08',NULL,'0.08'),(22,2,'20131024015','RG024','17.5','48','本院3504房间','2013-10-24 14:20:03',40,8,8,NULL,NULL,0.08,NULL,0.08,'JJG130-2011',1,'8','8',NULL,NULL,'0.08',NULL,'0.08'),(23,4,'20131024016','RG024','17.5','48','本院3504房间','2013-10-24 14:26:02',100,-14,-14,NULL,NULL,-0.14,NULL,-0.05,'JJG130-2011',1,'-14','-14',NULL,NULL,'-0.14',NULL,'-0.05'),(24,2,'20131024017','RG024','17.5','48','本院3504房间','2013-10-24 14:30:29',30,-5,-5,NULL,NULL,-0.05,NULL,0.02,'JJG130-2011',1,'-5','-5',NULL,NULL,'-0.05',NULL,'0.02'),(25,5,'20131024018','RG024','17.5',NULL,'本院3504房间','2013-10-24 14:33:34',150,0,0,NULL,NULL,0,NULL,0.03,'JJG130-2011',1,'0','0',NULL,NULL,'0.00',NULL,'0.03'),(26,2,'20131024019','RG024','17.5','48','本院3504房间','2013-10-24 14:48:10',50,0,0,NULL,NULL,0,NULL,0.07,'JJG130-2011',1,'0','0',NULL,NULL,'0.00',NULL,'0.07'),(27,2,'20131024020','RG024','17.5','48','本院3504房间','2013-10-24 14:56:52',50,0,0,NULL,NULL,0,NULL,0.07,'JJG130-2011',1,'0','0',NULL,NULL,'0.00',NULL,'0.07'),(28,2,'20131024021','RG024','17.5','48','本院3504房间','2013-10-24 15:07:48',50,0,0,NULL,NULL,0,NULL,0.07,'JJG130-2011',1,'0','0',NULL,NULL,'0.00',NULL,'0.07'),(29,2,'20131024022','RG024','17.5','48','本院3504房间','2013-10-24 15:17:48',50,0,0,NULL,NULL,0,NULL,0.07,'JJG130-2011',1,'0','0',NULL,NULL,'0.00',NULL,'0.07'),(30,2,'20131024023','RG024','17.5','48','本院3504房间','2013-10-24 15:20:24',50,0,0,NULL,NULL,0,NULL,0.07,'JJG130-2011',1,'0','0',NULL,NULL,'0.00',NULL,'0.07'),(31,2,'20131024024','RG024','17.5','48','本院3504房间','2013-10-24 15:24:06',50,1,1,NULL,NULL,0.01,NULL,0.08,'JJG130-2011',1,'1','1',NULL,NULL,'0.01',NULL,'0.08'),(32,2,'20131024025','RG024','17.5','48','本院3504房间','2013-10-24 15:28:55',50,0,0,NULL,NULL,0,NULL,0.07,'JJG130-2011',1,'0','0',NULL,NULL,'0.00',NULL,'0.07'),(33,2,'20131024026','RG024','17.5','48','本院3504房间','2013-10-24 15:30:51',50,0,0,NULL,NULL,0,NULL,0.07,'JJG130-2011',1,'0','0',NULL,NULL,'0.00',NULL,'0.07'),(34,6,'20131024027','RG024','17.5','48','本院3504房间','2013-10-24 15:34:10',200,3,3,NULL,NULL,0.03,NULL,-0.01,'JJG130-2011',1,'3','3',NULL,NULL,'0.03',NULL,'-0.01'),(35,6,'20131024028','RG024','17.5','48','本院3504房间','2013-10-24 15:37:27',200,3,3,NULL,NULL,0.03,NULL,-0.01,'JJG130-2011',1,'3','3',NULL,NULL,'0.03',NULL,'-0.01'),(36,2,'20131024029','RG024','17.5','48','本院3504房间','2013-10-24 15:38:45',50,0,0,NULL,NULL,0,NULL,0.07,'JJG130-2011',1,'0','0',NULL,NULL,'0.00',NULL,'0.07'),(37,2,'20131024030','RG024','17.5','48','本院3504房间','2013-10-24 15:41:04',50,0,0,NULL,NULL,0,NULL,0.07,'JJG130-2011',1,'0','0',NULL,NULL,'0.00',NULL,'0.07'),(38,2,'20131024031','RG024','17.5','48','本院3504房间','2013-10-24 15:55:15',50,0,0,NULL,NULL,0,NULL,0.07,'JJG130-2011',1,'0','0',NULL,NULL,'0.00',NULL,'0.07'),(39,2,'20131024032','RG024','17.5','48','本院3504房间','2013-10-24 16:01:04',50,0,0,NULL,NULL,0,NULL,0.07,'JJG130-2011',1,'0','0',NULL,NULL,'0.00',NULL,'0.07'),(40,2,'20131024033','RG024','17.5','48','本院3504房间','2013-10-24 16:06:29',50,0,0,NULL,NULL,0,NULL,0.07,'JJG130-2011',1,'0','0',NULL,NULL,'0.00',NULL,'0.07'),(41,2,'20131024034','RG024','17.5','48','本院3504房间','2013-10-24 16:08:24',50,0,0,NULL,NULL,0,NULL,0.07,'JJG130-2011',1,'0','0',NULL,NULL,'0.00',NULL,'0.07'),(42,2,'20131024035','RG024','17.5','48','本院3504房间','2013-10-24 16:10:03',50,0,0,NULL,NULL,0,NULL,0.07,'JJG130-2011',1,'0','0',NULL,NULL,'0.00',NULL,'0.07'),(43,6,'20131024036','RG024','17.5','48','本院3504房间','2013-10-24 16:14:27',200,3,3,NULL,NULL,0.03,NULL,-0.01,'JJG130-2011',1,'3','3',NULL,NULL,'0.03',NULL,'-0.01'),(44,6,'20131024037','RG024','17.5','48','本院3504房间','2013-10-24 16:16:47',200,3,3,NULL,NULL,0.03,NULL,-0.01,'JJG130-2011',1,'3','3',NULL,NULL,'0.03',NULL,'-0.01'),(45,16,'20131024038','RG024','17.5','48','本院3504房间','2013-10-24 16:28:43',-20,14,14,NULL,NULL,0.14,NULL,0.09,'JJG130-2011',1,'14','14',NULL,NULL,'0.14',NULL,'0.09'),(46,6,'20131024039','RG024','17.8','48','本院3504房间','2013-10-24 16:34:16',200,3,3,NULL,NULL,0.03,NULL,-0.01,'JJG130-2011',1,'3','3',NULL,NULL,'0.03',NULL,'-0.01'),(47,3,'20131024040','RG024','17.6','48','本院3504房间','2013-10-24 16:41:02',60,12,12,NULL,NULL,0.12,NULL,0.17,'JJG130-2011',1,'12','12',NULL,NULL,'0.12',NULL,'0.17'),(48,16,'20131024041','RG024','17.6','48','本院3504房间','2013-10-24 16:42:29',-20,14,14,NULL,NULL,0.14,NULL,0.09,'JJG130-2011',1,'14','14',NULL,NULL,'0.14',NULL,'0.09'),(49,16,'20131024042','RG024','17.9','48','本院3504房间','2013-10-24 16:54:41',-20,14,14,NULL,NULL,0.14,NULL,0.09,'JJG130-2011',1,'14','14',NULL,NULL,'0.14',NULL,'0.09'),(50,2,'20131026001','RG024','19.6','39','本院3504房间','2013-10-26 10:34:42',10,-17,-17,NULL,NULL,-0.17,NULL,-0.04,'JJG130-2011',1,'-17','-17',NULL,NULL,'-0.17',NULL,'-0.04'),(51,4,'20131026002','RG024','19.5','39','本院3504房间','2013-10-26 10:40:01',100,-10,-10,NULL,NULL,-0.1,NULL,-0.01,'JJG130-2011',1,'-10','-10',NULL,NULL,'-0.10',NULL,'-0.01'),(52,2,'20131026003','RG024','19.8','39','本院3504房间','2013-10-26 11:11:09',40,-1,-1,NULL,NULL,-0.01,NULL,-0.01,'JJG130-2011',1,'-1','-1',NULL,NULL,'-0.01',NULL,'-0.01'),(53,2,'20131026004','RG024','19.5','39','本院3504房间','2013-10-26 11:11:51',20,-10,-10,NULL,NULL,-0.1,NULL,0,'JJG130-2011',1,'-10','-10',NULL,NULL,'-0.10',NULL,'0.00'),(54,2,'20131026005','RG024','19.5','39','本院3504房间','2013-10-26 11:13:20',20,-10,-10,NULL,NULL,-0.1,NULL,0,'JJG130-2011',1,'-10','-10','-2','-2','-0.10',NULL,'0.00'),(55,16,'20131026006','RG026','19.8','39','本院3504房间','2013-10-26 11:33:31',-30,-8,-8,NULL,NULL,-0.08,NULL,0.03,'JJG130-2011',1,'-8','-8',NULL,NULL,'-0.08',NULL,'0.03'),(56,2,'20131026007','RG024','19.9','39','本院3504房间','2013-10-26 11:34:42',20,-10,-10,NULL,NULL,-0.1,NULL,0,'JJG130-2011',1,'-10','-10','+7','+7','-0.10',NULL,'0.00'),(57,16,'20131026008','RG026','19.8','39','本院3504房间','2013-10-26 12:33:12',-50,-9,-9,NULL,NULL,-0.09,NULL,0,'JJG130-2011',1,'-9','-9',NULL,NULL,'-0.09',NULL,'0.00'),(58,2,'20131026009','RG024','19.9','39','本院3504房间','2013-10-26 12:35:11',20,-10,-10,NULL,NULL,-0.1,NULL,0,'JJG130-2011',1,'-10','-10','+8','+8','-0.10',NULL,'0.00'),(59,2,'20131026010','RG024','19.8','48','本院3504房间','2013-10-26 14:15:03',20,-10,-10,NULL,NULL,-0.1,NULL,0,'JJG130-2011',1,'-10','-10','+2','+2','-0.10',NULL,'0.00'),(63,2,'20131027001','RG024','19.6','39','本院3504房间','2013-10-27 20:24:31',40,-1,-1,NULL,NULL,-0.01,NULL,-0.01,'JJG130-2011',1,'-1','-1',NULL,NULL,'-0.01',NULL,'-0.01'),(64,2,'20131027002','RG024','19.6','39','本院3504房间','2013-10-27 20:25:15',20,-10,-10,NULL,NULL,-0.1,NULL,0,'JJG130-2011',1,'-10','-10',NULL,NULL,'-0.10',NULL,'0.00'),(65,3,'20131027003','RG024','19.6','39','本院3504房间','2013-10-27 20:25:55',70,4,4,NULL,NULL,0.04,NULL,0.04,'JJG130-2011',1,'4','4',NULL,NULL,'0.04',NULL,'0.04'),(66,3,'20131027004','RG024','19.6','39','本院3504房间','2013-10-27 20:26:21',80,4,4,NULL,NULL,0.04,NULL,0.04,'JJG130-2011',1,'4','4',NULL,NULL,'0.04',NULL,'0.04'),(67,7,'20131027005','RG024','19.6','39','本院3504房间','2013-10-27 20:26:51',300,20,20,NULL,NULL,0.2,NULL,-0.04,'JJG130-2011',1,'20','20',NULL,NULL,'0.20',NULL,'-0.04'),(68,7,'20131027006','RG024','19.6','39','本院3504房间','2013-10-27 20:28:17',300,20,20,NULL,NULL,0.2,NULL,-0.04,'JJG130-2011',1,'20','20',NULL,NULL,'0.20',NULL,'-0.04'),(69,7,'20131027007','RG024','19.6','39','本院3504房间','2013-10-27 20:29:33',300,20,20,NULL,NULL,0.2,NULL,-0.04,'JJG130-2011',1,'20','20',NULL,NULL,'0.20',NULL,'-0.04'),(70,3,'20131027008','RG024','19.6','39','本院3504房间','2013-10-27 20:30:06',90,0,0,NULL,NULL,0,NULL,0,'JJG130-2011',1,'0','0',NULL,NULL,'0.00',NULL,'0.00'),(71,16,'20131027009','RG026','19.6','39','本院3504房间','2013-10-27 20:30:35',-60,-17,-17,NULL,NULL,-0.17,NULL,-0.02,'JJG130-2011',1,'-17','-17',NULL,NULL,'-0.17',NULL,'-0.02'),(72,2,'20131027010','RG024','19.6','39','本院3504房间','2013-10-27 20:40:26',0,0,0,NULL,NULL,0,NULL,0,'JJG130-2011',1,'0','0',NULL,NULL,'0.00',NULL,'0.00'),(73,2,'20131027011','RG024','19.6','39','本院3504房间','2013-10-27 20:42:48',0,0,0,NULL,NULL,0,NULL,0,'JJG130-2011',1,'0','0',NULL,NULL,'0.00',NULL,'0.00'),(74,16,'20131027012','RG024','19.6','39','本院3504房间','2013-10-27 20:46:19',0,0,0,NULL,NULL,0,NULL,0.03,'JJG130-2011',1,'0','0',NULL,NULL,'0.00',NULL,'0.03'),(75,2,'20131027013','RG024','19.6','39','本院3504房间','2013-10-27 20:46:51',0,0,0,NULL,NULL,0,NULL,0,'JJG130-2011',1,'0','0',NULL,NULL,'0.00',NULL,'0.00'),(76,2,'20131027014','RG024','19.6','39','本院3504房间','2013-10-27 20:50:13',0,0,0,NULL,NULL,0,NULL,0,'JJG130-2011',1,'0','0',NULL,NULL,'0.00',NULL,'0.00'),(77,2,'20131027015','RG024','19.6','39','本院3504房间','2013-10-27 20:51:55',0,0,0,NULL,NULL,0,NULL,0,'JJG130-2011',1,'0','0',NULL,NULL,'0.00',NULL,'0.00'),(78,2,'20131027016','RG024','19.6','39','本院3504房间','2013-10-27 20:53:20',0,0,0,NULL,NULL,0,NULL,0,'JJG130-2011',1,'0','0',NULL,NULL,'0.00',NULL,'0.00'),(79,2,'20131027017','RG024','19.6','39','本院3504房间','2013-10-27 20:54:39',0,0,0,NULL,NULL,0,NULL,0,'JJG130-2011',1,'0','0',NULL,NULL,'0.00',NULL,'0.00'),(80,2,'20131027018','RG024','19.6','39','本院3504房间','2013-10-27 20:55:53',0,0,0,NULL,NULL,0,NULL,0,'JJG130-2011',1,'0','0',NULL,NULL,'0.00',NULL,'0.00'),(81,2,'20131027019','RG024','19.6','39','本院3504房间','2013-10-27 20:56:54',20,-10,-10,NULL,NULL,-0.1,NULL,0,'JJG130-2011',1,'-10','-10','0','0','-0.10',NULL,'0.00'),(82,2,'20131027020','RG024','19.6','39','本院3504房间','2013-10-27 20:57:57',0,0,0,NULL,NULL,0,NULL,0,'JJG130-2011',1,'0','0',NULL,NULL,'0.00',NULL,'0.00'),(83,2,'20131027021','RG024','19.6','39','本院3504房间','2013-10-27 20:59:03',0,0,0,NULL,NULL,0,NULL,0,'JJG130-2011',1,'0','0',NULL,NULL,'0.00',NULL,'0.00'),(84,2,'20131027022','RG024','19.6','39','本院3504房间','2013-10-27 21:02:47',0,0,0,NULL,NULL,0,NULL,0,'JJG130-2011',1,'0','0',NULL,NULL,'0.00',NULL,'0.00'),(85,2,'20131027023','RG024','19.6','39','本院3504房间','2013-10-27 21:07:19',0,0,0,NULL,NULL,0,NULL,0,'JJG130-2011',1,'0','0',NULL,NULL,'0.00',NULL,'0.00'),(86,2,'20131028001','RG024','19.6','39','本院3504房间','2013-10-28 09:33:16',20,-10,-10,NULL,NULL,-0.1,NULL,0,'JJG130-2011',1,'-10','-10','0','0','-0.10',NULL,'0.00'),(87,2,'20131028002','RG024','19.6','39','本院3504房间','2013-10-28 09:34:45',0,0,0,NULL,NULL,0,NULL,0,'JJG130-2011',1,'0','0',NULL,NULL,'0.00',NULL,'0.00'),(88,2,'20131028003','RG024','19.6','39','本院3504房间','2013-10-28 09:41:55',0,0,0,NULL,NULL,0,NULL,0,'JJG130-2011',1,'0','0',NULL,NULL,'0.00',NULL,'0.00'),(89,2,'20131028004','RG024','19.6','39','本院3504房间','2013-10-28 09:43:01',0,0,0,NULL,NULL,0,NULL,0,'JJG130-2011',1,'0','0',NULL,NULL,'0.00',NULL,'0.00'),(90,16,'20131028005','RG026','19.6','39','本院3504房间','2013-10-28 09:44:25',-30,-7,-7,NULL,NULL,-0.07,NULL,0.04,'JJG130-2011',1,'-7','-7',NULL,NULL,'-0.07',NULL,'0.04'),(91,2,'20131028006','RG024','19.6','39','本院3504房间','2013-10-28 11:27:21',30,-5,-5,NULL,NULL,-0.05,NULL,0.02,'JJG130-2011',1,'-5','-5','10','10','-0.05',NULL,'0.02'),(92,2,'20131028007','RG024','19.5','39','本院3504房间','2013-10-28 11:32:20',30,-5,-5,NULL,NULL,-0.05,NULL,0.02,'JJG130-2011',1,'-5','-5','-8','-8','-0.05',NULL,'0.02'),(93,2,'20131028008','RG024','19.6','39','本院3504房间','2013-10-28 11:36:30',30,-5,-5,NULL,NULL,-0.05,NULL,0.02,'JJG130-2011',1,'-5','-5','0','0','-0.05',NULL,'0.02'),(94,2,'20131028009','RG024','19.6','39','本院3504房间','2013-10-28 11:38:20',30,-5,-5,NULL,NULL,-0.05,NULL,0.02,'JJG130-2011',1,'-5','-5','3','3','-0.05',NULL,'0.02'),(95,2,'20131028010','RG024','19.6','39','本院3504房间','2013-10-28 11:40:20',20,-10,-10,NULL,NULL,-0.1,NULL,0,'JJG130-2011',1,'-10','-10','-5','-5','-0.10',NULL,'0.00'),(96,2,'20131028011','RG024','19.6','48','本院3504房间','2013-10-28 14:52:50',40,0,0,NULL,NULL,0,NULL,0,'JJG130-2011',1,'0','0','8','8','0.00',NULL,'0.00'),(97,2,'20131028012','RG024','19.6','50','本院3504房间','2013-10-28 14:54:31',40,0,0,NULL,NULL,0,NULL,0,'JJG130-2011',1,'0','0','0','0','0.00',NULL,'0.00'),(98,2,'20131028013','RG024','19.6','50','本院3504房间','2013-10-28 14:56:07',40,0,0,NULL,NULL,0,NULL,0,'JJG130-2011',1,'0','0','10','10','0.00',NULL,'0.00'),(99,2,'20131028014','RG024','19.6','50','本院3504房间','2013-10-28 14:57:45',40,0,0,NULL,NULL,0,NULL,0,'JJG130-2011',1,'0','0','-7','-7','0.00',NULL,'0.00'),(100,2,'20131106001','RG024','22.8','42','本院3504房间','2013-11-06 11:25:35',20,-17,-17,NULL,NULL,-0.17,NULL,-0.07,'JJG130-2011',1,'-17','-17',NULL,NULL,'-0.17',NULL,'-0.07'),(101,2,'20131106002','RG024','22.3','40','本院3504房间','2013-11-06 11:49:27',20,-17,-17,NULL,NULL,-0.17,NULL,-0.07,'JJG130-2011',1,'-17','-17',NULL,NULL,'-0.17',NULL,'-0.07'),(102,2,'20131106003','RG024','22.4','40','本院3504房间','2013-11-06 11:51:37',40,0,0,NULL,NULL,0,NULL,0,'JJG130-2011',1,'0','0',NULL,NULL,'0.00',NULL,'0.00'),(103,4,'20131106004','RG024','22.5','40','本院3504房间','2013-11-06 12:47:15',100,-10,-10,NULL,NULL,-0.1,NULL,-0.01,'JJG130-2011',1,'-10','-10',NULL,NULL,'-0.10',NULL,'-0.01'),(104,4,'20131106005','RG024','22.5','40','本院3504房间','2013-11-06 12:49:18',100,-10,-10,NULL,NULL,-0.1,NULL,-0.01,'JJG130-2011',1,'-10','-10',NULL,NULL,'-0.10',NULL,'-0.01'),(105,2,'20131106006','RG024','22.5','40','本院3504房间','2013-11-06 12:56:09',20,-10,-10,NULL,NULL,-0.1,NULL,0,'JJG130-2011',1,'-10','-10',NULL,NULL,'-0.10',NULL,'0.00'),(106,4,'20131106007','RG024','22.5','40','本院3504房间','2013-11-06 13:08:13',100,-10,-10,NULL,NULL,-0.1,NULL,-0.01,'JJG130-2011',1,'-10','-10',NULL,NULL,'-0.10',NULL,'-0.01'),(107,2,'20131106008','RG024','22.5','40','本院3504房间','2013-11-06 13:14:50',20,-10,-10,NULL,NULL,-0.1,NULL,0,'JJG130-2011',1,'-10','-10',NULL,NULL,'-0.10',NULL,'0.00'),(108,3,'20131106009','RG024','22.5','40','本院3504房间','2013-11-06 13:19:31',100,-10,-10,NULL,NULL,-0.1,NULL,-0.1,'JJG130-2011',1,'-10','-10',NULL,NULL,'-0.10',NULL,'-0.10'),(109,4,'20131106010','RG024','22.5','40','本院3504房间','2013-11-06 13:21:26',100,-10,-10,NULL,NULL,-0.1,NULL,-0.01,'JJG130-2011',1,'-10','-10',NULL,NULL,'-0.10',NULL,'-0.01'),(110,2,'20131106011','RG024','22.5','40','本院3504房间','2013-11-06 13:30:45',40,10,10,NULL,NULL,0.1,NULL,0.1,'JJG130-2011',1,'10','10',NULL,NULL,'0.10',NULL,'0.10'),(111,2,'20131106012','RG024','22.5','40','本院3504房间','2013-11-06 13:30:55',40,9,9,NULL,NULL,0.09,NULL,0.09,'JJG130-2011',1,'9','9',NULL,NULL,'0.09',NULL,'0.09'),(112,4,'20131106013','RG024','22.5','40','本院3504房间','2013-11-06 13:38:42',100,-10,-10,NULL,NULL,-0.1,NULL,-0.01,'JJG130-2011',1,'-10','-10',NULL,NULL,'-0.10',NULL,'-0.01'),(113,4,'20131106014','RG024','22.5','40','本院3504房间','2013-11-06 13:40:23',100,-10,-10,NULL,NULL,-0.1,NULL,-0.01,'JJG130-2011',1,'-10','-10',NULL,NULL,'-0.10',NULL,'-0.01'),(114,2,'20131106015','RG024','22.5','40','本院3504房间','2013-11-06 13:45:01',20,-10,-10,NULL,NULL,-0.1,NULL,0,'JJG130-2011',1,'-10','-10',NULL,NULL,'-0.10',NULL,'0.00'),(115,2,'20131106016','RG024','22.5','40','本院3504房间','2013-11-06 13:56:44',40,8,8,NULL,NULL,0.08,NULL,0.08,'JJG130-2011',1,'8','8',NULL,NULL,'0.08',NULL,'0.08'),(116,2,'20131106017','RG024','22.5','40','本院3504房间','2013-11-06 13:57:34',40,10,10,NULL,NULL,0.1,NULL,0.1,'JJG130-2011',1,'10','10',NULL,NULL,'0.10',NULL,'0.10'),(117,2,'20131106018','RG024','22.5','40','本院3504房间','2013-11-06 14:06:30',20,-10,-10,NULL,NULL,-0.1,NULL,0,'JJG130-2011',1,'-10','-10',NULL,NULL,'-0.10',NULL,'0.00'),(118,2,'20131106019','RG024','22.5','40','本院3504房间','2013-11-06 15:06:38',30,-6,-6,NULL,NULL,-0.06,NULL,0,'JJG130-2011',1,'-6','-6',NULL,NULL,'-0.06',NULL,'0.00'),(119,2,'20131106020','RG024','22.5','40','本院3504房间','2013-11-06 15:13:26',30,-7,-7,NULL,NULL,-0.07,NULL,0,'JJG130-2011',1,'-7','-7',NULL,NULL,'-0.07',NULL,'0.00'),(120,4,'20131106021','RG024','22.5','40','本院3504房间','2013-11-06 15:15:49',100,-10,-10,NULL,NULL,-0.1,NULL,-0.01,'JJG130-2011',1,'-10','-10',NULL,NULL,'-0.10',NULL,'-0.01'),(121,2,'20131106022','RG024','22.5','40','本院3504房间','2013-11-06 15:17:25',50,0,0,NULL,NULL,0,NULL,0.07,'JJG130-2011',1,'0','0',NULL,NULL,'0.00',NULL,'0.07'),(122,2,'20131106023','RG024','22.5','40','本院3504房间','2013-11-06 15:21:04',50,0,0,NULL,NULL,0,NULL,0.07,'JJG130-2011',1,'0','0',NULL,NULL,'0.00',NULL,'0.07'),(123,2,'20131106024','RG024','22.5','40','本院3504房间','2013-11-06 15:22:56',50,-2,-2,NULL,NULL,-0.02,NULL,0.05,'JJG130-2011',1,'-2','-2',NULL,NULL,'-0.02',NULL,'0.05'),(124,2,'20131106025','RG024','22.5','40','本院3504房间','2013-11-06 15:25:21',30,-7,-7,NULL,NULL,-0.07,NULL,0,'JJG130-2011',1,'-7','-7',NULL,NULL,'-0.07',NULL,'0.00'),(125,2,'20131106026','RG024','22.5','40','本院3504房间','2013-11-06 15:45:47',50,0,0,NULL,NULL,0,NULL,0.07,'JJG130-2011',1,'0','0',NULL,NULL,'0.00',NULL,'0.07'),(126,2,'20131106027','RG024','22.5','40','本院3504房间','2013-11-06 15:48:34',50,0,0,NULL,NULL,0,NULL,0.07,'JJG130-2011',1,' 0',' 0',NULL,NULL,'0.00',NULL,'0.07'),(127,4,'20131106028','RG024','22.5','33','本院3504房间','2013-11-06 15:51:22',130,-5,-5,NULL,NULL,-0.05,NULL,0.02,'JJG130-2011',1,'-5','-5',NULL,NULL,'-0.05',NULL,'0.02'),(128,2,'20131106029','RG024','23.5','33','本院3504房间','2013-11-06 16:08:46',50,0,0,NULL,NULL,0,NULL,0.07,'JJG130-2011',1,'0','0',NULL,NULL,'0.00',NULL,'0.07'),(129,2,'20131106030','RG024','23.5','33','本院3504房间','2013-11-06 16:10:00',50,0,0,NULL,NULL,0,NULL,0.07,'JJG130-2011',1,'0','0',NULL,NULL,'0.00',NULL,'0.07'),(130,2,'20131106031','RG024','23.5','40','本院3504房间','2013-11-06 16:28:30',50,0,0,NULL,NULL,0,NULL,0.07,'JJG130-2011',1,'0','0',NULL,NULL,'0.00',NULL,'0.07'),(131,5,'20131106032','RG024','23.5','33','本院3504房间','2013-11-06 16:29:25',150,0,0,NULL,NULL,0,NULL,0.03,'JJG130-2011',1,'0','0',NULL,NULL,'0.00',NULL,'0.03'),(132,16,'20131107001','RG024','21','37','本院3504房间','2013-11-07 10:27:04',-20,14,14,NULL,NULL,0.14,NULL,0.09,'JJG130-2011',1,'14','14',NULL,NULL,'0.14',NULL,'0.09'),(133,4,'20131107002','RG024','21','33','本院3504房间','2013-11-07 10:28:28',100,-13,-13,NULL,NULL,-0.13,NULL,-0.04,'JJG130-2011',1,'-13','-13',NULL,NULL,'-0.13',NULL,'-0.04'),(134,6,'20131107003','RG024','21','33','本院3504房间','2013-11-07 10:49:41',200,3,3,NULL,NULL,0.03,NULL,-0.01,'JJG130-2011',1,'3','3',NULL,NULL,'0.03',NULL,'-0.01'),(135,6,'20131107004','RG024','21','33','本院3504房间','2013-11-07 11:05:23',200,3,3,NULL,NULL,0.03,NULL,-0.01,'JJG130-2011',1,'3','3',NULL,NULL,'0.03',NULL,'-0.01'),(136,6,'20131107005','RG024','21','33','本院3504房间','2013-11-07 11:07:10',200,3,3,NULL,NULL,0.03,NULL,-0.01,'JJG130-2011',1,'3','3',NULL,NULL,'0.03',NULL,'-0.01'),(137,16,'20131107006','RG024','21','','本院3504房间','2013-11-07 11:14:47',-30,-6,-6,NULL,NULL,-0.06,NULL,0.05,'JJG130-2011',1,'-6','-6',NULL,NULL,'-0.06',NULL,'0.05'),(138,3,'20131107007','RG024','21','33','本院3504房间','2013-11-07 11:16:00',60,12,12,NULL,NULL,0.12,NULL,0.17,'JJG130-2011',1,'12','12',NULL,NULL,'0.12',NULL,'0.17'),(139,6,'20131107008','RG024','21.5','33','本院3504房间','2013-11-07 11:20:28',200,3,3,NULL,NULL,0.03,NULL,-0.01,'JJG130-2011',1,'3','3',NULL,NULL,'0.03',NULL,'-0.01'),(140,6,'20131107009','RG024','21.5','33','本院3504房间','2013-11-07 11:21:37',200,3,3,NULL,NULL,0.03,NULL,-0.01,'JJG130-2011',1,'3','3',NULL,NULL,'0.03',NULL,'-0.01'),(141,2,'20131107010','RG024','21.5','36','本院3504房间','2013-11-07 11:31:44',40,0,0,NULL,NULL,0,NULL,0,'JJG130-2011',1,'0','0',NULL,NULL,'0.00',NULL,'0.00'),(142,3,'20131107011','RG024','21.5','','本院3504房间','2013-11-07 13:46:57',80,2,2,NULL,NULL,0.02,NULL,0.02,'JJG130-2011',1,'2','2',NULL,NULL,'0.02',NULL,'0.02'),(143,16,'20131107012','RG024','21.5','33','本院3504房间','2013-11-07 13:47:34',-40,0,0,NULL,NULL,0,NULL,0,'JJG130-2011',1,'0','0',NULL,NULL,'0.00',NULL,'0.00'),(144,7,'20131107013','RG024','21.5','36','本院3504房间','2013-11-07 15:04:03',300,20,20,NULL,NULL,0.2,NULL,-0.04,'JJG130-2011',1,'20','20',NULL,NULL,'0.20',NULL,'-0.04'),(145,7,'20131107014','RG024','21.5','36','本院3504房间','2013-11-07 15:05:51',300,20,20,NULL,NULL,0.2,NULL,-0.04,'JJG130-2011',1,'20','20',NULL,NULL,'0.20',NULL,'-0.04'),(146,7,'20131107015','RG024','21.5','36','本院3504房间','2013-11-07 15:23:16',300,20,20,NULL,NULL,0.2,NULL,-0.04,'JJG130-2011',1,'20','20',NULL,NULL,'0.20',NULL,'-0.04'),(147,7,'20131107016','RG024','21.5','33','本院3504房间','2013-11-07 15:24:12',300,20,20,NULL,NULL,0.2,NULL,-0.04,'JJG130-2011',1,'20','20',NULL,NULL,'0.20',NULL,'-0.04'),(148,2,'20131107017','RG024','21.5','36','本院3504房间','2013-11-07 16:29:40',10,-17,-17,NULL,NULL,-0.17,NULL,-0.04,'JJG130-2011',1,'-17','-17',NULL,NULL,'-0.17',NULL,'-0.04'),(149,2,'20131107018','RG024','21.5','36','本院3504房间','2013-11-07 16:30:59',10,-17,-17,NULL,NULL,-0.17,NULL,-0.04,'JJG130-2011',1,'-17','-17',NULL,NULL,'-0.17',NULL,'-0.04'),(150,NULL,'20131107019','RG024','21.5','36','本院3504房间','2013-11-07 16:34:47',0,NULL,NULL,NULL,NULL,NULL,NULL,NULL,'JJG130-2011',1,NULL,NULL,NULL,NULL,NULL,NULL,NULL),(151,NULL,'20131107020','RG024','21.5','36','本院3504房间','2013-11-07 16:36:48',0,NULL,NULL,NULL,NULL,NULL,NULL,NULL,'JJG130-2011',1,NULL,NULL,NULL,NULL,NULL,NULL,NULL),(152,NULL,'20131107021','RG024','21.5','36','本院3504房间','2013-11-07 16:38:41',0,NULL,NULL,NULL,NULL,NULL,NULL,NULL,'JJG130-2011',1,NULL,NULL,NULL,NULL,NULL,NULL,NULL),(153,2,'20131107022','RG024','21.5','36','本院3504房间','2013-11-07 16:43:23',10,-17,-17,NULL,NULL,-0.17,NULL,-0.04,'JJG130-2011',1,'-17','-17',NULL,NULL,'-0.17',NULL,'-0.04'),(154,NULL,'20131107023','RG024','21.5','36','本院3504房间','2013-11-07 16:45:28',0,NULL,NULL,NULL,NULL,NULL,NULL,NULL,'JJG130-2011',1,NULL,NULL,NULL,NULL,NULL,NULL,NULL),(155,NULL,'20131107024','RG024','21.5','36','本院3504房间','2013-11-07 16:47:08',0,NULL,NULL,NULL,NULL,NULL,NULL,NULL,'JJG130-2011',1,NULL,NULL,NULL,NULL,NULL,NULL,NULL),(156,NULL,'20131107025','RG024','21.5','36','本院3504房间','2013-11-07 16:48:49',0,NULL,NULL,NULL,NULL,NULL,NULL,NULL,'JJG130-2011',1,NULL,NULL,NULL,NULL,NULL,NULL,NULL),(157,NULL,'20131107026','RG024','21.5','36','本院3504房间','2013-11-07 16:57:28',0,NULL,NULL,NULL,NULL,NULL,NULL,NULL,'JJG130-2011',1,NULL,NULL,NULL,NULL,NULL,NULL,NULL),(158,NULL,'20131107027','RG024','21.5','36','本院3504房间','2013-11-07 16:59:03',0,NULL,NULL,NULL,NULL,NULL,NULL,NULL,'JJG130-2011',1,NULL,NULL,NULL,NULL,NULL,NULL,NULL),(159,NULL,'20131107028','RG024','21.5','36','本院3504房间','2013-11-07 17:00:54',0,NULL,NULL,NULL,NULL,NULL,NULL,NULL,'JJG130-2011',1,NULL,NULL,NULL,NULL,NULL,NULL,NULL),(160,NULL,'20131107029','RG024','21.5','36','本院3504房间','2013-11-07 17:06:42',0,NULL,NULL,NULL,NULL,NULL,NULL,NULL,'JJG130-2011',1,NULL,NULL,NULL,NULL,NULL,NULL,NULL),(161,NULL,'20131107030','RG024','21.5','36','本院3504房间','2013-11-07 17:11:22',0,NULL,NULL,NULL,NULL,NULL,NULL,NULL,'JJG130-2011',1,NULL,NULL,NULL,NULL,NULL,NULL,NULL),(162,NULL,'20131108001','RG024','21.5','32','本院3504房间','2013-11-08 19:55:55',0,NULL,NULL,NULL,NULL,NULL,NULL,NULL,'JJG130-2011',1,NULL,NULL,NULL,NULL,NULL,NULL,NULL),(163,2,'20131108002','RG024','21.5','32','本院3504房间','2013-11-08 19:56:46',20,-9,-9,NULL,NULL,-0.09,NULL,0,'JJG130-2011',1,'-9','-9',NULL,NULL,'-0.09',NULL,'0.00'),(164,2,'20131108003','RG024','21.5','32','本院3504房间','2013-11-08 19:57:29',40,0,0,NULL,NULL,0,NULL,0,'JJG130-2011',1,'0','0',NULL,NULL,'0.00',NULL,'0.00'),(165,4,'20131108004','RG024','21.5','33','本院3504房间','2013-11-08 20:08:30',100,-12,-12,NULL,NULL,-0.12,NULL,-0.03,'JJG130-2011',1,'-12','-12',NULL,NULL,'-0.12',NULL,'-0.03'),(166,2,'20131120001','RG024','20.5','30','本院3504房间','2013-11-20 14:39:53',10,-17,-17,NULL,NULL,-0.17,NULL,-0.04,'JJG130-2011',1,'-17','-17',NULL,NULL,'-0.17',NULL,'-0.04'),(167,4,'20131120002','RG024','20.5','30','本院3504房间','2013-11-20 14:44:46',100,-9,-9,NULL,NULL,-0.09,NULL,-1.38,'JJG130-2011',1,'-9','-9',NULL,NULL,'-0.09',NULL,'-1.38'),(168,4,'20131120003','RG024','20.5','30','本院3504房间','2013-11-20 14:46:12',100,-9,-9,NULL,NULL,-0.09,NULL,-1.38,'JJG130-2011',1,'-9','-9',NULL,NULL,'-0.09',NULL,'-1.38'),(169,2,'20131120004','RG024','20.5','30','本院3504房间','2013-11-20 14:54:26',10,-17,-17,NULL,NULL,-0.17,NULL,-0.04,'JJG130-2011',1,'-17','-17',NULL,NULL,'-0.17',NULL,'-0.04'),(170,2,'20131120005','RG024','20.5','30','本院3504房间','2013-11-20 14:57:15',40,0,0,NULL,NULL,0,NULL,0,'JJG130-2011',1,'0','0',NULL,NULL,'0.00',NULL,'0.00'),(171,2,'20131120006','RG024','20.5','30','本院3504房间','2013-11-20 15:50:35',20,-10,-10,NULL,NULL,-0.1,NULL,0,'JJG130-2011',1,'-10','-10',NULL,NULL,'-0.10',NULL,'0.00'),(172,4,'20131120007','RG024','20.5','30','本院3504房间','2013-11-20 15:54:40',100,-9,-9,NULL,NULL,-0.09,NULL,-1.38,'JJG130-2011',1,'-9','-9',NULL,NULL,'-0.09',NULL,'-1.38'),(173,4,'20131120008','RG024','20.5','30','本院3504房间','2013-11-20 15:56:36',100,-9,-9,NULL,NULL,-0.09,NULL,-1.38,'JJG130-2011',1,'-9','-9',NULL,NULL,'-0.09',NULL,'-1.38'),(174,2,'20131120009','RG024','20.5','30','本院3504房间','2013-11-20 16:12:57',20,-10,-10,NULL,NULL,-0.1,NULL,0,'JJG130-2011',1,'-10','-10',NULL,NULL,'-0.10',NULL,'0.00'),(175,4,'20131120010','RG024','20.5','30','本院3504房间','2013-11-20 16:16:03',100,-9,-9,NULL,NULL,-0.09,NULL,0,'JJG130-2011',1,'-9','-9',NULL,NULL,'-0.09',NULL,'0.00'),(176,4,'20131120011','RG024','20.5','30','本院3504房间','2013-11-20 16:17:01',100,-9,-9,NULL,NULL,-0.09,NULL,-1.38,'JJG130-2011',1,'-9','-9',NULL,NULL,'-0.09',NULL,'-1.38'),(177,2,'20131120012','RG024','20.5','30','本院3504房间','2013-11-20 16:45:04',20,-10,-10,NULL,NULL,-0.1,NULL,0,'JJG130-2011',1,'-10','-10',NULL,NULL,'-0.10',NULL,'0.00'),(178,4,'20131120013','RG024','20.5','30','本院3504房间','2013-11-20 16:48:18',100,-9,-9,NULL,NULL,-0.09,NULL,-1.38,'JJG130-2011',1,'-9','-9',NULL,NULL,'-0.09',NULL,'-1.38'),(179,2,'20131120014','RG024','20.5','30','本院3504房间','2013-11-20 16:50:17',40,0,0,NULL,NULL,0,NULL,0,'JJG130-2011',1,'0','0',NULL,NULL,'0.00',NULL,'0.00'),(180,2,'20131121001','RG024','21.2','29','本院3504房间','2013-11-21 12:42:47',40,8,8,NULL,NULL,0.08,NULL,0.08,'JJG130-2011',1,'8','8',NULL,NULL,'0.08',NULL,'0.08'),(181,2,'20131121002','RG024','21.5','29','本院3504房间','2013-11-21 12:44:20',40,7,7,NULL,NULL,0.07,NULL,0.07,'JJG130-2011',1,'7','7',NULL,NULL,'0.07',NULL,'0.07'),(182,2,'20131121003','RG024','21.3','29','本院3504房间','2013-11-21 12:44:44',20,-10,-10,NULL,NULL,-0.1,NULL,0,'JJG130-2011',1,'-10','-10',NULL,NULL,'-0.10',NULL,'0.00'),(183,16,'20131121004','RG024','21.5','29','本院3504房间','2013-11-21 12:50:25',-10,17,17,NULL,NULL,0.17,NULL,0.13,'JJG130-2011',1,'17','17',NULL,NULL,'0.17',NULL,'0.13'),(184,5,'20131121005','RG024','21.5','29','本院3504房间','2013-11-21 12:52:52',150,0,0,NULL,NULL,0,NULL,0.03,'JJG130-2011',1,'0','0',NULL,NULL,'0.00',NULL,'0.03'),(185,2,'20131121006','RG024','21.5','29','本院3504房间','2013-11-21 12:58:11',40,8,8,NULL,NULL,0.08,NULL,0.08,'JJG130-2011',1,'8','8',NULL,NULL,'0.08',NULL,'0.08'),(186,2,'20131121007','RG024','21.9','29','本院3504房间','2013-11-21 13:00:32',40,7,7,NULL,NULL,0.07,NULL,0.07,'JJG130-2011',1,'7','7',NULL,NULL,'0.07',NULL,'0.07'),(187,2,'20131121008','RG024','21.9','29','本院3504房间','2013-11-21 13:13:48',40,8,8,NULL,NULL,0.08,NULL,0.08,'JJG130-2011',1,'8','8',NULL,NULL,'0.08',NULL,'0.08'),(188,16,'20131121009','RG024','21.9','29','本院3504房间','2013-11-21 13:20:41',-20,19,19,NULL,NULL,0.19,NULL,0.14,'JJG130-2011',1,'19','19',NULL,NULL,'0.19',NULL,'0.14'),(189,4,'20131121010','RG024','21.9','29','本院3504房间','2013-11-21 13:25:52',100,-11,-11,NULL,NULL,-0.11,NULL,-0.02,'JJG130-2011',1,'-11','-11',NULL,NULL,'-0.11',NULL,'-0.02'),(190,2,'20131121011','RG024','21.9','29','本院3504房间','2013-11-21 13:36:08',20,-10,-10,NULL,NULL,-0.1,NULL,0,'JJG130-2011',1,'-10','-10',NULL,NULL,'-0.10',NULL,'0.00'),(191,16,'20131121012','RG024','21.9','29','本院3504房间','2013-11-21 14:08:40',-30,-8,-8,NULL,NULL,-0.08,NULL,0.03,'JJG130-2011',1,'-8','-8',NULL,NULL,'-0.08',NULL,'0.03'),(192,2,'20131121013','RG024','21.9','29','本院3504房间','2013-11-21 14:12:04',50,0,0,NULL,NULL,0,NULL,0.07,'JJG130-2011',1,'0','0',NULL,NULL,'0.00',NULL,'0.07'),(193,2,'20131121014','RG024','21.9','29','本院3504房间','2013-11-21 14:13:44',50,0,0,NULL,NULL,0,NULL,0.07,'JJG130-2011',1,'0','0',NULL,NULL,'0.00',NULL,'0.07'),(194,16,'20131121015','RG024','21.9','29','本院3504房间','2013-11-21 14:22:47',-30,-8,-8,NULL,NULL,-0.08,NULL,0.03,'JJG130-2011',1,'-8','-8',NULL,NULL,'-0.08',NULL,'0.03'),(195,2,'20131121016','RG024','21.9','29','本院3504房间','2013-11-21 14:26:07',50,0,0,NULL,NULL,0,NULL,0.07,'JJG130-2011',1,'0','0',NULL,NULL,'0.00',NULL,'0.07'),(196,16,'20131121017','RG024','21.9','29','本院3504房间','2013-11-21 14:29:50',-30,-8,-8,NULL,NULL,-0.08,NULL,0.03,'JJG130-2011',1,'-8','-8',NULL,NULL,'-0.08',NULL,'0.03'),(197,2,'20131121018','RG024','21.9','29','本院3504房间','2013-11-21 14:48:26',30,-5,-5,NULL,NULL,-0.05,NULL,0.02,'JJG130-2011',1,'-5','-5',NULL,NULL,'-0.05',NULL,'0.02'),(198,2,'20131121019','RG024','21.9','29','本院3504房间','2013-11-21 14:50:51',50,0,0,NULL,NULL,0,NULL,0.07,'JJG130-2011',1,'0','0',NULL,NULL,'0.00',NULL,'0.07'),(199,2,'20131121020','RG024','21.9','29','本院3504房间','2013-11-21 14:51:56',50,0,0,NULL,NULL,0,NULL,0.07,'JJG130-2011',1,'0','0',NULL,NULL,'0.00',NULL,'0.07'),(200,6,'20131121021','RG024','20.9','29','本院3504房间','2013-11-21 14:55:32',200,3,3,NULL,NULL,0.03,NULL,-0.01,'JJG130-2011',1,'3','3',NULL,NULL,'0.03',NULL,'-0.01'),(201,6,'20131121022','RG024','21.6','30','本院3504房间','2013-11-21 14:56:20',200,3,3,NULL,NULL,0.03,NULL,-0.01,'JJG130-2011',1,'3','3',NULL,NULL,'0.03',NULL,'-0.01'),(202,2,'20131121023','RG024','21.9','30','本院3504房间','2013-11-21 15:01:48',50,0,0,NULL,NULL,0,NULL,0.07,'JJG130-2011',1,'0','0',NULL,NULL,'0.00',NULL,'0.07'),(203,2,'20131121024','RG024','21.9','30','本院3504房间','2013-11-21 15:02:39',50,0,0,NULL,NULL,0,NULL,0.07,'JJG130-2011',1,'0','0',NULL,NULL,'0.00',NULL,'0.07'),(204,6,'20131121025','RG024','21.9','30','本院3504房间','2013-11-21 15:19:36',200,3,3,NULL,NULL,0.03,NULL,-0.01,'JJG130-2011',1,'3','3',NULL,NULL,'0.03',NULL,'-0.01'),(205,6,'20131121026','RG024','21.9','30','本院3504房间','2013-11-21 15:21:11',200,3,3,NULL,NULL,0.03,NULL,-0.01,'JJG130-2011JJG131-2004',1,'3','3',NULL,NULL,'0.03',NULL,'-0.01'),(206,2,'20131121027','RG024','21.9','29','本院3504房间','2013-11-21 15:27:42',30,-5,-5,NULL,NULL,-0.05,NULL,0.02,'JJG130-2011',1,'-5','-5',NULL,NULL,'-0.05',NULL,'0.02'),(207,2,'20131121028','RG024','21.9','30','本院3504房间','2013-11-21 15:47:53',50,0,0,NULL,NULL,0,NULL,0.07,'JJG130-2011',1,'0','0',NULL,NULL,'0.00',NULL,'0.07'),(208,2,'20131121029','RG024','21.9','30','本院3504房间','2013-11-21 15:48:47',50,0,0,NULL,NULL,0,NULL,0.07,'JJG130-2011',1,'0','0',NULL,NULL,'0.00',NULL,'0.07'),(209,2,'20131121030','RG024','21.9','30','本院3504房间','2013-11-21 15:53:13',30,-3,-3,NULL,NULL,-0.03,NULL,0.04,'JJG130-2011',1,'-3','-3',NULL,NULL,'-0.03',NULL,'0.04'),(210,2,'20131121031','RG024','21.9','30','本院3504房间','2013-11-21 16:18:26',30,-2,-2,NULL,NULL,-0.02,NULL,0.05,'JJG130-2011',1,'-2','-2',NULL,NULL,'-0.02',NULL,'0.05'),(211,2,'20131121032','RG024','21.9','30','本院3504房间','2013-11-21 16:21:08',50,0,0,NULL,NULL,0,NULL,0.07,'JJG130-2011',1,'0','0',NULL,NULL,'0.00',NULL,'0.07'),(212,2,'20131121033','RG024','21.9','29','本院3504房间','2013-11-21 16:25:42',30,-2,-2,NULL,NULL,-0.02,NULL,0.05,'JJG130-2011',1,'-2','-2',NULL,NULL,'-0.02',NULL,'0.05'),(213,2,'20131121034','RG024','21.9','30','本院3504房间','2013-11-21 16:34:41',30,-2,-2,NULL,NULL,-0.02,NULL,0.05,'JJG130-2011',1,'-2','-2',NULL,NULL,'-0.02',NULL,'0.05'),(214,2,'20131121035','RG024','21.9','30','本院3504房间','2013-11-21 16:37:19',50,0,0,NULL,NULL,0,NULL,0.07,'JJG130-2011',1,'0','0',NULL,NULL,'0.00',NULL,'0.07'),(215,2,'20131121036','RG024','21.9','30','本院3504房间','2013-11-21 16:38:27',50,0,0,NULL,NULL,0,NULL,0.07,'JJG130-2011',1,'0','0',NULL,NULL,'0.00',NULL,'0.07'),(216,2,'20131121037','RG024','21.9','30','本院3504房间','2013-11-21 16:48:50',50,0,0,NULL,NULL,0,NULL,0.07,'JJG130-2011',1,'0','0',NULL,NULL,'0.00',NULL,'0.07'),(217,2,'20131121038','RG024','21.9','30','本院3504房间','2013-11-21 16:50:06',50,0,0,NULL,NULL,0,NULL,0.07,'JJG130-2011',1,'0','0',NULL,NULL,'0.00',NULL,'0.07'),(218,7,'20131121039','RG024','21.9','30','本院3504房间','2013-11-21 16:58:16',300,20,20,NULL,NULL,0.2,NULL,-0.04,'JJG130-2011',1,'20','20',NULL,NULL,'0.20',NULL,'-0.04'),(219,7,'20131121040','RG024','21.9','30','本院3504房间','2013-11-21 17:00:33',300,20,20,NULL,NULL,0.2,NULL,-0.04,'JJG130-2011',1,'20','20',NULL,NULL,'0.20',NULL,'-0.04'),(220,2,'20131121041','RG024','21.9','29','本院3504房间','2013-11-21 17:24:23',40,7,7,NULL,NULL,0.07,NULL,0.07,'JJG130-2011',1,'7','7',NULL,NULL,'0.07',NULL,'0.07'),(221,2,'20131121042','RG024','21.9','30','本院3504房间','2013-11-21 17:33:30',37,0,0,NULL,NULL,0,NULL,0.02,'JJG130-2011',1,'0','0',NULL,NULL,'0.00',NULL,'0.02'),(223,2,'20131121043','RG024','21.9','30','本院3504房间','2013-11-21 17:54:55',41,7,7,NULL,NULL,0.07,NULL,0.07,'JJG130-2011',1,'7','7',NULL,NULL,'0.07',NULL,'0.07'),(224,2,'20131121044','RG024','21.9','30','本院3504房间','2013-11-21 17:56:21',40,0,0,NULL,NULL,0,NULL,0,'JJG130-2011',1,'0','0',NULL,NULL,'0.00',NULL,'0.00'),(225,NULL,'20131122001','RG024','22.5','29','本院3504房间','2013-11-22 13:43:44',0,NULL,NULL,NULL,NULL,NULL,NULL,NULL,'JJG130-2011',1,NULL,NULL,NULL,NULL,NULL,NULL,NULL),(226,NULL,'20131122002','RG024','22.5','25','本院3504房间','2013-11-22 13:45:57',0,NULL,NULL,NULL,NULL,NULL,NULL,NULL,'JJG130-2011',1,NULL,NULL,NULL,NULL,NULL,NULL,NULL),(227,NULL,'20131122003','RG024','22.5','25','本院3504房间','2013-11-22 13:48:09',0,NULL,NULL,NULL,NULL,NULL,NULL,NULL,'JJG130-2011',1,NULL,NULL,NULL,NULL,NULL,NULL,NULL),(228,NULL,'20131122004','RG024','22.5','25','本院3504房间','2013-11-22 14:12:47',0,NULL,NULL,NULL,NULL,NULL,NULL,NULL,'JJG130-2011',1,NULL,NULL,NULL,NULL,NULL,NULL,NULL),(229,16,'20131122005','RG024','22.5','25','本院3504房间','2013-11-22 14:22:08',-50,-10,-10,NULL,NULL,-0.1,NULL,0,'JJG130-2011',1,'-10','-10',NULL,NULL,'-0.10',NULL,'0.00'),(230,16,'20131122006','RG024','22.5','25','本院3504房间','2013-11-22 14:23:14',-50,-10,-10,NULL,NULL,-0.1,NULL,0,'JJG130-2011',1,'-10','-10',NULL,NULL,'-0.10',NULL,'0.00'),(231,3,'20131122007','RG024','22.5','25','本院3504房间','2013-11-22 14:25:11',60,10,10,NULL,NULL,0.1,NULL,0.15,'JJG130-2011',1,'10','10',NULL,NULL,'0.10',NULL,'0.15'),(232,3,'20131122008','RG024','22.5','25','本院3504房间','2013-11-22 14:26:05',70,2,2,NULL,NULL,0.02,NULL,0.02,'JJG130-2011',1,'2','2',NULL,NULL,'0.02',NULL,'0.02'),(233,16,'20131122009','RG024','22.5','25','本院3504房间','2013-11-22 14:32:49',-50,-10,-10,NULL,NULL,-0.1,NULL,0,'JJG130-2011',1,'-10','-10',NULL,NULL,'-0.10',NULL,'0.00'),(234,16,'20131122010','RG024','22.5','17','本院3504房间','2013-11-22 14:48:17',-50,-10,-10,NULL,NULL,-0.1,NULL,0,'JJG130-2011',1,'-10','-10',NULL,NULL,'-0.10',NULL,'0.00'),(235,16,'20131122011','RG024','22.5','17','本院3504房间','2013-11-22 14:49:28',-50,-10,-10,NULL,NULL,-0.1,NULL,0,'JJG130-2011',1,'-10','-10',NULL,NULL,'-0.10',NULL,'0.00'),(236,3,'20131122012','RG024','22.5','17','本院3504房间','2013-11-22 14:51:44',80,0,0,NULL,NULL,0,NULL,0,'JJG130-2011',1,'0','0',NULL,NULL,'0.00',NULL,'0.00'),(237,NULL,'20131122013','RG024','22.5','17','本院3504房间','2013-11-22 14:53:40',0,NULL,NULL,NULL,NULL,NULL,NULL,NULL,'JJG130-2011',1,NULL,NULL,NULL,NULL,NULL,NULL,NULL),(238,NULL,'20131122014','RG024','22.5','17','本院3504房间','2013-11-22 14:55:08',0,NULL,NULL,NULL,NULL,NULL,NULL,NULL,'JJG130-2011',1,NULL,NULL,NULL,NULL,NULL,NULL,NULL),(239,NULL,'20131122015','RG024','22.5','17','本院3504房间','2013-11-22 14:57:43',0,NULL,NULL,NULL,NULL,NULL,NULL,NULL,'JJG130-2011',1,NULL,NULL,NULL,NULL,NULL,NULL,NULL),(240,16,'20131122016','RG024','22.5','17','本院3504房间','2013-11-22 15:00:53',-50,-10,-10,NULL,NULL,-0.1,NULL,0,'JJG130-2011',1,'-10','-10',NULL,NULL,'-0.10',NULL,'0.00'),(241,16,'20131122017','RG024','22.5','17','本院3504房间','2013-11-22 15:02:35',-50,-10,-10,NULL,NULL,-0.1,NULL,0,'JJG130-2011',1,'-10','-10',NULL,NULL,'-0.10',NULL,'0.00'),(242,16,'20131122018','RG024','22.5','17','本院3504房间','2013-11-22 15:19:02',-50,-10,-10,NULL,NULL,-0.1,NULL,0,'JJG130-2011',1,'-10','-10',NULL,NULL,'-0.10',NULL,'0.00'),(243,16,'20131122019','RG024','22.5','17','本院3504房间','2013-11-22 15:20:06',-50,-10,-10,NULL,NULL,-0.1,NULL,0,'JJG130-2011',1,'-10','-10',NULL,NULL,'-0.10',NULL,'0.00'),(244,3,'20131122020','RG024','22.5','17','本院3504房间','2013-11-22 15:57:10',90,0,0,NULL,NULL,0,NULL,0,'JJG130-2011',1,'0','0',NULL,NULL,'0.00',NULL,'0.00'),(245,NULL,'20131122021','RG024','22.5','17','本院3504房间','2013-11-22 15:58:35',0,NULL,NULL,NULL,NULL,NULL,NULL,NULL,'JJG130-2011',1,NULL,NULL,NULL,NULL,NULL,NULL,NULL),(246,NULL,'20131122022','RG024','22.5','17','本院3504房间','2013-11-22 15:59:11',0,NULL,NULL,NULL,NULL,NULL,NULL,NULL,'JJG130-2011',1,NULL,NULL,NULL,NULL,NULL,NULL,NULL),(247,NULL,'20131122023','RG024','22.5','17','本院3504房间','2013-11-22 16:11:59',0,NULL,NULL,NULL,NULL,NULL,NULL,NULL,'JJG130-2011',1,NULL,NULL,NULL,NULL,NULL,NULL,NULL),(248,NULL,'20131122024','RG024','22.5','17','本院3504房间','2013-11-22 16:17:13',0,NULL,NULL,NULL,NULL,NULL,NULL,NULL,'JJG130-2011',1,NULL,NULL,NULL,NULL,NULL,NULL,NULL),(249,NULL,'20131122025','RG024','22.5','17','本院3504房间','2013-11-22 16:18:02',0,NULL,NULL,NULL,NULL,NULL,NULL,NULL,'JJG130-2011',1,NULL,NULL,NULL,NULL,NULL,NULL,NULL),(250,NULL,'20131122026','RG024','22.5','17','本院3504房间','2013-11-22 16:53:51',0,NULL,NULL,NULL,NULL,NULL,NULL,NULL,'JJG130-2011',1,NULL,NULL,NULL,NULL,NULL,NULL,NULL),(251,NULL,'20131122027','RG024','22.5','17','本院3504房间','2013-11-22 16:55:35',0,NULL,NULL,NULL,NULL,NULL,NULL,NULL,'JJG130-2011',1,NULL,NULL,NULL,NULL,NULL,NULL,NULL),(252,NULL,'20131122028','RG024','22.5','17','本院3504房间','2013-11-22 16:57:29',0,NULL,NULL,NULL,NULL,NULL,NULL,NULL,'JJG130-2011',1,NULL,NULL,NULL,NULL,NULL,NULL,NULL),(253,NULL,'20131122029','RG024','22.5','17','本院3504房间','2013-11-22 17:10:49',0,NULL,NULL,NULL,NULL,NULL,NULL,NULL,'JJG130-2011',1,NULL,NULL,NULL,NULL,NULL,NULL,NULL),(254,NULL,'20131122030','RG024','22.5','17','本院3504房间','2013-11-22 17:11:30',0,NULL,NULL,NULL,NULL,NULL,NULL,NULL,'JJG130-2011',1,NULL,NULL,NULL,NULL,NULL,NULL,NULL),(255,NULL,'20131122031','RG024','22.5','17','本院3504房间','2013-11-22 17:48:35',0,NULL,NULL,NULL,NULL,NULL,NULL,NULL,'JJG130-2011',1,NULL,NULL,NULL,NULL,NULL,NULL,NULL),(256,NULL,'20131122032','RG024','22.5','17','本院3504房间','2013-11-22 17:50:41',0,NULL,NULL,NULL,NULL,NULL,NULL,NULL,'JJG130-2011',1,NULL,NULL,NULL,NULL,NULL,NULL,NULL),(257,2,'20131122033','RG024','22.5','17','本院3504房间','2013-11-22 17:54:21',50,0,0,NULL,NULL,0,NULL,0.07,'JJG130-2011',1,'0','0',NULL,NULL,'0.00',NULL,'0.07'),(258,NULL,'20131122034','RG024','22.5','17','本院3504房间','2013-11-22 18:02:02',0,NULL,NULL,NULL,NULL,NULL,NULL,NULL,'JJG130-2011',1,NULL,NULL,NULL,NULL,NULL,NULL,NULL),(259,NULL,'20131122035','RG024','22.5','17','本院3504房间','2013-11-22 18:03:02',0,NULL,NULL,NULL,NULL,NULL,NULL,NULL,'JJG130-2011',1,NULL,NULL,NULL,NULL,NULL,NULL,NULL),(260,16,'20131122036','RG024','22.5','17','本院3504房间','2013-11-22 18:11:16',-50,-10,-10,NULL,NULL,-0.1,NULL,0,'JJG130-2011',1,'-10','-10',NULL,NULL,'-0.10',NULL,'0.00'),(261,2,'20131204001','RG024','20.6','32','本院3504房间','2013-12-04 15:19:07',40,0,0,NULL,NULL,0,NULL,0,'JJG130-2011',1,'0','0',NULL,NULL,'0.00',NULL,'0.00'),(262,2,'20131204002','RG024','20.6','32','本院3504房间','2013-12-04 15:21:43',10,-16,-16,NULL,NULL,-0.16,NULL,-0.03,'JJG130-2011',1,'-16','-16',NULL,NULL,'-0.16',NULL,'-0.03'),(263,2,'20131204003','RG024','20.6','32','本院3504房间','2013-12-04 15:39:38',2,-14,-14,NULL,NULL,-0.14,NULL,-0.11,'JJG130-2011',1,'-14','-14',NULL,NULL,'-0.14',NULL,'-0.11'),(264,4,'20131204004','RG024','21.6','32','本院3504房间','2013-12-04 15:41:49',100,9,9,NULL,NULL,0.09,NULL,0.18,'JJG130-2011',1,'9','9',NULL,NULL,'0.09',NULL,'0.18'),(265,4,'20131204005','RG024','20.6','32','本院3504房间','2013-12-04 15:48:14',100,9,9,NULL,NULL,0.09,NULL,0.18,'JJG130-2011',1,'9','9',NULL,NULL,'0.09',NULL,'0.18'),(266,4,'20131204006','RG024','20.6','32','本院3504房间','2013-12-04 16:21:19',100,9,9,NULL,NULL,0.09,NULL,0.18,'JJG130-2011',1,'9','9',NULL,NULL,'0.09',NULL,'0.18'),(267,2,'20131204007','RG024','20.3','32','本院3504房间','2013-12-04 16:27:50',40,4,4,NULL,NULL,0.04,NULL,0.04,'JJG130-2011',1,'4','4',NULL,NULL,'0.04',NULL,'0.04'),(268,2,'20131204008','RG024','20.6','32','本院3504房间','2013-12-04 16:32:02',20,-10,-10,NULL,NULL,-0.1,NULL,0,'JJG130-2011',1,'-10','-10',NULL,NULL,'-0.10',NULL,'0.00'),(269,2,'20131204009','RG024','20.6','32','本院3504房间','2013-12-04 16:42:55',20,-10,-10,NULL,NULL,-0.1,NULL,0,'JJG130-2011',1,'-10','-10',NULL,NULL,'-0.10',NULL,'0.00'),(270,2,'20131204010','RG024','20.6','32','本院3504房间','2013-12-04 16:47:07',4,-13,-13,NULL,NULL,-0.13,NULL,-0.08,'JJG130-2011',1,'-13','-13',NULL,NULL,'-0.13',NULL,'-0.08'),(271,4,'20131204011','RG024','20.6','32','本院3504房间','2013-12-04 16:52:01',100,9,9,NULL,NULL,0.09,NULL,0.18,'JJG130-2011',1,'9','9',NULL,NULL,'0.09',NULL,'0.18'),(272,4,'20131204012','RG024','20.6','32','本院3504房间','2013-12-04 16:54:56',100,9,9,NULL,NULL,0.09,NULL,0.18,'JJG130-2011',1,'9','9',NULL,NULL,'0.09',NULL,'0.18'),(273,2,'20131204013','RG024','20.6','32','本院3504房间','2013-12-04 16:58:38',5,-13,-13,NULL,NULL,-0.13,NULL,-0.06,'JJG130-2011',1,'-13','-13',NULL,NULL,'-0.13',NULL,'-0.06'),(274,2,'20131204014','RG024','20.6','32','本院3504房间','2013-12-04 16:59:51',20,-10,-10,NULL,NULL,-0.1,NULL,0,'JJG130-2011',1,'-10','-10',NULL,NULL,'-0.10',NULL,'0.00'),(275,2,'20131204015','RG024','20.6','32','本院3504房间','2013-12-04 17:25:43',8,-18,-18,NULL,NULL,-0.18,NULL,-0.08,'JJG130-2011',1,'-18','-18',NULL,NULL,'-0.18',NULL,'-0.08'),(276,4,'20131205001','RG024','19.8','37','本院3504房间','2013-12-05 10:03:30',110,-5,-5,NULL,NULL,-0.05,NULL,0,'JJG130-2011',1,'-5','-5',NULL,NULL,'-0.05',NULL,'0.00'),(277,2,'20131205002','RG024','19.8','37','本院3504房间','2013-12-05 10:12:21',25,-8,-8,NULL,NULL,-0.08,NULL,0,'JJG130-2011',1,'-8','-8',NULL,NULL,'-0.08',NULL,'0.00'),(278,2,'20131205003','RG024','19.8','37','本院3504房间','2013-12-05 11:04:49',25,-8,-8,NULL,NULL,-0.08,NULL,0,'JJG130-2011',1,'-8','-8',NULL,NULL,'-0.08',NULL,'0.00'),(279,2,'20131205004','RG024','20.6','37','本院3504房间','2013-12-05 11:07:36',40,3,3,NULL,NULL,0.03,NULL,0.03,'JJG130-2011',1,'3','3',NULL,NULL,'0.03',NULL,'0.03'),(280,4,'20131205005','RG024','20.6','37','本院3504房间','2013-12-05 11:12:30',120,0,0,NULL,NULL,0,NULL,0.04,'JJG130-2011',1,'0','0',NULL,NULL,'0.00',NULL,'0.04'),(281,2,'20131205006','RG024','20.6','37','本院3504房间','2013-12-05 11:30:44',40,3,3,NULL,NULL,0.03,NULL,0.03,'JJG130-2011',1,'3','3',NULL,NULL,'0.03',NULL,'0.03'),(282,2,'20131205007','RG024','20.6','37','本院3504房间','2013-12-05 11:32:31',30,-5,-5,NULL,NULL,-0.05,NULL,0.02,'JJG130-2011',1,'-5','-5',NULL,NULL,'-0.05',NULL,'0.02'),(283,2,'20131205008','RG024','20.6','37','本院3504房间','2013-12-05 14:35:21',30,-5,-5,NULL,NULL,-0.05,NULL,0.02,'JJG130-2011',1,'-5','-5',NULL,NULL,'-0.05',NULL,'0.02'),(284,6,'20131205009','RG024','20.6','37','本院3504房间','2013-12-05 14:38:24',200,3,3,NULL,NULL,0.03,NULL,-0.01,'JJG130-2011',1,'3','3',NULL,NULL,'0.03',NULL,'-0.01'),(285,2,'20131205010','RG024','20.6','37','本院3504房间','2013-12-05 14:44:31',50,0,0,NULL,NULL,0,NULL,0.07,'JJG130-2011',1,'0','0',NULL,NULL,'0.00',NULL,'0.07'),(286,6,'20131205011','RG024','21','37','本院3504房间','2013-12-05 14:55:24',200,3,3,NULL,NULL,0.03,NULL,-0.01,'JJG130-2011',1,'3','3',NULL,NULL,'0.03',NULL,'-0.01'),(287,6,'20131205012','RG024','21','37','本院3504房间','2013-12-05 14:55:50',200,3,3,NULL,NULL,0.03,NULL,-0.01,'JJG130-2011',1,'3','3',NULL,NULL,'0.03',NULL,'-0.01'),(288,2,'20131205013','RG024','21','37','本院3504房间','2013-12-05 14:57:33',30,-5,-5,NULL,NULL,-0.05,NULL,0.02,'JJG130-2011',1,'-5','-5',NULL,NULL,'-0.05',NULL,'0.02'),(289,2,'20131205014','RG024','21','37','本院3504房间','2013-12-05 14:59:59',50,0,0,NULL,NULL,0,NULL,0.07,'JJG130-2011',1,'0','0',NULL,NULL,'0.00',NULL,'0.07'),(290,2,'20131205015','RG024','21','37','本院3504房间','2013-12-05 15:00:44',50,0,0,NULL,NULL,0,NULL,0.07,'JJG130-2011',1,'0','0',NULL,NULL,'0.00',NULL,'0.07'),(291,2,'20131205016','RG024','21','37','本院3504房间','2013-12-05 15:11:33',50,0,0,NULL,NULL,0,NULL,0.07,'JJG130-2011',1,'0','0',NULL,NULL,'0.00',NULL,'0.07'),(292,2,'20131205017','RG024','21','37','本院3504房间','2013-12-05 15:42:51',20,-10,-10,NULL,NULL,-0.1,NULL,0,'JJG130-2011',1,'-10','-10',NULL,NULL,'-0.10',NULL,'0.00'),(293,16,'20131205018','RG024','21.6','37','本院3504房间','2013-12-05 15:46:53',-25,4,4,NULL,NULL,0.04,NULL,0.08,'JJG130-2011',1,'4','4',NULL,NULL,'0.04',NULL,'0.08'),(294,7,'20131205019','RG024','21.9','37','本院3504房间','2013-12-05 15:48:36',250,20,20,NULL,NULL,0.2,NULL,-0.01,'JJG130-2011',1,'20','20',NULL,NULL,'0.20',NULL,'-0.01'),(295,7,'20131205020','RG024','21','37','本院3504房间','2013-12-05 16:21:26',300,20,20,NULL,NULL,0.2,NULL,-0.04,'JJG130-2011',1,'20','20',NULL,NULL,'0.20',NULL,'-0.04'),(296,7,'20131205021','RG024','21.1','37','本院3504房间','2013-12-05 16:22:01',300,20,20,NULL,NULL,0.2,NULL,-0.04,'JJG130-2011',1,'20','20',NULL,NULL,'0.20',NULL,'-0.04'),(297,2,'20131205022','RG024','21.1','37','本院3504房间','2013-12-05 16:26:30',35,-3,-3,NULL,NULL,-0.03,NULL,0,'JJG130-2011',1,'-3','-3',NULL,NULL,'-0.03',NULL,'0.00'),(298,16,'20131205023','RG024','21.1','37','本院3504房间','2013-12-05 16:33:21',-50,-15,-15,NULL,NULL,-0.15,NULL,-0.05,'JJG130-2011',1,'-15','-15',NULL,NULL,'-0.15',NULL,'-0.05'),(299,2,'20131206001','RG024','20.6','34','本院3504房间','2013-12-06 10:46:17',50,0,0,NULL,NULL,0,NULL,0.07,'JJG130-2011',1,'0','0',NULL,NULL,'0.00',NULL,'0.07'),(300,4,'20131206002','RG024','20.6','34','本院3504房间','2013-12-06 10:46:45',100,9,9,NULL,NULL,0.09,NULL,0.18,'JJG130-2011',1,'9','9',NULL,NULL,'0.09',NULL,'0.18'),(301,4,'20131206003','RG024','20.6','34','本院3504房间','2013-12-06 10:56:11',100,9,9,NULL,NULL,0.09,NULL,0.18,'JJG130-2011',1,'9','9',NULL,NULL,'0.09',NULL,'0.18'),(302,2,'20131206004','RG024','20.6','37','本院3504房间','2013-12-06 11:18:20',5,-15,-15,NULL,NULL,-0.15,NULL,-0.08,'JJG130-2011',1,'-15','-15',NULL,NULL,'-0.15',NULL,'-0.08'),(303,NULL,'20131206005','RG024','20.6','37','本院3504房间','2013-12-06 11:20:41',0,NULL,NULL,NULL,NULL,NULL,NULL,NULL,'JJG130-2011',1,NULL,NULL,NULL,NULL,NULL,NULL,NULL),(304,NULL,'20131206006','RG024','20.6','37','本院3504房间','2013-12-06 11:22:31',0,NULL,NULL,NULL,NULL,NULL,NULL,NULL,'JJG130-2011',1,NULL,NULL,NULL,NULL,NULL,NULL,NULL),(305,NULL,'20131206007','RG024','20.6','37','本院3504房间','2013-12-06 11:23:45',0,NULL,NULL,NULL,NULL,NULL,NULL,NULL,'JJG130-2011',1,NULL,NULL,NULL,NULL,NULL,NULL,NULL),(306,NULL,'20131206008','RG024','20.6','37','本院3504房间','2013-12-06 11:38:49',0,NULL,NULL,NULL,NULL,NULL,NULL,NULL,'JJG130-2011',1,NULL,NULL,NULL,NULL,NULL,NULL,NULL),(307,NULL,'20131206009','RG024','20.6','37','本院3504房间','2013-12-06 11:39:24',0,NULL,NULL,NULL,NULL,NULL,NULL,NULL,'JJG130-2011',1,NULL,NULL,NULL,NULL,NULL,NULL,NULL),(308,NULL,'20131206010','RG024','20.6','37','本院3504房间','2013-12-06 11:51:49',0,NULL,NULL,NULL,NULL,NULL,NULL,NULL,'JJG130-2011',1,NULL,NULL,NULL,NULL,NULL,NULL,NULL),(309,2,'20131218001','RG024','19.8','30','本院3504房间','2013-12-18 10:13:59',10,-17,-17,NULL,NULL,-0.17,NULL,-0.04,'JJG130-2011',1,'-17','-17',NULL,NULL,'-0.17',NULL,'-0.04'),(310,16,'20131218002','RG024','19.8','30','本院3504房间','2013-12-18 10:23:54',-10,7,7,NULL,NULL,0.07,NULL,0.03,'JJG130-2011',1,'7','7',NULL,NULL,'0.07',NULL,'0.03'),(311,4,'20131218003','RG024','16.8','24','本院3504房间','2013-12-18 10:28:04',100,8,8,NULL,NULL,0.08,NULL,0.17,'JJG130-2011',1,'8','8',NULL,NULL,'0.08',NULL,'0.17'),(312,4,'20131218004','RG024','16.5','25','本院3504房间','2013-12-18 10:40:00',100,8,8,NULL,NULL,0.08,NULL,0.17,'JJG130-2011',1,'8','8',NULL,NULL,'0.08',NULL,'0.17'),(313,4,'20131218005','RG024','16.5','25','本院3504房间','2013-12-18 10:44:49',100,8,8,NULL,NULL,0.08,NULL,0.17,'JJG130-2011',1,'8','8',NULL,NULL,'0.08',NULL,'0.17'),(314,2,'20131218006','RG024','19.8','30','本院3504房间','2013-12-18 10:45:36',40,0,0,NULL,NULL,0,NULL,0,'JJG130-2011',1,'0','0',NULL,NULL,'0.00',NULL,'0.00'),(315,2,'20131218007','RG024','16.7','23','本院3504房间','2013-12-18 10:54:05',20,-10,-10,NULL,NULL,-0.1,NULL,0,'JJG130-2011',1,'-10','-10',NULL,NULL,'-0.10',NULL,'0.00'),(316,2,'20131218008','RG024','16.5','25','本院3504房间','2013-12-18 11:00:09',40,0,0,NULL,NULL,0,NULL,0,'JJG130-2011',1,'0','0',NULL,NULL,'0.00',NULL,'0.00'),(317,16,'20131218009','RG024','16.5','23','本院3504房间','2013-12-18 11:01:54',-20,10,10,NULL,NULL,0.1,NULL,0.05,'JJG130-2011',1,'10','10',NULL,NULL,'0.10',NULL,'0.05'),(318,4,'20131218010','RG024','16.5','23','本院3504房间','2013-12-18 11:08:57',100,1,1,NULL,NULL,0.01,NULL,0.1,'JJG130-2011',1,'1','1',NULL,NULL,'0.01',NULL,'0.10'),(319,2,'20131218011','RG024','16.5','23','本院3504房间','2013-12-18 11:11:51',20,-10,-10,NULL,NULL,-0.1,NULL,0,'JJG130-2011',1,'-10','-10',NULL,NULL,'-0.10',NULL,'0.00'),(320,2,'20131218012','RG024','16.5','23','本院3504房间','2013-12-18 11:20:26',20,-10,-10,NULL,NULL,-0.1,NULL,0,'JJG130-2011',1,'-10','-10',NULL,NULL,'-0.10',NULL,'0.00'),(321,2,'20131218013','RG024','16.5','23','本院3504房间','2013-12-18 11:22:53',40,5,5,NULL,NULL,0.05,NULL,0.05,'JJG130-2011',1,'5','5',NULL,NULL,'0.05',NULL,'0.05'),(322,16,'20131218014','RG024','16.5','23','本院3504房间','2013-12-18 12:30:26',-30,-13,-13,NULL,NULL,-0.13,NULL,-0.01,'JJG130-2011',1,'-13','-13',NULL,NULL,'-0.13',NULL,'-0.01'),(323,2,'20131218015','RG024','16.5','23','本院3504房间','2013-12-18 12:34:19',50,0,0,NULL,NULL,0,NULL,0.07,'JJG130-2011',1,'0','0',NULL,NULL,'0.00',NULL,'0.07'),(324,2,'20131218016','RG024','16.5','23','本院3504房间','2013-12-18 12:39:59',50,0,0,NULL,NULL,0,NULL,0.07,'JJG130-2011',1,'0','0',NULL,NULL,'0.00',NULL,'0.07'),(325,2,'20131218017','RG024','16.5','23','本院3504房间','2013-12-18 12:40:47',50,0,0,NULL,NULL,0,NULL,0.07,'JJG130-2011',1,'0','0',NULL,NULL,'0.00',NULL,'0.07'),(326,2,'20131218018','RG024','16.5','23','本院3504房间','2013-12-18 12:45:15',30,-3,-3,NULL,NULL,-0.03,NULL,0.04,'JJG130-2011',1,'-3','-3',NULL,NULL,'-0.03',NULL,'0.04'),(327,6,'20131218019','RG024','16.5','23','本院3504房间','2013-12-18 12:49:36',200,3,3,NULL,NULL,0.03,NULL,-0.01,'JJG130-2011',1,'3','3',NULL,NULL,'0.03',NULL,'-0.01'),(328,6,'20131218020','RG024','16.5','23','本院3504房间','2013-12-18 12:50:19',200,3,3,NULL,NULL,0.03,NULL,-0.01,'JJG130-2011',1,'3','3',NULL,NULL,'0.03',NULL,'-0.01'),(329,2,'20131218021','RG024','16.3','23','本院3504房间','2013-12-18 13:53:21',30,-3,-3,NULL,NULL,-0.03,NULL,0.04,'JJG130-2011',1,'-3','-3',NULL,NULL,'-0.03',NULL,'0.04'),(330,2,'20131218022','RG024','16.5','23','本院3504房间','2013-12-18 13:54:38',30,-3,-3,NULL,NULL,-0.03,NULL,0.04,'JJG130-2011',1,'-3','-3',NULL,NULL,'-0.03',NULL,'0.04'),(331,3,'20131218023','RG024','16.5','23','本院3504房间','2013-12-18 13:55:52',60,10,10,NULL,NULL,0.1,NULL,0.15,'JJG130-2011',1,'10','10',NULL,NULL,'0.10',NULL,'0.15'),(332,NULL,'20131218024','RG024','16.5','23','本院3504房间','2013-12-18 15:22:33',0,NULL,NULL,NULL,NULL,NULL,NULL,NULL,'JJG130-2011',1,NULL,NULL,NULL,NULL,NULL,NULL,NULL),(333,NULL,'20131218025','RG024','16.5','23','本院3504房间','2013-12-18 15:24:31',0,NULL,NULL,NULL,NULL,NULL,NULL,NULL,'JJG130-2011',1,NULL,NULL,NULL,NULL,NULL,NULL,NULL),(334,NULL,'20131218026','RG024','16.5','23','本院3504房间','2013-12-18 15:25:22',0,NULL,NULL,NULL,NULL,NULL,NULL,NULL,'JJG130-2011',1,NULL,NULL,NULL,NULL,NULL,NULL,NULL),(335,3,'20131218027','RG024','16.5','23','本院3504房间','2013-12-18 15:26:22',70,3,3,NULL,NULL,0.03,NULL,0.03,'JJG130-2011',1,'3','3',NULL,NULL,'0.03',NULL,'0.03'),(336,7,'20131218028','RG024','16.5','23','本院3504房间','2013-12-18 15:28:19',300,20,20,NULL,NULL,0.2,NULL,-0.04,'JJG130-2011',1,'20','20',NULL,NULL,'0.20',NULL,'-0.04'),(337,NULL,'20131218029','RG024','16.5','23','本院3504房间','2013-12-18 15:55:21',0,NULL,NULL,NULL,NULL,NULL,NULL,NULL,'JJG130-2011',1,NULL,NULL,NULL,NULL,NULL,NULL,NULL),(338,3,'20131218030','RG024','16.5','23','本院3504房间','2013-12-18 15:55:57',80,2,2,NULL,NULL,0.02,NULL,0.02,'JJG130-2011',1,'2','2',NULL,NULL,'0.02',NULL,'0.02'),(339,2,'20131218031','RG024','16.5','23','本院3504房间','2013-12-18 16:01:23',20,-10,-10,NULL,NULL,-0.1,NULL,0,'JJG130-2011',1,'-10','-10',NULL,NULL,'-0.10',NULL,'0.00'),(340,NULL,'20131218032','RG024','16.5','23','本院3504房间','2013-12-18 16:06:15',0,NULL,NULL,NULL,NULL,NULL,NULL,NULL,'JJG130-2011',1,NULL,NULL,NULL,NULL,NULL,NULL,NULL),(341,3,'20131218033','RG024','16.5','23','本院3504房间','2013-12-18 16:51:41',90,0,0,NULL,NULL,0,NULL,0,'JJG130-2011',1,'0','0',NULL,NULL,'0.00',NULL,'0.00'),(342,2,'20140103001','RG024','21.1','19','本院3504房间','2014-01-03 16:35:31',10,-12,-12,NULL,NULL,-0.12,NULL,0,'JJG130-2011',1,'-12','-12',NULL,NULL,'-0.12',NULL,'0.00'),(343,4,'20140103002','RG024','21.2','19','本院3504房间','2014-01-03 16:38:26',100,-9,-9,NULL,NULL,-0.09,NULL,0,'JJG130-2011',1,'-9','-9',NULL,NULL,'-0.09',NULL,'0.00'),(344,4,'20140103003','RG024','21.2','19','本院3504房间','2014-01-03 16:41:34',100,-9,-9,NULL,NULL,-0.09,NULL,0,'JJG130-2011',1,'-9','-9',NULL,NULL,'-0.09',NULL,'0.00'),(345,2,'20140103004','RG024','21.2','19','本院3504房间','2014-01-03 16:46:42',10,-13,-13,NULL,NULL,-0.13,NULL,0,'JJG130-2011',1,'-13','-13',NULL,NULL,'-0.13',NULL,'0.00'),(346,2,'20140103005','RG024','21.2','19','本院3504房间','2014-01-03 16:50:08',40,0,0,NULL,NULL,0,NULL,0,'JJG130-2011',1,'0','0',NULL,NULL,'0.00',NULL,'0.00'),(347,4,'20140103006','RG024','21.2','19','本院3504房间','2014-01-03 17:07:45',100,-9,-9,NULL,NULL,-0.09,NULL,0,'JJG130-2011',1,'-9','-9',NULL,NULL,'-0.09',NULL,'0.00'),(348,4,'20140103007','RG024','21.2','19','本院3504房间','2014-01-03 17:11:28',100,-9,-9,NULL,NULL,-0.09,NULL,0,'JJG130-2011',1,'-9','-9',NULL,NULL,'-0.09',NULL,'0.00'),(349,2,'20140103008','RG024','21.2','19','本院3504房间','2014-01-03 17:24:10',20,-8,-8,NULL,NULL,-0.08,NULL,0.02,'JJG130-2011',1,'-8','-8',NULL,NULL,'-0.08',NULL,'0.02'),(350,4,'20140103009','RG024','21.9','19','本院3504房间','2014-01-03 17:28:35',100,-9,-9,NULL,NULL,-0.09,NULL,0,'JJG130-2011',1,'-9','-9',NULL,NULL,'-0.09',NULL,'0.00'),(351,4,'20140103010','RG024','21.2','19','本院3504房间','2014-01-03 17:30:19',100,-9,-9,NULL,NULL,-0.09,NULL,0,'JJG130-2011',1,'-9','-9',NULL,NULL,'-0.09',NULL,'0.00'),(352,2,'20140103011','RG024','21.2','19','本院3504房间','2014-01-03 17:30:42',40,0,0,NULL,NULL,0,NULL,0,'JJG130-2011',1,'0','0',NULL,NULL,'0.00',NULL,'0.00'),(353,2,'20140103012','RG024','21.2','19','本院3504房间','2014-01-03 17:36:29',20,-8,-8,NULL,NULL,-0.08,NULL,0.02,'JJG130-2011',1,'-8','-8',NULL,NULL,'-0.08',NULL,'0.02'),(354,4,'20140103013','RG024','21.2','19','本院3504房间','2014-01-03 17:39:26',100,-9,-9,NULL,NULL,-0.09,NULL,0,'JJG130-2011',1,'-9','-9',NULL,NULL,'-0.09',NULL,'0.00'),(355,2,'20140104001','RG024','19.3','21','本院3504房间','2014-01-04 12:17:49',40,8,8,NULL,NULL,0.08,NULL,0.08,'JJG130-2011',1,'8','8',NULL,NULL,'0.08',NULL,'0.08'),(356,2,'20140104002','RG024','19.3','19','本院3504房间','2014-01-04 12:29:25',40,7,7,NULL,NULL,0.07,NULL,0.07,'JJG130-2011',1,'7','7',NULL,NULL,'0.07',NULL,'0.07'),(357,4,'20140104003','RG024','19.3','21','本院3504房间','2014-01-04 12:32:36',100,2,2,NULL,NULL,0.02,NULL,0.11,'JJG130-2011',1,'2','2',NULL,NULL,'0.02',NULL,'0.11'),(358,2,'20140104004','RG024','19.3','21','本院3504房间','2014-01-04 12:37:35',20,-8,-8,NULL,NULL,-0.08,NULL,0.01,'JJG130-2011',1,'-8','-8',NULL,NULL,'-0.08',NULL,'0.01'),(359,2,'20140104005','RG024','19.3','21','本院3504房间','2014-01-04 12:51:06',20,-8,-8,NULL,NULL,-0.08,NULL,0.01,'JJG130-2011',1,'-8','-8',NULL,NULL,'-0.08',NULL,'0.01'),(360,4,'20140104006','RG024','19.3','21','本院3504房间','2014-01-04 12:52:23',120,-3,-3,NULL,NULL,-0.03,NULL,0,'JJG130-2011',1,'-3','-3',NULL,NULL,'-0.03',NULL,'0.00'),(361,2,'20140104007','RG024','19.3','21','本院3504房间','2014-01-04 12:57:21',20,-8,-8,NULL,NULL,-0.08,NULL,0.01,'JJG130-2011',1,'-8','-8',NULL,NULL,'-0.08',NULL,'0.01'),(362,2,'20140104008','RG024','19.3','19','本院3504房间','2014-01-04 13:01:05',50,0,0,NULL,NULL,0,NULL,0.07,'JJG130-2011',1,'0','0',NULL,NULL,'0.00',NULL,'0.07'),(363,2,'20140104009','RG024','19.6','21','本院3504房间','2014-01-04 13:20:52',50,0,0,NULL,NULL,0,NULL,0.07,'JJG130-2011',1,'0','0',NULL,NULL,'0.00',NULL,'0.07'),(364,2,'20140104010','RG024','19.3','21','本院3504房间','2014-01-04 13:21:51',50,0,0,NULL,NULL,0,NULL,0.07,'JJG130-2011',1,'0','0',NULL,NULL,'0.00',NULL,'0.07'),(365,2,'20140104011','RG024','19.3','19','本院3504房间','2014-01-04 13:27:08',30,-3,-3,NULL,NULL,-0.03,NULL,0.04,'JJG130-2011',1,'-3','-3',NULL,NULL,'-0.03',NULL,'0.04'),(366,2,'20140104012','RG024','19.3','21','本院3504房间','2014-01-04 13:30:32',50,0,0,NULL,NULL,0,NULL,0.07,'JJG130-2011',1,'0','0',NULL,NULL,'0.00',NULL,'0.07'),(367,2,'20140104013','RG024','19.3','21','本院3504房间','2014-01-04 13:31:29',50,0,0,NULL,NULL,0,NULL,0.07,'JJG130-2011',1,'0','0',NULL,NULL,'0.00',NULL,'0.07'),(368,5,'20140104014','RG024','19.3','21','本院3504房间','2014-01-04 13:33:40',180,-3,-3,NULL,NULL,-0.03,NULL,0.02,'JJG130-2011',1,'-3','-3',NULL,NULL,'-0.03',NULL,'0.02'),(369,2,'20140104015','RG024','19.6','21','本院3504房间','2014-01-04 13:38:31',30,-3,-3,NULL,NULL,-0.03,NULL,0.04,'JJG130-2011',1,'-3','-3',NULL,NULL,'-0.03',NULL,'0.04'),(370,2,'20140104016','RG024','19.6','21','本院3504房间','2014-01-04 13:42:54',50,0,0,NULL,NULL,0,NULL,0.07,'JJG130-2011',1,'0','0',NULL,NULL,'0.00',NULL,'0.07'),(371,2,'20140104017','RG024','19.3','21','本院3504房间','2014-01-04 13:44:24',50,0,0,NULL,NULL,0,NULL,0.07,'JJG130-2011',1,'0','0',NULL,NULL,'0.00',NULL,'0.07'),(372,2,'20140104018','RG024','19.3','21','本院3504房间','2014-01-04 13:59:57',30,-3,-3,NULL,NULL,-0.03,NULL,0.04,'JJG130-2011',1,'-3','-3',NULL,NULL,'-0.03',NULL,'0.04'),(373,6,'20140104019','RG024','19.3','21','本院3504房间','2014-01-04 14:02:15',200,3,3,NULL,NULL,0.03,NULL,-0.02,'JJG130-2011',1,'3','3',NULL,NULL,'0.03',NULL,'-0.02'),(374,6,'20140104020','RG024','19.3','21','本院3504房间','2014-01-04 14:03:05',200,3,3,NULL,NULL,0.03,NULL,-0.02,'JJG130-2011',1,'3','3',NULL,NULL,'0.03',NULL,'-0.02'),(375,16,'20140104021','RG024','20.1','19','本院3504房间','2014-01-04 14:14:09',-20,3,3,NULL,NULL,0.03,NULL,-0.02,'JJG130-2011',1,'3','3',NULL,NULL,'0.03',NULL,'-0.02'),(376,2,'20140104022','RG024','19.6','21','本院3504房间','2014-01-04 14:19:05',50,0,0,NULL,NULL,0,NULL,0.07,'JJG130-2011',1,'0','0',NULL,NULL,'0.00',NULL,'0.07'),(377,6,'20140104023','RG024','19.6','21','本院3504房间','2014-01-04 14:29:53',200,3,3,NULL,NULL,0.03,NULL,-0.02,'JJG130-2011',1,'3','3',NULL,NULL,'0.03',NULL,'-0.02'),(378,6,'20140104024','RG024','19.6','21','本院3504房间','2014-01-04 14:31:30',200,3,3,NULL,NULL,0.03,NULL,-0.02,'JJG130-2011',1,'3','3',NULL,NULL,'0.03',NULL,'-0.02'),(379,2,'20140104025','RG024','19.6','21','本院3504房间','2014-01-04 14:40:59',30,-3,-3,NULL,NULL,-0.03,NULL,0.04,'JJG130-2011',1,'-3','-3',NULL,NULL,'-0.03',NULL,'0.04'),(380,3,'20140104026','RG024','19.6','21','本院3504房间','2014-01-04 14:42:40',60,10,10,NULL,NULL,0.1,NULL,0.15,'JJG130-2011',1,'10','10',NULL,NULL,'0.10',NULL,'0.15'),(381,2,'20140104027','RG024','19.6','21','本院3504房间','2014-01-04 14:55:59',30,-3,-3,NULL,NULL,-0.03,NULL,0.04,'JJG130-2011',1,'-3','-3',NULL,NULL,'-0.03',NULL,'0.04'),(382,3,'20140104028','RG024','19.6','21','本院3504房间','2014-01-04 15:19:57',70,3,3,NULL,NULL,0.03,NULL,0.03,'JJG130-2011',1,'3','3',NULL,NULL,'0.03',NULL,'0.03'),(383,2,'20140104029','RG024','19.6','21','本院3504房间','2014-01-04 15:25:50',30,-3,-3,NULL,NULL,-0.03,NULL,0.04,'JJG130-2011',1,'-3','-3',NULL,NULL,'-0.03',NULL,'0.04'),(384,2,'20140104030','RG024','19.6','21','本院3504房间','2014-01-04 15:28:57',40,0,0,NULL,NULL,0,NULL,0,'JJG130-2011',1,'0','0',NULL,NULL,'0.00',NULL,'0.00'),(385,7,'20140104031','RG024','19.6','21','本院3504房间','2014-01-04 15:36:10',300,20,20,NULL,NULL,0.2,NULL,-0.04,'JJG130-2011',1,'20','20',NULL,NULL,'0.20',NULL,'-0.04'),(386,7,'20140104032','RG024','19.6','21','本院3504房间','2014-01-04 15:37:33',300,20,20,NULL,NULL,0.2,NULL,-0.04,'JJG130-2011',1,'20','20',NULL,NULL,'0.20',NULL,'-0.04'),(387,16,'20140104033','RG024','19.6','21','本院3504房间','2014-01-04 15:43:15',-50,-9,-9,NULL,NULL,-0.09,NULL,0,'JJG130-2011',1,'-9','-9',NULL,NULL,'-0.09',NULL,'0.00'),(388,3,'20140104034','RG024','19.6','21','本院3504房间','2014-01-04 15:44:22',80,2,2,NULL,NULL,0.02,NULL,0.02,'JJG130-2011',1,'2','2',NULL,NULL,'0.02',NULL,'0.02'),(389,7,'20140104035','RG024','19.5','21','本院3504房间','2014-01-04 15:45:26',300,20,20,NULL,NULL,0.2,NULL,-0.04,'JJG130-2011',1,'20','20',NULL,NULL,'0.20',NULL,'-0.04'),(390,3,'20140104036','RG024','19.6','21','本院3504房间','2014-01-04 16:09:24',90,0,0,NULL,NULL,0,NULL,0,'JJG130-2011',1,'0','0',NULL,NULL,'0.00',NULL,'0.00'),(391,2,'20140104037','RG024','19.6','21','本院3504房间','2014-01-04 16:26:01',10,-15,-15,NULL,NULL,-0.15,NULL,-0.02,'JJG130-2011',1,'-15','-15',NULL,NULL,'-0.15',NULL,'-0.02'),(392,NULL,'20140105001','RG024','19.6','21','本院3504房间','2014-01-05 15:22:21',0,NULL,NULL,NULL,NULL,NULL,NULL,NULL,'JJG130-2011',1,NULL,NULL,NULL,NULL,NULL,NULL,NULL),(393,NULL,'20140105002','RG024','19.6','21','本院3504房间','2014-01-05 15:23:53',0,NULL,NULL,NULL,NULL,NULL,NULL,NULL,'JJG130-2011',1,NULL,NULL,NULL,NULL,NULL,NULL,NULL),(394,NULL,'20140105003','RG024','19.6','21','本院3504房间','2014-01-05 15:25:08',0,NULL,NULL,NULL,NULL,NULL,NULL,NULL,'JJG130-2011',1,NULL,NULL,NULL,NULL,NULL,NULL,NULL),(395,NULL,'20140105004','RG024','19.6','21','本院3504房间','2014-01-05 15:42:27',0,NULL,NULL,NULL,NULL,NULL,NULL,NULL,'JJG130-2011',1,NULL,NULL,NULL,NULL,NULL,NULL,NULL),(396,NULL,'20140105005','RG024','19.6','21','本院3504房间','2014-01-05 15:44:03',0,NULL,NULL,NULL,NULL,NULL,NULL,NULL,'JJG130-2011',1,NULL,NULL,NULL,NULL,NULL,NULL,NULL),(397,NULL,'20140105006','RG024','19.8','21','本院3504房间','2014-01-05 15:45:48',0,NULL,NULL,NULL,NULL,NULL,NULL,NULL,'JJG130-2011',1,NULL,NULL,NULL,NULL,NULL,NULL,NULL),(398,NULL,'20140105007','RG024','19.6','21','本院3504房间','2014-01-05 15:46:32',0,NULL,NULL,NULL,NULL,NULL,NULL,NULL,'JJG130-2011',1,NULL,NULL,NULL,NULL,NULL,NULL,NULL),(399,NULL,'20140105008','RG024','19.6','21','本院3504房间','2014-01-05 16:03:47',0,NULL,NULL,NULL,NULL,NULL,NULL,NULL,'JJG130-2011',1,NULL,NULL,NULL,NULL,NULL,NULL,NULL),(400,NULL,'20140105009','RG024','19.6','21','本院3504房间','2014-01-05 16:05:11',0,NULL,NULL,NULL,NULL,NULL,NULL,NULL,'JJG130-2011',1,NULL,NULL,NULL,NULL,NULL,NULL,NULL),(401,NULL,'20140105010','RG024','19.6','21','本院3504房间','2014-01-05 16:09:55',0,NULL,NULL,NULL,NULL,NULL,NULL,NULL,'JJG130-2011',1,NULL,NULL,NULL,NULL,NULL,NULL,NULL),(402,NULL,'20140105011','RG024','19.6','21','本院3504房间','2014-01-05 17:08:57',0,NULL,NULL,NULL,NULL,NULL,NULL,NULL,'JJG130-2011',1,NULL,NULL,NULL,NULL,NULL,NULL,NULL),(403,NULL,'20140105012','RG024','19.6','21','本院3504房间','2014-01-05 17:09:46',0,NULL,NULL,NULL,NULL,NULL,NULL,NULL,'JJG130-2011',1,NULL,NULL,NULL,NULL,NULL,NULL,NULL),(404,NULL,'20140105013','RG024','19.6','21','本院3504房间','2014-01-05 17:10:09',0,NULL,NULL,NULL,NULL,NULL,NULL,NULL,'JJG130-2011',1,NULL,NULL,NULL,NULL,NULL,NULL,NULL);
/*!40000 ALTER TABLE `detectrecord` ENABLE KEYS */;
UNLOCK TABLES;

--
-- Table structure for table `detecttemp`
--

DROP TABLE IF EXISTS `detecttemp`;
/*!40101 SET @saved_cs_client     = @@character_set_client */;
/*!40101 SET character_set_client = utf8 */;
CREATE TABLE `detecttemp` (
  `id` int(11) NOT NULL AUTO_INCREMENT,
  `name` varchar(100) DEFAULT NULL,
  `temp` int(11) DEFAULT NULL,
  PRIMARY KEY (`id`)
) ENGINE=InnoDB AUTO_INCREMENT=167 DEFAULT CHARSET=utf8 COMMENT='检测点设置';
/*!40101 SET character_set_client = @saved_cs_client */;

--
-- Dumping data for table `detecttemp`
--

LOCK TABLES `detecttemp` WRITE;
/*!40000 ALTER TABLE `detecttemp` DISABLE KEYS */;
INSERT INTO `detecttemp` VALUES (2,'普通0-100',0),(3,'普通0-100',50),(4,'普通0-100',100),(5,'0-50-0.1',0),(6,'0-50-0.1',10),(7,'0-50-0.1',20),(8,'0-50-0.1',30),(9,'0-50-0.1',40),(10,'0-50-0.1',50),(14,'普通0-50',0),(15,'普通0-50',30),(16,'普通0-50',50),(17,'0-50-0.2',0),(18,'0-50-0.2',20),(19,'0-50-0.2',40),(20,'0-50-0.2',50),(21,'0-100-0.2',0),(22,'0-100-0.2',40),(23,'0-100-0.2',20),(24,'0-100-0.2',60),(25,'0-100-0.2',80),(26,'0-100-0.2',100),(27,'普通0-200',0),(28,'普通0-200',100),(29,'普通0-200',200),(33,'普通0-300',0),(34,'普通0-300',100),(35,'普通0-300',200),(36,'普通0-300',300),(41,'闭口闪点1号-30-170-1',-20),(42,'闭口闪点1号-30-170-1',0),(43,'闭口闪点1号-30-170-1',50),(44,'闭口闪点1号-30-170-1',100),(45,'闭口闪点1号-30-170-1',150),(46,'闭口闪点2号100-300-1',100),(47,'闭口闪点2号100-300-1',150),(48,'闭口闪点2号100-300-1',200),(49,'闭口闪点2号100-300-1',250),(50,'闭口闪点2号100-300-1',300),(51,'恩式粘度1号0-60-0.5',0),(52,'恩式粘度1号0-60-0.5',20),(53,'恩式粘度1号0-60-0.5',40),(54,'恩式粘度1号0-60-0.5',50),(55,'恩式粘度2号50-110-0.5',50),(56,'恩式粘度2号50-110-0.5',80),(57,'恩式粘度2号50-110-0.5',100),(58,'凝点-30-60-1',-20),(59,'凝点-30-60-1',0),(60,'凝点-30-60-1',50),(61,'结晶点-80-60-1',-60),(62,'结晶点-80-60-1',-40),(63,'结晶点-80-60-1',-20),(64,'结晶点-80-60-1',0),(65,'结晶点-80-60-1',50),(66,'石油温度计-80-20-0.5',-60),(67,'石油温度计-80-20-0.5',-40),(68,'石油温度计-80-20-0.5',0),(69,'蒸馏0-360-1',0),(70,'蒸馏0-360-1',50),(71,'蒸馏0-360-1',100),(72,'蒸馏0-360-1',150),(73,'蒸馏0-360-1',200),(74,'蒸馏0-360-1',250),(75,'蒸馏0-360-1',300),(76,'运动粘度1号98-102',100),(77,'运动粘度2号78-82',80),(78,'运动粘度3号48-52',50),(79,'运动粘度4号38-42',40),(80,'运动粘度5号18-22',20),(81,'运动粘度6号-2-2',0),(82,'运动粘度7号-22--18',-20),(83,'运动粘度8号-32--28',-30),(84,'运动粘度9号-42--38',-40),(85,'运动粘度10号-52--48',-50),(86,'运动粘度11号-62--58',-60),(87,'倾点1号-80-20-1',-60),(88,'倾点1号-80-20-1',-40),(89,'倾点1号-80-20-1',0),(90,'精密50-100-0.1',50),(91,'精密50-100-0.1',60),(92,'精密50-100-0.1',70),(93,'精密50-100-0.1',80),(94,'精密50-100-0.1',90),(95,'精密50-100-0.1',100),(96,'精密100-150-0.1',100),(97,'精密100-150-0.1',110),(98,'精密100-150-0.1',120),(99,'精密100-150-0.1',130),(100,'精密100-150-0.1',140),(101,'精密100-150-0.1',150),(102,'精密150-200-0.1',150),(103,'精密150-200-0.1',160),(104,'精密150-200-0.1',170),(105,'精密150-200-0.1',180),(106,'精密150-200-0.1',190),(107,'精密150-200-0.1',200),(108,'精密200-250-0.1',200),(109,'精密200-250-0.1',210),(110,'精密200-250-0.1',220),(111,'精密200-250-0.1',230),(112,'精密200-250-0.1',240),(113,'精密200-250-0.1',250),(114,'精密250-300-0.1',250),(115,'精密250-300-0.1',260),(116,'精密250-300-0.1',270),(117,'精密250-300-0.1',280),(118,'精密250-300-0.1',290),(119,'精密250-300-0.1',300),(120,'50-210-0.5',50),(121,'50-210-0.5',100),(122,'50-210-0.5',200),(123,'0-150',0),(124,'0-150',100),(125,'0-150',150),(126,'普通-30-100',-30),(127,'普通-30-100',0),(128,'普通-30-100',100),(129,'选点-30-30',-10),(130,'选点-30-30',0),(131,'干湿球温度计',0),(132,'干湿球温度计',20),(133,'干湿球温度计',30),(134,'干湿球温度计',40),(135,'通风干湿表',0),(136,'通风干湿表',20),(137,'通风干湿表',40),(138,'冰箱温度计-30-30',-30),(139,'冰箱温度计-30-30',0),(140,'冰箱温度计-30-30',30),(141,'冰箱温度计-30-40',-30),(142,'冰箱温度计-30-40',0),(143,'冰箱温度计-30-40',40),(144,'冰箱室温多用-40-50（-40可见）',-40),(145,'冰箱室温多用-40-50（-40可见）',0),(146,'冰箱室温多用-40-50（-40可见）',50),(147,'冰箱室温多用-40-50（-40不可见）',-30),(148,'冰箱室温多用-40-50（-40不可见）',0),(149,'冰箱室温多用-40-50（-40不可见）',50),(150,'-30-50-0.2',-20),(151,'-30-50-0.2',0),(152,'-30-50-0.2',20),(153,'-30-50-0.2',40),(154,'-30-50-0.2',50),(155,'-50-50-1',-50),(156,'-50-50-1',0),(157,'-50-50-1',50),(159,'-30-20-0.1',-30),(160,'-30-20-0.1',-20),(161,'-30-20-0.1',-10),(162,'-30-20-0.1',0),(163,'-30-20-0.1',10),(164,'-30-20-0.1',20),(165,'体温计',37),(166,'体温计',41);
/*!40000 ALTER TABLE `detecttemp` ENABLE KEYS */;
UNLOCK TABLES;

--
-- Table structure for table `resource`
--

DROP TABLE IF EXISTS `resource`;
/*!40101 SET @saved_cs_client     = @@character_set_client */;
/*!40101 SET character_set_client = utf8 */;
CREATE TABLE `resource` (
  `id` int(10) NOT NULL AUTO_INCREMENT,
  `nodeId` int(10) DEFAULT NULL,
  `menuName` varchar(45) DEFAULT NULL,
  `parantNodeID` int(10) DEFAULT NULL,
  `icon` varchar(100) DEFAULT NULL,
  `openIcon` varchar(100) DEFAULT NULL,
  `actionPath` varchar(300) DEFAULT NULL,
  `menuOrder` int(10) DEFAULT NULL,
  `isValiDate` char(1) DEFAULT NULL,
  `description` varchar(45) DEFAULT NULL,
  `jsClassFile` varchar(500) DEFAULT NULL,
  `type` varchar(45) DEFAULT NULL,
  `namespace` varchar(100) DEFAULT NULL,
  `mainClass` varchar(100) DEFAULT NULL,
  PRIMARY KEY (`id`)
) ENGINE=MyISAM AUTO_INCREMENT=16 DEFAULT CHARSET=utf8 COMMENT='²Ëµ¥×ÊÔ´';
/*!40101 SET character_set_client = @saved_cs_client */;

--
-- Dumping data for table `resource`
--

LOCK TABLES `resource` WRITE;
/*!40000 ALTER TABLE `resource` DISABLE KEYS */;
INSERT INTO `resource` VALUES (4,8000,'系统管理',0,'../images/systemControl.png',NULL,'',8000,'1','','','iframe',NULL,''),(5,8001,'资源管理',8000,'../images/icon32/1335953321_maintenance.png',NULL,'',8001,'1','','basic/ResourcePanel.js','JSClass',NULL,'com.ms.basic.ResourcePanel'),(6,8002,'用户管理',8000,'../images/icon32/user-list.png',NULL,'',8002,'1','','basic/UserPanel.js','JSClass',NULL,'com.ms.basic.UserPanel'),(7,8003,'角色管理',8000,'../images/icon32/role.png',NULL,'',8003,'1','','basic/RolePanel.js;basic/RoleUserWin.js','JSClass',NULL,'com.ms.basic.RolePanel'),(8,100,'检测录入',0,'../images/icon32/1335940031_paste_icon.png',NULL,'',100,'1','','','iframe',NULL,''),(9,101,'检测登记',100,'../images/icon32/1335940368_user1-edit.png',NULL,'',101,'1','','register/TempRegistePanel.js;register/TempRegisterPointPanel.js','JSClass',NULL,'com.ms.controller.register.TempRegistePanel'),(10,102,'标准器管理',100,'../images/icon32/1335940539_flag.png',NULL,'',102,'1','','register/StandardTmpterControllerPanel.js;register/CorrectionPanel.js','JSClass',NULL,'com.ms.controller.register.StandardTmpterControllerPanel'),(11,103,'样本录入',100,'../images/icon32/1335940409_users-edit.png',NULL,'../register/record.jsp',103,'1','','register/RegisterRecordPanelSamplePanel.js;register/RegisterRecordPanel_new.js','JSClass',NULL,'com.ms.controller.register.RegisterRecordPanel'),(12,106,'检测历史查询',100,'../images/icon32/1335940544_publish.png',NULL,'',106,'1','','register/SampleRecordPanel.js','JSClass',NULL,'com.ms.controller.register.SampleRecordPanel'),(13,105,'实验查询',100,'../images/icon32/1335952649_control_panel_branding.png',NULL,'',105,'1',NULL,'register/DetectRecordPanel.js','JSClass',NULL,'com.ms.controller.register.DetectRecordPanel'),(14,104,'常用检测点管理',100,'../images/icon32/1335953739_Money_Bag.png',NULL,'',104,'1',NULL,'register/DetectTempPanel.js','JSClass',NULL,'com.ms.controller.register.DetectTempPanel'),(15,107,'本周进度',100,'../images/icon32/1335952649_control_panel_branding.png',NULL,'',107,'1',NULL,'register/WeekProgressPanel.js','JSClass',NULL,'com.ms.controller.register.WeekProgressPanel');
/*!40000 ALTER TABLE `resource` ENABLE KEYS */;
UNLOCK TABLES;

--
-- Table structure for table `role`
--

DROP TABLE IF EXISTS `role`;
/*!40101 SET @saved_cs_client     = @@character_set_client */;
/*!40101 SET character_set_client = utf8 */;
CREATE TABLE `role` (
  `id` int(10) unsigned NOT NULL AUTO_INCREMENT,
  `roleName` varchar(45) DEFAULT NULL,
  `describle` varchar(500) DEFAULT NULL,
  `roleAuth` varchar(45) DEFAULT 'person' COMMENT 'È«¹ú(all), ¸öÈË(person)',
  PRIMARY KEY (`id`)
) ENGINE=MyISAM AUTO_INCREMENT=3 DEFAULT CHARSET=utf8;
/*!40101 SET character_set_client = @saved_cs_client */;

--
-- Dumping data for table `role`
--

LOCK TABLES `role` WRITE;
/*!40000 ALTER TABLE `role` DISABLE KEYS */;
INSERT INTO `role` VALUES (1,'管理员','管理系统','person'),(2,'普通用户','','person');
/*!40000 ALTER TABLE `role` ENABLE KEYS */;
UNLOCK TABLES;

--
-- Table structure for table `roleresource`
--

DROP TABLE IF EXISTS `roleresource`;
/*!40101 SET @saved_cs_client     = @@character_set_client */;
/*!40101 SET character_set_client = utf8 */;
CREATE TABLE `roleresource` (
  `id` int(10) unsigned NOT NULL AUTO_INCREMENT,
  `roleId` int(10) unsigned NOT NULL,
  `nodeId` int(10) unsigned NOT NULL,
  PRIMARY KEY (`id`)
) ENGINE=MyISAM AUTO_INCREMENT=62 DEFAULT CHARSET=utf8;
/*!40101 SET character_set_client = @saved_cs_client */;

--
-- Dumping data for table `roleresource`
--

LOCK TABLES `roleresource` WRITE;
/*!40000 ALTER TABLE `roleresource` DISABLE KEYS */;
INSERT INTO `roleresource` VALUES (6,1,8000),(5,1,8001),(4,1,8000),(7,1,8001),(8,1,8002),(9,1,8000),(10,1,8001),(11,1,8002),(12,1,8003),(13,1,100),(14,1,101),(15,1,102),(16,1,103),(17,1,8000),(18,1,8001),(19,1,8002),(20,1,8003),(21,2,100),(22,2,101),(23,2,102),(24,2,103),(25,1,100),(26,1,101),(27,1,102),(28,1,103),(29,1,104),(30,1,8000),(31,1,100),(32,1,101),(33,1,102),(34,1,103),(35,1,104),(36,1,105),(37,1,8000),(38,1,100),(39,1,101),(40,1,102),(41,1,103),(42,1,105),(43,1,106),(44,1,8000),(45,1,100),(46,1,101),(47,1,102),(48,1,103),(49,1,104),(50,1,105),(51,1,106),(52,1,8000),(53,1,100),(54,1,101),(55,1,102),(56,1,103),(57,1,104),(58,1,105),(59,1,106),(60,1,107),(61,1,8000);
/*!40000 ALTER TABLE `roleresource` ENABLE KEYS */;
UNLOCK TABLES;

--
-- Table structure for table `samplerecord`
--

DROP TABLE IF EXISTS `samplerecord`;
/*!40101 SET @saved_cs_client     = @@character_set_client */;
/*!40101 SET character_set_client = utf8 */;
CREATE TABLE `samplerecord` (
  `id` int(11) NOT NULL AUTO_INCREMENT COMMENT '样本ID',
  `detectID` int(11) DEFAULT NULL,
  `temp1` double DEFAULT NULL,
  `temp2` double DEFAULT NULL,
  `temp3` double DEFAULT NULL,
  `temp4` double DEFAULT NULL,
  `tempAvg1` double DEFAULT NULL,
  `tempAvg2` double DEFAULT NULL,
  `result` varchar(45) DEFAULT NULL,
  `createUserID` int(11) DEFAULT NULL,
  `createDate` datetime DEFAULT NULL,
  `tempRegisterId` int(11) DEFAULT NULL COMMENT '样本编号',
  `sampleNo` int(11) DEFAULT NULL COMMENT '样本序号',
  `result1` double DEFAULT NULL,
  `result2` double DEFAULT NULL,
  `temp1_input` varchar(45) DEFAULT NULL,
  `temp2_input` varchar(45) DEFAULT NULL,
  `temp3_input` varchar(45) DEFAULT NULL,
  `temp4_input` varchar(45) DEFAULT NULL,
  `tempAvg1_str` varchar(45) DEFAULT NULL,
  `tempAvg2_str` varchar(45) DEFAULT NULL,
  `result1_str` varchar(45) DEFAULT NULL,
  `result2_str` varchar(45) DEFAULT NULL,
  `result1Type` int(11) DEFAULT '0' COMMENT '0:正常,1:断柱,2:超差',
  `result2Type` int(11) DEFAULT '0' COMMENT '0:正常,1:断柱,2:超差',
  PRIMARY KEY (`id`)
) ENGINE=InnoDB AUTO_INCREMENT=1906 DEFAULT CHARSET=utf8;
/*!40101 SET character_set_client = @saved_cs_client */;

--
-- Dumping data for table `samplerecord`
--

LOCK TABLES `samplerecord` WRITE;
/*!40000 ALTER TABLE `samplerecord` DISABLE KEYS */;
INSERT INTO `samplerecord` VALUES (2,2,-6,-6,0,0,-0.06,0,NULL,1,'2013-10-23 16:05:47',3,1,0.03,0,'-6','-6','0','0','-0.06','0','0.03','0',0,0),(3,2,23,23,NULL,NULL,0.23,NULL,NULL,1,'2013-10-23 16:06:24',39,2,-0.26,NULL,'23','23',NULL,NULL,'0.23',NULL,'-0.26',NULL,0,0),(4,2,13,13,NULL,NULL,0.13,NULL,NULL,1,'2013-10-23 16:09:02',22,3,-0.16,NULL,'13','13',NULL,NULL,'0.13',NULL,'-0.16',NULL,0,0),(5,2,0,0,0,0,0,0,NULL,1,'2013-10-23 16:09:26',45,4,-0.03,0,'0','0','0','0','0.00','0','-0.03','0',0,0),(6,2,3,3,0,0,0.03,0,NULL,1,'2013-10-23 16:09:46',46,5,-0.06,0,'3','3','0','0','0.03','0','-0.06','0',0,0),(7,3,-8,-8,-10,-10,-0.4,-0.5,NULL,1,'2013-10-23 16:16:04',122,1,0.4,0.5,'-8','-8','-10','-10','-0.40','-0.50','0.40','0.50',0,0),(8,3,-9,-9,-10,-10,-0.45,-0.5,NULL,1,'2013-10-23 16:29:58',124,2,0.45,0.5,'-9','-9','-10','-10','-0.45','-0.50','0.45','0.50',0,0),(9,4,-10,-10,-2,-2,-0.5,-0.1,NULL,1,'2013-10-23 16:37:11',121,1,0.5,0.1,'-10','-10','-2','-2','-0.50','-0.10','0.50','0.10',0,0),(10,4,-10,-10,-3,-3,-0.5,-0.15,NULL,1,'2013-10-23 16:37:50',123,2,0.5,0.15,'-10','-10','-3','-3','-0.50','-0.15','0.50','0.15',0,0),(11,5,1,1,NULL,NULL,0.1,NULL,NULL,1,'2013-10-23 16:43:41',76,1,-0.1,NULL,'1','1',NULL,NULL,'0.1',NULL,'-0.1',NULL,0,0),(12,5,0,0,NULL,NULL,0,NULL,NULL,1,'2013-10-23 16:46:36',32,2,0,NULL,'0','0',NULL,NULL,'0.0',NULL,'0.0',NULL,0,0),(13,5,40,40,NULL,NULL,4,NULL,NULL,1,'2013-10-23 16:47:48',35,3,-4,NULL,'40','40',NULL,NULL,'4.0',NULL,'-4.0',NULL,0,0),(14,5,25,25,NULL,NULL,2.5,NULL,NULL,1,'2013-10-23 16:48:21',27,4,-2.5,NULL,'25','25',NULL,NULL,'2.5',NULL,'-2.5',NULL,0,0),(15,5,-20,-20,NULL,NULL,-2,NULL,NULL,1,'2013-10-23 16:48:43',15,5,2,NULL,'-20','-20',NULL,NULL,'-2.0',NULL,'2.0',NULL,0,0),(16,5,-2,-2,NULL,NULL,-0.2,NULL,NULL,1,'2013-10-23 16:49:04',42,6,0.2,NULL,'-2','-2',NULL,NULL,'-0.2',NULL,'0.2',NULL,0,0),(17,5,-7,-7,NULL,NULL,-0.7,NULL,NULL,1,'2013-10-23 16:49:36',33,7,0.7,NULL,'-7','-7',NULL,NULL,'-0.7',NULL,'0.7',NULL,0,0),(18,5,-7,-7,NULL,NULL,-0.7,NULL,NULL,1,'2013-10-23 16:49:52',90,8,0.7,NULL,'-7','-7',NULL,NULL,'-0.7',NULL,'0.7',NULL,0,0),(19,6,-5,-5,NULL,NULL,-0.5,NULL,NULL,1,'2013-10-23 16:50:47',95,1,0.5,NULL,'-5','-5',NULL,NULL,'-0.5',NULL,'0.5',NULL,0,0),(20,6,13,13,NULL,NULL,1.3,NULL,NULL,1,'2013-10-23 16:51:13',67,2,-1.3,NULL,'13','13',NULL,NULL,'1.3',NULL,'-1.3',NULL,0,0),(21,6,-6,-6,NULL,NULL,-0.6,NULL,NULL,1,'2013-10-23 16:51:35',24,3,0.6,NULL,'-6','-6',NULL,NULL,'-0.6',NULL,'0.6',NULL,0,0),(22,6,-3,-3,NULL,NULL,-0.3,NULL,NULL,1,'2013-10-23 16:51:55',83,4,0.3,NULL,'-3','-3',NULL,NULL,'-0.3',NULL,'0.3',NULL,0,0),(23,6,-6,-6,NULL,NULL,-0.6,NULL,NULL,1,'2013-10-23 16:52:11',43,5,0.6,NULL,'-6','-6',NULL,NULL,'-0.6',NULL,'0.6',NULL,0,0),(24,7,0,0,0,0,0,0,NULL,1,'2013-10-23 16:55:23',3,1,-0.03,0,'0','0','0','0','0.00','0','-0.03','0',0,0),(25,7,20,20,0,0,0.2,0,NULL,1,'2013-10-23 16:56:39',39,2,-0.23,0,'20','20','0','0','0.20','0','-0.23','0',0,0),(26,7,0,0,0,0,0,0,NULL,1,'2013-10-23 16:57:03',4,3,-0.03,0,'0','0','0','0','0.00','0','-0.03','0',0,0),(27,7,10,10,NULL,NULL,0.1,NULL,NULL,1,'2013-10-23 16:57:28',22,4,-0.13,NULL,'10','10',NULL,NULL,'0.10',NULL,'-0.13',NULL,0,0),(28,7,-3,-3,NULL,NULL,-0.03,NULL,NULL,1,'2013-10-23 16:57:47',45,5,0,NULL,'-3','-3',NULL,NULL,'-0.03',NULL,'0.00',NULL,0,0),(29,7,4,4,NULL,NULL,0.04,NULL,NULL,1,'2013-10-23 16:58:09',46,6,-0.07,NULL,'4','4',NULL,NULL,'0.04',NULL,'-0.07',NULL,0,0),(30,8,0,0,NULL,NULL,0,NULL,NULL,1,'2013-10-24 09:35:22',56,1,-0.02,NULL,'0','0',NULL,NULL,'0.00',NULL,'-0.02',NULL,0,0),(31,8,-4,-4,0,0,-0.08,0,NULL,1,'2013-10-24 09:35:49',49,2,0.06,0,'-4','-4','0','0','-0.08','0','0.06','0',0,0),(32,8,0,0,NULL,NULL,0,NULL,NULL,1,'2013-10-24 09:36:21',57,3,-0.02,NULL,'0','0',NULL,NULL,'0.00',NULL,'-0.02',NULL,0,0),(33,8,0,0,NULL,NULL,0,NULL,NULL,1,'2013-10-24 09:37:30',50,4,-0.02,NULL,'0','0',NULL,NULL,'0.00',NULL,'-0.02',NULL,0,0),(34,8,2,2,0,0,0.04,0,NULL,1,'2013-10-24 09:37:55',87,5,-0.06,0,'2','2','0','0','0.04','0','-0.06','0',0,0),(35,8,1,1,NULL,NULL,0.02,NULL,NULL,1,'2013-10-24 09:38:17',85,6,-0.04,NULL,'1','1',NULL,NULL,'0.02',NULL,'-0.04',NULL,0,0),(36,9,-7,-7,0,0,-0.14,0,NULL,1,'2013-10-24 10:26:21',55,1,0.12,0,'-7','-7','0','0','-0.14','0','0.12','0',0,0),(37,9,-2,-2,NULL,NULL,-0.04,NULL,NULL,1,'2013-10-24 10:28:15',48,2,0.02,NULL,'-2','-2',NULL,NULL,'-0.04',NULL,'0.02',NULL,0,0),(38,9,0,0,NULL,NULL,0,NULL,NULL,1,'2013-10-24 10:28:38',58,3,-0.02,NULL,'0','0',NULL,NULL,'0.00',NULL,'-0.02',NULL,0,0),(39,9,5,5,0,0,0.1,0,NULL,1,'2013-10-24 10:29:31',52,4,-0.12,0,'5','5','0','0','0.10','0','-0.12','0',0,0),(40,9,-8,-8,NULL,NULL,-0.16,NULL,NULL,1,'2013-10-24 10:29:56',54,5,0.14,NULL,'-8','-8',NULL,NULL,'-0.16',NULL,'0.14',NULL,0,0),(41,9,0,0,NULL,NULL,0,NULL,NULL,1,'2013-10-24 10:30:24',47,6,-0.02,NULL,'0','0',NULL,NULL,'0.00',NULL,'-0.02',NULL,0,0),(42,9,0,0,NULL,NULL,0,NULL,NULL,1,'2013-10-24 10:30:44',51,7,-0.02,NULL,'0','0',NULL,NULL,'0.00',NULL,'-0.02',NULL,0,0),(43,10,10,10,NULL,NULL,1,NULL,NULL,1,'2013-10-24 10:32:10',19,1,-1,NULL,'10','10',NULL,NULL,'1.0',NULL,'-1.0',NULL,0,0),(44,10,14,14,NULL,NULL,1.4,NULL,NULL,1,'2013-10-24 10:32:36',61,2,-1.4,NULL,'14','14',NULL,NULL,'1.4',NULL,'-1.4',NULL,0,0),(45,10,0,0,NULL,NULL,0,NULL,NULL,1,'2013-10-24 10:32:54',75,3,0,NULL,'0','0',NULL,NULL,'0.0',NULL,'0.0',NULL,0,0),(46,10,3,3,NULL,NULL,0.3,NULL,NULL,1,'2013-10-24 10:33:08',6,4,-0.3,NULL,'3','3',NULL,NULL,'0.3',NULL,'-0.3',NULL,0,0),(47,10,1,1,NULL,NULL,0.1,NULL,NULL,1,'2013-10-24 10:33:21',63,5,-0.1,NULL,'1','1',NULL,NULL,'0.1',NULL,'-0.1',NULL,0,0),(48,10,0,0,NULL,NULL,0,NULL,NULL,1,'2013-10-24 10:33:35',34,6,0,NULL,'0','0',NULL,NULL,'0.0',NULL,'0.0',NULL,0,0),(49,10,4,4,NULL,NULL,0.4,NULL,NULL,1,'2013-10-24 10:33:50',126,7,-0.4,NULL,'4','4',NULL,NULL,'0.4',NULL,'-0.4',NULL,0,0),(50,10,-2,-2,NULL,NULL,-0.2,NULL,NULL,1,'2013-10-24 10:34:04',18,8,0.2,NULL,'-2','-2',NULL,NULL,'-0.2',NULL,'0.2',NULL,0,0),(51,11,0,0,NULL,NULL,0,NULL,NULL,1,'2013-10-24 10:34:47',62,1,0,NULL,'0','0',NULL,NULL,'0.0',NULL,'0.0',NULL,0,0),(52,11,-7,-7,NULL,NULL,-0.7,NULL,NULL,1,'2013-10-24 10:35:01',67,2,0.7,NULL,'-7','-7',NULL,NULL,'-0.7',NULL,'0.7',NULL,0,0),(53,11,1,1,NULL,NULL,0.1,NULL,NULL,1,'2013-10-24 10:35:15',23,3,-0.1,NULL,'1','1',NULL,NULL,'0.1',NULL,'-0.1',NULL,0,0),(54,11,0,0,NULL,NULL,0,NULL,NULL,1,'2013-10-24 10:35:30',129,4,0,NULL,'0','0',NULL,NULL,'0.0',NULL,'0.0',NULL,0,0),(55,11,2,2,NULL,NULL,0.2,NULL,NULL,1,'2013-10-24 10:35:44',36,5,-0.2,NULL,'2','2',NULL,NULL,'0.2',NULL,'-0.2',NULL,0,0),(56,11,-6,-6,NULL,NULL,-0.6,NULL,NULL,1,'2013-10-24 10:36:00',127,6,0.6,NULL,'-6','-6',NULL,NULL,'-0.6',NULL,'0.6',NULL,0,0),(57,11,-8,-8,NULL,NULL,-0.8,NULL,NULL,1,'2013-10-24 10:36:15',89,7,0.8,NULL,'-8','-8',NULL,NULL,'-0.8',NULL,'0.8',NULL,0,0),(58,11,-5,-5,NULL,NULL,-0.5,NULL,NULL,1,'2013-10-24 10:36:28',1,8,0.5,NULL,'-5','-5',NULL,NULL,'-0.5',NULL,'0.5',NULL,0,0),(59,12,0,0,NULL,NULL,0,NULL,NULL,1,'2013-10-24 10:40:43',130,1,0,NULL,'0','0',NULL,NULL,'0.0',NULL,'0.0',NULL,0,0),(60,12,2,2,NULL,NULL,0.2,NULL,NULL,1,'2013-10-24 10:40:57',131,2,-0.2,NULL,'2','2',NULL,NULL,'0.2',NULL,'-0.2',NULL,0,0),(61,12,60,60,NULL,NULL,6,NULL,NULL,1,'2013-10-24 10:41:22',71,3,-6,NULL,'60','60',NULL,NULL,'6.0',NULL,'-6.0',NULL,0,0),(62,12,-10,-10,NULL,NULL,-1,NULL,NULL,1,'2013-10-24 10:41:36',64,4,1,NULL,'-10','-10',NULL,NULL,'-1.0',NULL,'1.0',NULL,0,0),(63,12,70,70,NULL,NULL,7,NULL,NULL,1,'2013-10-24 10:41:53',69,5,-7,NULL,'70','70',NULL,NULL,'7.0',NULL,'-7.0',NULL,0,0),(64,13,0,0,NULL,NULL,0,NULL,NULL,1,'2013-10-24 10:45:58',53,1,-0.02,NULL,'0','0',NULL,NULL,'0.00',NULL,'-0.02',NULL,0,0),(65,14,10,10,NULL,NULL,0.1,NULL,NULL,1,'2013-10-24 11:23:03',45,1,-0.04,NULL,'10','10',NULL,NULL,'0.10',NULL,'-0.04',NULL,0,0),(66,14,6,6,NULL,NULL,0.06,NULL,NULL,1,'2013-10-24 11:23:29',3,2,0,NULL,'6','6',NULL,NULL,'0.06',NULL,'0.00',NULL,0,0),(67,14,30,30,0,0,0.3,0,NULL,1,'2013-10-24 11:23:56',39,3,-0.24,0,'30','30','0','0','0.30','0','-0.24','0',0,0),(68,14,10,10,NULL,NULL,0.1,NULL,NULL,1,'2013-10-24 11:24:19',4,4,-0.04,NULL,'10','10',NULL,NULL,'0.10',NULL,'-0.04',NULL,0,0),(69,14,17,17,0,0,0.17,0,NULL,1,'2013-10-24 11:24:45',46,5,-0.11,0,'17','17','0','0','0.17','0','-0.11','0',0,0),(70,15,-8,-8,NULL,NULL,-1.6,NULL,NULL,1,'2013-10-24 11:28:35',16,1,1.6,NULL,'-8','-8',NULL,NULL,'-1.6',NULL,'1.6',NULL,0,0),(71,15,1,1,NULL,NULL,0.2,NULL,NULL,1,'2013-10-24 11:28:47',65,2,-0.2,NULL,'1','1',NULL,NULL,'0.2',NULL,'-0.2',NULL,0,0),(72,15,0,0,NULL,NULL,0,NULL,NULL,1,'2013-10-24 11:28:59',44,3,0,NULL,'0','0',NULL,NULL,'0.0',NULL,'0.0',NULL,0,0),(73,15,4,4,NULL,NULL,0.8,NULL,NULL,1,'2013-10-24 11:29:15',41,4,-0.8,NULL,'4','4',NULL,NULL,'0.8',NULL,'-0.8',NULL,0,0),(74,15,76,76,NULL,NULL,15.2,NULL,NULL,1,'2013-10-24 11:29:37',17,5,-15.2,NULL,'76','76',NULL,NULL,'15.2',NULL,'-15.2',NULL,0,0),(75,15,0,0,NULL,NULL,0,NULL,NULL,1,'2013-10-24 11:29:50',38,6,0,NULL,'0','0',NULL,NULL,'0.0',NULL,'0.0',NULL,0,0),(76,15,0,0,NULL,NULL,0,NULL,NULL,1,'2013-10-24 11:30:03',20,7,0,NULL,'0','0',NULL,NULL,'0.0',NULL,'0.0',NULL,0,0),(77,15,0,0,NULL,NULL,0,NULL,NULL,1,'2013-10-24 11:30:16',9,8,0,NULL,'0','0',NULL,NULL,'0.0',NULL,'0.0',NULL,0,0),(78,16,0,0,NULL,NULL,0,NULL,NULL,1,'2013-10-24 11:30:48',73,1,0,NULL,'0','0',NULL,NULL,'0.0',NULL,'0.0',NULL,0,0),(79,16,-7,-7,NULL,NULL,-1.4,NULL,NULL,1,'2013-10-24 11:31:05',132,2,1.4,NULL,'-7','-7',NULL,NULL,'-1.4',NULL,'1.4',NULL,0,0),(80,16,3,3,NULL,NULL,0.6,NULL,NULL,1,'2013-10-24 11:31:21',26,3,-0.6,NULL,'3','3',NULL,NULL,'0.6',NULL,'-0.6',NULL,0,0),(81,16,1,1,NULL,NULL,0.2,NULL,NULL,1,'2013-10-24 11:31:37',13,4,-0.2,NULL,'1','1',NULL,NULL,'0.2',NULL,'-0.2',NULL,0,0),(82,16,0,0,NULL,NULL,0,NULL,NULL,1,'2013-10-24 11:31:49',12,5,0,NULL,'0','0',NULL,NULL,'0.0',NULL,'0.0',NULL,0,0),(83,16,-4,-4,NULL,NULL,-0.8,NULL,NULL,1,'2013-10-24 11:32:05',88,6,0.8,NULL,'-4','-4',NULL,NULL,'-0.8',NULL,'0.8',NULL,0,0),(84,16,10,10,NULL,NULL,2,NULL,NULL,1,'2013-10-24 11:32:18',25,7,-2,NULL,'10','10',NULL,NULL,'2.0',NULL,'-2.0',NULL,0,0),(85,16,0,0,NULL,NULL,0,NULL,NULL,1,'2013-10-24 11:32:32',37,8,0,NULL,'0','0',NULL,NULL,'0.0',NULL,'0.0',NULL,0,0),(86,17,2,2,NULL,NULL,0.4,NULL,NULL,1,'2013-10-24 11:33:09',11,1,-0.4,NULL,'2','2',NULL,NULL,'0.4',NULL,'-0.4',NULL,0,0),(87,17,0,0,NULL,NULL,0,NULL,NULL,1,'2013-10-24 11:33:24',14,2,0,NULL,'0','0',NULL,NULL,'0.0',NULL,'0.0',NULL,0,0),(88,17,0,0,NULL,NULL,0,NULL,NULL,1,'2013-10-24 11:33:43',10,3,0,NULL,'0','0',NULL,NULL,'0.0',NULL,'0.0',NULL,0,0),(89,17,6,6,NULL,NULL,1.2,NULL,NULL,1,'2013-10-24 11:33:55',128,4,-1.2,NULL,'6','6',NULL,NULL,'1.2',NULL,'-1.2',NULL,0,0),(90,17,0,0,NULL,NULL,0,NULL,NULL,1,'2013-10-24 11:34:09',96,5,0,NULL,'0','0',NULL,NULL,'0.0',NULL,'0.0',NULL,0,0),(91,17,1,1,NULL,NULL,0.2,NULL,NULL,1,'2013-10-24 11:34:23',68,6,-0.2,NULL,'1','1',NULL,NULL,'0.2',NULL,'-0.2',NULL,0,0),(92,17,0,0,NULL,NULL,0,NULL,NULL,1,'2013-10-24 11:34:41',68,7,0,NULL,'0','0',NULL,NULL,'0.0',NULL,'0.0',NULL,0,0),(93,17,1,1,NULL,NULL,0.2,NULL,NULL,1,'2013-10-24 11:34:54',84,8,-0.2,NULL,'1','1',NULL,NULL,'0.2',NULL,'-0.2',NULL,0,0),(94,18,3,3,NULL,NULL,0.03,NULL,NULL,1,'2013-10-24 13:45:50',22,1,-0.01,NULL,'3','3',NULL,NULL,'0.03',NULL,'-0.01',NULL,0,0),(95,18,10,10,NULL,NULL,0.1,NULL,NULL,1,'2013-10-24 13:46:10',46,2,-0.08,NULL,'10','10',NULL,NULL,'0.10',NULL,'-0.08',NULL,0,0),(96,18,5,5,0,0,0.05,0,NULL,1,'2013-10-24 13:46:27',45,3,-0.03,0,'5','5','0','0','0.05','0','-0.03','0',0,0),(97,18,1,1,NULL,NULL,0.01,NULL,NULL,1,'2013-10-24 13:46:42',3,4,0.01,NULL,'1','1',NULL,NULL,'0.01',NULL,'0.01',NULL,0,0),(98,18,10,10,NULL,NULL,0.1,NULL,NULL,1,'2013-10-24 13:47:07',39,5,-0.08,NULL,'10','10',NULL,NULL,'0.10',NULL,'-0.08',NULL,0,0),(99,18,10,10,NULL,NULL,0.1,NULL,NULL,1,'2013-10-24 13:47:24',4,6,-0.08,NULL,'10','10',NULL,NULL,'0.10',NULL,'-0.08',NULL,0,0),(100,19,-5,-5,NULL,NULL,-1,NULL,NULL,1,'2013-10-24 13:48:32',2,1,1,NULL,'-5','-5',NULL,NULL,'-1.0',NULL,'1.0',NULL,0,0),(101,19,16,16,NULL,NULL,3.2,NULL,NULL,1,'2013-10-24 13:48:57',28,2,-3.2,NULL,'16','16',NULL,NULL,'3.2',NULL,'-3.2',NULL,0,0),(102,19,0,0,NULL,NULL,0,NULL,NULL,1,'2013-10-24 13:49:10',8,3,0,NULL,'0','0',NULL,NULL,'0.0',NULL,'0.0',NULL,0,0),(103,19,0,0,NULL,NULL,0,NULL,NULL,1,'2013-10-24 13:49:22',30,4,0,NULL,'0','0',NULL,NULL,'0.0',NULL,'0.0',NULL,0,0),(104,20,10,10,0,0,0.2,0,NULL,1,'2013-10-24 13:52:59',57,1,-0.12,0,'10','10','0','0','0.20','0','-0.12','0',0,0),(105,20,7,7,0,0,0.14,0,NULL,1,'2013-10-24 13:53:28',85,2,-0.06,0,'7','7','0','0','0.14','0','-0.06','0',0,0),(106,20,10,10,0,0,0.2,0,NULL,1,'2013-10-24 13:53:55',60,3,-0.12,0,'10','10','0','0','0.20','0','-0.12','0',0,0),(107,20,2,2,NULL,NULL,0.04,NULL,NULL,1,'2013-10-24 13:54:16',50,4,0.04,NULL,'2','2',NULL,NULL,'0.04',NULL,'0.04',NULL,0,0),(108,20,1,1,0,0,0.02,0,NULL,1,'2013-10-24 13:54:58',59,5,0.06,0,'1','1','0','0','0.02','0','0.06','0',0,0),(109,20,10,10,0,0,0.2,0,NULL,1,'2013-10-24 13:55:17',87,6,-0.12,0,'10','10','0','0','0.20','0','-0.12','0',0,0),(110,21,4,4,NULL,NULL,0.08,NULL,NULL,1,'2013-10-24 13:56:20',56,1,0,NULL,'4','4',NULL,NULL,'0.08',NULL,'0.00',NULL,0,0),(111,21,7,7,0,0,0.14,0,NULL,1,'2013-10-24 13:57:04',51,2,-0.06,0,'7','7','0','0','0.14','0','-0.06','0',0,0),(112,21,10,10,0,0,0.2,0,NULL,1,'2013-10-24 13:58:08',47,3,-0.12,0,'10','10','0','0','0.20','0','-0.12','0',0,0),(113,21,10,10,0,0,0.2,0,NULL,1,'2013-10-24 13:58:30',53,4,-0.12,0,'10','10','0','0','0.20','0','-0.12','0',0,0),(114,22,10,10,0,0,0.2,0,NULL,1,'2013-10-24 14:20:03',52,1,-0.12,0,'10','10','0','0','0.20','0','-0.12','0',0,0),(115,22,4,4,NULL,NULL,0.08,NULL,NULL,1,'2013-10-24 14:20:29',55,2,0,NULL,'4','4',NULL,NULL,'0.08',NULL,'0.00',NULL,0,0),(116,22,4,4,NULL,NULL,0.08,NULL,NULL,1,'2013-10-24 14:20:49',54,3,0,NULL,'4','4',NULL,NULL,'0.08',NULL,'0.00',NULL,0,0),(117,22,4,4,NULL,NULL,0.08,NULL,NULL,1,'2013-10-24 14:21:15',58,4,0,NULL,'4','4',NULL,NULL,'0.08',NULL,'0.00',NULL,0,0),(118,22,3,3,NULL,NULL,0.06,NULL,NULL,1,'2013-10-24 14:21:43',48,5,0.02,NULL,'3','3',NULL,NULL,'0.06',NULL,'0.02',NULL,0,0),(119,23,-8,-8,0,0,-0.08,0,NULL,1,'2013-10-24 14:26:02',5,1,0.03,0,'-8','-8','0','0','-0.08','0','0.03','0',0,0),(120,24,2,2,NULL,NULL,0.2,NULL,NULL,1,'2013-10-24 14:30:29',31,1,-0.2,NULL,'2','2',NULL,NULL,'0.2',NULL,'-0.2',NULL,0,0),(121,24,-3,-3,NULL,NULL,-0.3,NULL,NULL,1,'2013-10-24 14:30:46',74,2,0.3,NULL,'-3','-3',NULL,NULL,'-0.3',NULL,'0.3',NULL,0,0),(122,24,4,4,NULL,NULL,0.4,NULL,NULL,1,'2013-10-24 14:31:04',29,3,-0.4,NULL,'4','4',NULL,NULL,'0.4',NULL,'-0.4',NULL,0,0),(123,25,0,0,NULL,NULL,0,NULL,NULL,1,'2013-10-24 14:33:34',130,1,0,NULL,'0','0',NULL,NULL,'0.0',NULL,'0.0',NULL,0,0),(124,26,0,0,NULL,NULL,0,NULL,NULL,1,'2013-10-24 14:48:10',45,1,0.07,NULL,'0','0',NULL,NULL,'0.00',NULL,'0.07',NULL,0,0),(125,26,13,13,0,0,0.13,0,NULL,1,'2013-10-24 14:48:38',3,2,-0.06,0,'13','13','0','0','0.13','0','-0.06','0',0,0),(126,26,24,24,NULL,NULL,0.24,NULL,NULL,1,'2013-10-24 14:48:59',39,3,-0.17,NULL,'24','24',NULL,NULL,'0.24',NULL,'-0.17',NULL,0,0),(127,26,12,12,NULL,NULL,0.12,NULL,NULL,1,'2013-10-24 14:49:13',4,4,-0.05,NULL,'12','12',NULL,NULL,'0.12',NULL,'-0.05',NULL,0,0),(128,26,8,8,NULL,NULL,0.08,NULL,NULL,1,'2013-10-24 14:49:32',46,5,-0.01,NULL,'8','8',NULL,NULL,'0.08',NULL,'-0.01',NULL,0,0),(129,27,31,31,0,0,0.31,0,NULL,1,'2013-10-24 14:56:52',22,1,-0.24,0,'31','31','0','0','0.31','0','-0.24','0',0,0),(130,28,10,10,0,0,0.2,0,NULL,1,'2013-10-24 15:07:48',57,1,-0.12,0,'10','10','0','0','0.20','0','-0.12','0',0,0),(131,28,13,13,NULL,NULL,0.26,NULL,NULL,1,'2013-10-24 15:08:16',52,2,-0.18,NULL,'13','13',NULL,NULL,'0.26',NULL,'-0.18',NULL,0,0),(132,28,3,3,NULL,NULL,0.06,NULL,NULL,1,'2013-10-24 15:09:00',50,3,0.02,NULL,'3','3',NULL,NULL,'0.06',NULL,'0.02',NULL,0,0),(133,28,3,3,NULL,NULL,0.06,NULL,NULL,1,'2013-10-24 15:09:33',48,4,0.02,NULL,'3','3',NULL,NULL,'0.06',NULL,'0.02',NULL,0,0),(134,28,3,3,NULL,NULL,0.06,NULL,NULL,1,'2013-10-24 15:11:17',58,5,0.02,NULL,'3','3',NULL,NULL,'0.06',NULL,'0.02',NULL,0,0),(135,28,7,7,0,0,0.14,0,NULL,1,'2013-10-24 15:11:43',55,6,-0.06,0,'7','7','0','0','0.14','0','-0.06','0',0,0),(136,28,2,2,NULL,NULL,0.04,NULL,NULL,1,'2013-10-24 15:12:16',54,7,0.04,NULL,'2','2',NULL,NULL,'0.04',NULL,'0.04',NULL,0,0),(137,29,10,10,NULL,NULL,1,NULL,NULL,1,'2013-10-24 15:17:48',69,1,-0.9,NULL,'10','10',NULL,NULL,'1.0',NULL,'-0.9',NULL,0,0),(138,29,0,0,NULL,NULL,0,NULL,NULL,1,'2013-10-24 15:18:00',131,2,0.1,NULL,'0','0',NULL,NULL,'0.0',NULL,'0.1',NULL,0,0),(139,29,0,0,NULL,NULL,0,NULL,NULL,1,'2013-10-24 15:18:12',64,3,0.1,NULL,'0','0',NULL,NULL,'0.0',NULL,'0.1',NULL,0,0),(140,29,11,11,NULL,NULL,1.1,NULL,NULL,1,'2013-10-24 15:18:27',70,4,-1,NULL,'11','11',NULL,NULL,'1.1',NULL,'-1.0',NULL,0,0),(141,29,14,14,NULL,NULL,1.4,NULL,NULL,1,'2013-10-24 15:18:54',71,5,-1.3,NULL,'14','14',NULL,NULL,'1.4',NULL,'-1.3',NULL,0,0),(142,29,1,1,NULL,NULL,0.1,NULL,NULL,1,'2013-10-24 15:19:13',19,6,0,NULL,'1','1',NULL,NULL,'0.1',NULL,'0.0',NULL,0,0),(143,29,3,3,NULL,NULL,0.3,NULL,NULL,1,'2013-10-24 15:19:28',62,7,-0.2,NULL,'3','3',NULL,NULL,'0.3',NULL,'-0.2',NULL,0,0),(144,29,0,0,NULL,NULL,0,NULL,NULL,1,'2013-10-24 15:19:43',34,8,0.1,NULL,'0','0',NULL,NULL,'0.0',NULL,'0.1',NULL,0,0),(145,30,0,0,NULL,NULL,0,NULL,NULL,1,'2013-10-24 15:20:24',18,1,0.1,NULL,'0','0',NULL,NULL,'0.0',NULL,'0.1',NULL,0,0),(146,30,2,2,NULL,NULL,0.2,NULL,NULL,1,'2013-10-24 15:20:38',126,2,-0.1,NULL,'2','2',NULL,NULL,'0.2',NULL,'-0.1',NULL,0,0),(147,30,-3,-3,NULL,NULL,-0.3,NULL,NULL,1,'2013-10-24 15:20:53',1,3,0.4,NULL,'-3','-3',NULL,NULL,'-0.3',NULL,'0.4',NULL,0,0),(148,30,3,3,NULL,NULL,0.3,NULL,NULL,1,'2013-10-24 15:21:10',63,4,-0.2,NULL,'3','3',NULL,NULL,'0.3',NULL,'-0.2',NULL,0,0),(149,31,0,0,NULL,NULL,0,NULL,NULL,1,'2013-10-24 15:24:06',59,1,0.08,NULL,'0','0',NULL,NULL,'0.00',NULL,'0.08',NULL,0,0),(150,31,10,10,0,0,0.2,0,NULL,1,'2013-10-24 15:24:26',87,2,-0.12,0,'10','10','0','0','0.20','0','-0.12','0',0,0),(151,31,0,0,NULL,NULL,0,NULL,NULL,1,'2013-10-24 15:24:44',49,3,0.08,NULL,'0','0',NULL,NULL,'0.00',NULL,'0.08',NULL,0,0),(152,31,7,7,0,0,0.14,0,NULL,1,'2013-10-24 15:25:07',60,4,-0.06,0,'7','7','0','0','0.14','0','-0.06','0',0,0),(153,31,8,8,NULL,NULL,0.16,NULL,NULL,1,'2013-10-24 15:25:49',47,5,-0.08,NULL,'8','8',NULL,NULL,'0.16',NULL,'-0.08',NULL,0,0),(154,31,4,4,NULL,NULL,0.08,NULL,NULL,1,'2013-10-24 15:26:08',85,6,0,NULL,'4','4',NULL,NULL,'0.08',NULL,'0.00',NULL,0,0),(155,31,10,10,0,0,0.2,0,NULL,1,'2013-10-24 15:26:34',53,7,-0.12,0,'10','10','0','0','0.20','0','-0.12','0',0,0),(156,32,9,9,NULL,NULL,0.9,NULL,NULL,1,'2013-10-24 15:28:55',69,1,-0.8,NULL,'9','9',NULL,NULL,'0.9',NULL,'-0.8',NULL,0,0),(157,32,0,0,NULL,NULL,0,NULL,NULL,1,'2013-10-24 15:29:07',131,2,0.1,NULL,'0','0',NULL,NULL,'0.0',NULL,'0.1',NULL,0,0),(158,32,0,0,NULL,NULL,0,NULL,NULL,1,'2013-10-24 15:29:18',64,3,0.1,NULL,'0','0',NULL,NULL,'0.0',NULL,'0.1',NULL,0,0),(159,32,11,11,NULL,NULL,1.1,NULL,NULL,1,'2013-10-24 15:29:32',70,4,-1,NULL,'11','11',NULL,NULL,'1.1',NULL,'-1.0',NULL,0,0),(160,32,15,15,NULL,NULL,1.5,NULL,NULL,1,'2013-10-24 15:29:47',71,5,-1.4,NULL,'15','15',NULL,NULL,'1.5',NULL,'-1.4',NULL,0,0),(161,32,1,1,NULL,NULL,0.1,NULL,NULL,1,'2013-10-24 15:29:59',19,6,0,NULL,'1','1',NULL,NULL,'0.1',NULL,'0.0',NULL,0,0),(162,32,4,4,NULL,NULL,0.4,NULL,NULL,1,'2013-10-24 15:30:14',62,7,-0.3,NULL,'4','4',NULL,NULL,'0.4',NULL,'-0.3',NULL,0,0),(163,32,0,0,NULL,NULL,0,NULL,NULL,1,'2013-10-24 15:30:28',34,8,0.1,NULL,'0','0',NULL,NULL,'0.0',NULL,'0.1',NULL,0,0),(164,33,0,0,NULL,NULL,0,NULL,NULL,1,'2013-10-24 15:30:51',18,1,0.1,NULL,'0','0',NULL,NULL,'0.0',NULL,'0.1',NULL,0,0),(166,33,-2,-2,NULL,NULL,-0.2,NULL,NULL,1,'2013-10-24 15:31:19',1,3,0.3,NULL,'-2','-2',NULL,NULL,'-0.2',NULL,'0.3',NULL,0,0),(167,33,2,2,NULL,NULL,0.2,NULL,NULL,1,'2013-10-24 15:31:32',63,4,-0.1,NULL,'2','2',NULL,NULL,'0.2',NULL,'-0.1',NULL,0,0),(168,34,-5,-5,NULL,NULL,-0.5,NULL,NULL,1,'2013-10-24 15:34:10',20,1,0.5,NULL,'-5','-5',NULL,NULL,'-0.5',NULL,'0.5',NULL,0,0),(169,34,-10,-10,NULL,NULL,-1,NULL,NULL,1,'2013-10-24 15:34:38',73,2,1,NULL,'-10','-10',NULL,NULL,'-1.0',NULL,'1.0',NULL,0,0),(170,34,-10,-10,NULL,NULL,-2,NULL,NULL,1,'2013-10-24 15:34:52',41,3,2,NULL,'-10','-10',NULL,NULL,'-2.0',NULL,'2.0',NULL,0,0),(171,34,0,0,NULL,NULL,0,NULL,NULL,1,'2013-10-24 15:35:03',65,4,0,NULL,'0','0',NULL,NULL,'0.0',NULL,'0.0',NULL,0,0),(172,34,150,150,NULL,NULL,30,NULL,NULL,1,'2013-10-24 15:35:20',17,5,-30,NULL,'150','150',NULL,NULL,'30.0',NULL,'-30.0',NULL,0,0),(173,34,-13,-13,NULL,NULL,-2.6,NULL,NULL,1,'2013-10-24 15:35:36',16,6,2.6,NULL,'-13','-13',NULL,NULL,'-2.6',NULL,'2.6',NULL,0,0),(174,34,-8,-8,NULL,NULL,-0.8,NULL,NULL,1,'2013-10-24 15:36:24',9,7,0.8,NULL,'-8','-8',NULL,NULL,'-0.8',NULL,'0.8',NULL,0,0),(175,34,1,1,NULL,NULL,0.2,NULL,NULL,1,'2013-10-24 15:36:52',38,8,-0.2,NULL,'1','1',NULL,NULL,'0.2',NULL,'-0.2',NULL,0,0),(176,35,0,0,NULL,NULL,0,NULL,NULL,1,'2013-10-24 15:37:27',44,1,0,NULL,'0','0',NULL,NULL,'0.0',NULL,'0.0',NULL,0,0),(177,36,-2,-2,NULL,NULL,-0.2,NULL,NULL,1,'2013-10-24 15:38:45',89,1,0.3,NULL,'-2','-2',NULL,NULL,'-0.2',NULL,'0.3',NULL,0,0),(178,36,0,0,NULL,NULL,0,NULL,NULL,1,'2013-10-24 15:38:57',83,2,0.1,NULL,'0','0',NULL,NULL,'0.0',NULL,'0.1',NULL,0,0),(179,36,1,1,NULL,NULL,0.1,NULL,NULL,1,'2013-10-24 15:39:08',76,3,0,NULL,'1','1',NULL,NULL,'0.1',NULL,'0.0',NULL,0,0),(180,36,0,0,NULL,NULL,0,NULL,NULL,1,'2013-10-24 15:39:21',75,4,0.1,NULL,'0','0',NULL,NULL,'0.0',NULL,'0.1',NULL,0,0),(181,36,-3,-3,NULL,NULL,-0.3,NULL,NULL,1,'2013-10-24 15:39:34',7,5,0.4,NULL,'-3','-3',NULL,NULL,'-0.3',NULL,'0.4',NULL,0,0),(182,36,-2,-2,NULL,NULL,-0.2,NULL,NULL,1,'2013-10-24 15:39:49',67,6,0.3,NULL,'-2','-2',NULL,NULL,'-0.2',NULL,'0.3',NULL,0,0),(183,36,0,0,NULL,NULL,0,NULL,NULL,1,'2013-10-24 15:40:04',129,7,0.1,NULL,'0','0',NULL,NULL,'0.0',NULL,'0.1',NULL,0,0),(184,36,0,0,NULL,NULL,0,NULL,NULL,1,'2013-10-24 15:40:14',6,8,0.1,NULL,'0','0',NULL,NULL,'0.0',NULL,'0.1',NULL,0,0),(185,37,12,12,NULL,NULL,1.2,NULL,NULL,1,'2013-10-24 15:41:04',61,1,-1.1,NULL,'12','12',NULL,NULL,'1.2',NULL,'-1.1',NULL,0,0),(186,37,-3,-3,NULL,NULL,-0.3,NULL,NULL,1,'2013-10-24 15:41:17',23,2,0.4,NULL,'-3','-3',NULL,NULL,'-0.3',NULL,'0.4',NULL,0,0),(187,37,0,0,NULL,NULL,0,NULL,NULL,1,'2013-10-24 15:41:29',36,3,0.1,NULL,'0','0',NULL,NULL,'0.0',NULL,'0.1',NULL,0,0),(188,37,2,2,NULL,NULL,0.2,NULL,NULL,1,'2013-10-24 15:41:41',127,4,-0.1,NULL,'2','2',NULL,NULL,'0.2',NULL,'-0.1',NULL,0,0),(189,38,10,10,0,0,0.2,0,NULL,1,'2013-10-24 15:55:15',51,1,-0.12,0,'10','10','0','0','0.20','0','-0.12','0',0,0),(190,38,8,8,NULL,NULL,0.16,NULL,NULL,1,'2013-10-24 15:55:34',56,2,-0.08,NULL,'8','8',NULL,NULL,'0.16',NULL,'-0.08',NULL,0,0),(191,38,20,20,NULL,NULL,2,NULL,NULL,1,'2013-10-24 15:55:50',91,3,-1.9,NULL,'20','20',NULL,NULL,'2.0',NULL,'-1.9',NULL,0,0),(192,38,25,25,NULL,NULL,2.5,NULL,NULL,1,'2013-10-24 15:56:15',29,4,-2.4,NULL,'25','25',NULL,NULL,'2.5',NULL,'-2.4',NULL,0,0),(193,38,20,20,NULL,NULL,2,NULL,NULL,1,'2013-10-24 15:56:50',92,5,-1.9,NULL,'20','20',NULL,NULL,'2.0',NULL,'-1.9',NULL,0,0),(194,38,8,8,NULL,NULL,0.8,NULL,NULL,1,'2013-10-24 15:57:05',93,6,-0.7,NULL,'8','8',NULL,NULL,'0.8',NULL,'-0.7',NULL,0,0),(195,38,0,0,NULL,NULL,0,NULL,NULL,1,'2013-10-24 15:57:20',94,7,0.1,NULL,'0','0',NULL,NULL,'0.0',NULL,'0.1',NULL,0,0),(196,39,0,0,NULL,NULL,0,NULL,NULL,1,'2013-10-24 16:01:04',42,1,0.1,NULL,'0','0',NULL,NULL,'0.0',NULL,'0.1',NULL,0,0),(197,39,0,0,NULL,NULL,0,NULL,NULL,1,'2013-10-24 16:01:17',95,2,0.1,NULL,'0','0',NULL,NULL,'0.0',NULL,'0.1',NULL,0,0),(198,39,-2,-2,NULL,NULL,-0.2,NULL,NULL,1,'2013-10-24 16:01:34',43,3,0.3,NULL,'-2','-2',NULL,NULL,'-0.2',NULL,'0.3',NULL,0,0),(199,39,28,28,NULL,NULL,2.8,NULL,NULL,1,'2013-10-24 16:02:02',27,4,-2.7,NULL,'28','28',NULL,NULL,'2.8',NULL,'-2.7',NULL,0,0),(200,39,0,0,NULL,NULL,0,NULL,NULL,1,'2013-10-24 16:03:23',33,5,0.1,NULL,'0','0',NULL,NULL,'0.0',NULL,'0.1',NULL,0,0),(201,39,0,0,NULL,NULL,0,NULL,NULL,1,'2013-10-24 16:03:56',32,6,0.1,NULL,'0','0',NULL,NULL,'0.0',NULL,'0.1',NULL,0,0),(202,39,-6,-6,NULL,NULL,-0.6,NULL,NULL,1,'2013-10-24 16:04:42',15,7,0.7,NULL,'-6','-6',NULL,NULL,'-0.6',NULL,'0.7',NULL,0,0),(203,39,1,1,NULL,NULL,0.1,NULL,NULL,1,'2013-10-24 16:05:10',90,8,0,NULL,'1','1',NULL,NULL,'0.1',NULL,'0.0',NULL,0,0),(204,40,-2,-2,NULL,NULL,-0.2,NULL,NULL,1,'2013-10-24 16:06:29',24,1,0.3,NULL,'-2','-2',NULL,NULL,'-0.2',NULL,'0.3',NULL,0,0),(205,41,12,12,NULL,NULL,1.2,NULL,NULL,1,'2013-10-24 16:08:24',40,1,-1.1,NULL,'12','12',NULL,NULL,'1.2',NULL,'-1.1',NULL,0,0),(206,42,10,10,0,0,0.1,0,NULL,1,'2013-10-24 16:10:03',5,1,-0.03,0,'10','10','0','0','0.10','0','-0.03','0',0,0),(207,43,80,80,NULL,NULL,16,NULL,NULL,1,'2013-10-24 16:14:27',28,1,-16,NULL,'80','80',NULL,NULL,'16.0',NULL,'-16.0',NULL,0,0),(208,43,0,0,NULL,NULL,0,NULL,NULL,1,'2013-10-24 16:14:40',132,2,0,NULL,'0','0',NULL,NULL,'0.0',NULL,'0.0',NULL,0,0),(209,43,-10,-10,NULL,NULL,-2,NULL,NULL,1,'2013-10-24 16:14:54',2,3,2,NULL,'-10','-10',NULL,NULL,'-2.0',NULL,'2.0',NULL,0,0),(210,43,-3,-3,NULL,NULL,-0.6,NULL,NULL,1,'2013-10-24 16:15:12',30,4,0.6,NULL,'-3','-3',NULL,NULL,'-0.6',NULL,'0.6',NULL,0,0),(211,43,0,0,NULL,NULL,0,NULL,NULL,1,'2013-10-24 16:15:28',13,5,0,NULL,'0','0',NULL,NULL,'0.0',NULL,'0.0',NULL,0,0),(212,43,5,5,NULL,NULL,1,NULL,NULL,1,'2013-10-24 16:15:45',128,6,-1,NULL,'5','5',NULL,NULL,'1.0',NULL,'-1.0',NULL,0,0),(213,43,-4,-4,NULL,NULL,-0.8,NULL,NULL,1,'2013-10-24 16:16:03',11,7,0.8,NULL,'-4','-4',NULL,NULL,'-0.8',NULL,'0.8',NULL,0,0),(214,43,0,0,NULL,NULL,0,NULL,NULL,1,'2013-10-24 16:16:16',26,8,0,NULL,'0','0',NULL,NULL,'0.0',NULL,'0.0',NULL,0,0),(215,44,-2,-2,NULL,NULL,-0.4,NULL,NULL,1,'2013-10-24 16:16:47',84,1,0.4,NULL,'-2','-2',NULL,NULL,'-0.4',NULL,'0.4',NULL,0,0),(216,44,8,8,NULL,NULL,1.6,NULL,NULL,1,'2013-10-24 16:17:01',25,2,-1.6,NULL,'8','8',NULL,NULL,'1.6',NULL,'-1.6',NULL,0,0),(217,44,0,0,NULL,NULL,0,NULL,NULL,1,'2013-10-24 16:17:14',66,3,0,NULL,'0','0',NULL,NULL,'0.0',NULL,'0.0',NULL,0,0),(218,44,0,0,NULL,NULL,0,NULL,NULL,1,'2013-10-24 16:17:28',8,4,0,NULL,'0','0',NULL,NULL,'0.0',NULL,'0.0',NULL,0,0),(219,44,-5,-5,NULL,NULL,-1,NULL,NULL,1,'2013-10-24 16:17:43',12,5,1,NULL,'-5','-5',NULL,NULL,'-1.0',NULL,'1.0',NULL,0,0),(220,44,0,0,NULL,NULL,0,NULL,NULL,1,'2013-10-24 16:17:56',10,6,0,NULL,'0','0',NULL,NULL,'0.0',NULL,'0.0',NULL,0,0),(221,44,5,5,NULL,NULL,1,NULL,NULL,1,'2013-10-24 16:18:11',96,7,-1,NULL,'5','5',NULL,NULL,'1.0',NULL,'-1.0',NULL,0,0),(222,44,0,0,NULL,NULL,0,NULL,NULL,1,'2013-10-24 16:18:21',68,8,0,NULL,'0','0',NULL,NULL,'0.0',NULL,'0.0',NULL,0,0),(223,45,10,10,NULL,NULL,0.2,NULL,NULL,1,'2013-10-24 16:28:43',58,1,-0.1,NULL,'10','10',NULL,NULL,'0.20',NULL,'-0.10',NULL,0,0),(224,45,8,8,0,0,0.16,0,NULL,1,'2013-10-24 16:29:07',57,2,-0.06,0,'8','8','0','0','0.16','0','-0.06','0',0,0),(225,45,8,8,0,0,0.16,0,NULL,1,'2013-10-24 16:29:31',48,3,-0.06,0,'8','8','0','0','0.16','0','-0.06','0',0,0),(226,45,12,12,NULL,NULL,0.24,NULL,NULL,1,'2013-10-24 16:29:58',52,4,-0.14,NULL,'12','12',NULL,NULL,'0.24',NULL,'-0.14',NULL,0,0),(227,45,10,10,NULL,NULL,0.2,NULL,NULL,1,'2013-10-24 16:30:17',50,5,-0.1,NULL,'10','10',NULL,NULL,'0.20',NULL,'-0.10',NULL,0,0),(228,45,5,5,NULL,NULL,0.1,NULL,NULL,1,'2013-10-24 16:30:40',54,6,-0.02,NULL,'5','5',NULL,NULL,'0.10',NULL,'-0.02',NULL,0,0),(229,45,2,2,NULL,NULL,0.04,NULL,NULL,1,'2013-10-24 16:31:09',55,7,0.04,NULL,'2','2',NULL,NULL,'0.04',NULL,'0.04',NULL,0,0),(230,46,-2,-2,NULL,NULL,-0.4,NULL,NULL,1,'2013-10-24 16:34:16',14,1,0.4,NULL,'-2','-2',NULL,NULL,'-0.4',NULL,'0.4',NULL,0,0),(231,46,-10,-10,NULL,NULL,-2,NULL,NULL,1,'2013-10-24 16:34:30',37,2,2,NULL,'-10','-10',NULL,NULL,'-2.0',NULL,'2.0',NULL,0,0),(232,46,0,0,NULL,NULL,0,NULL,NULL,1,'2013-10-24 16:34:43',88,3,0,NULL,'0','0',NULL,NULL,'0.0',NULL,'0.0',NULL,0,0),(233,47,4,4,NULL,NULL,0.04,NULL,NULL,1,'2013-10-24 16:41:02',5,1,0.13,NULL,'4','4',NULL,NULL,'0.04',NULL,'0.13',NULL,0,0),(234,47,-20,-20,NULL,NULL,-2,NULL,NULL,1,'2013-10-24 16:41:19',86,2,2.2,NULL,'-20','-20',NULL,NULL,'-2.0',NULL,'2.2',NULL,0,0),(235,47,20,20,NULL,NULL,2,NULL,NULL,1,'2013-10-24 16:41:30',31,3,-1.8,NULL,'20','20',NULL,NULL,'2.0',NULL,'-1.8',NULL,0,0),(236,48,10,10,NULL,NULL,0.2,NULL,NULL,1,'2013-10-24 16:42:29',60,1,-0.1,NULL,'10','10',NULL,NULL,'0.20',NULL,'-0.10',NULL,0,0),(237,48,10,10,NULL,NULL,0.2,NULL,NULL,1,'2013-10-24 16:42:47',49,2,-0.1,NULL,'10','10',NULL,NULL,'0.20',NULL,'-0.10',NULL,0,0),(238,48,8,8,0,0,0.16,0,NULL,1,'2013-10-24 16:43:28',53,3,-0.06,0,'8','8','0','0','0.16','0','-0.06','0',0,0),(239,48,10,10,NULL,NULL,0.2,NULL,NULL,1,'2013-10-24 16:43:47',47,4,-0.1,NULL,'10','10',NULL,NULL,'0.20',NULL,'-0.10',NULL,0,0),(240,48,10,10,NULL,NULL,0.2,NULL,NULL,1,'2013-10-24 16:44:06',59,5,-0.1,NULL,'10','10',NULL,NULL,'0.20',NULL,'-0.10',NULL,0,0),(241,48,6,6,NULL,NULL,0.12,NULL,NULL,1,'2013-10-24 16:44:53',87,6,-0.02,NULL,'6','6',NULL,NULL,'0.12',NULL,'-0.02',NULL,0,0),(242,48,6,6,NULL,NULL,0.12,NULL,NULL,1,'2013-10-24 16:45:25',85,7,-0.02,NULL,'6','6',NULL,NULL,'0.12',NULL,'-0.02',NULL,0,0),(243,49,2,2,NULL,NULL,0.04,NULL,NULL,1,'2013-10-24 16:54:41',51,1,0.04,NULL,'2','2',NULL,NULL,'0.04',NULL,'0.04',NULL,0,0),(244,49,7,7,0,0,0.14,0,NULL,1,'2013-10-24 16:54:59',56,2,-0.06,0,'7','7','0','0','0.14','0','-0.06','0',0,0),(245,50,-10,-10,NULL,NULL,-0.1,NULL,NULL,1,'2013-10-26 10:34:42',4,1,0.06,NULL,'-10','-10',NULL,NULL,'-0.10',NULL,'0.06',NULL,0,0),(246,51,0,0,NULL,NULL,0,NULL,NULL,1,'2013-10-26 10:40:01',7,1,0,NULL,'0','0',NULL,NULL,'0.0',NULL,'0.0',NULL,0,0),(247,51,17,17,NULL,NULL,1.7,NULL,NULL,1,'2013-10-26 10:40:23',40,2,-1.7,NULL,'17','17',NULL,NULL,'1.7',NULL,'-1.7',NULL,0,0),(248,51,70,70,NULL,NULL,7,NULL,NULL,1,'2013-10-26 10:40:43',70,3,-7,NULL,'70','70',NULL,NULL,'7.0',NULL,'-7.0',NULL,0,0),(249,51,-4,-4,NULL,NULL,-0.8,NULL,NULL,1,'2013-10-26 10:41:19',66,4,0.8,NULL,'-4','-4',NULL,NULL,'-0.8',NULL,'0.8',NULL,0,0),(250,52,12,12,NULL,NULL,0.12,NULL,NULL,1,'2013-10-26 11:11:09',22,1,-0.13,NULL,'12','12',NULL,NULL,'0.12',NULL,'-0.13',NULL,0,0),(251,52,3,3,NULL,NULL,0.06,NULL,NULL,1,'2013-10-26 11:11:21',49,2,-0.06,NULL,'3','3',NULL,NULL,'0.06',NULL,'-0.06',NULL,0,0),(252,53,0,0,NULL,NULL,0,NULL,NULL,1,'2013-10-26 11:11:51',60,1,0,NULL,'0','0',NULL,NULL,'0.00',NULL,'0.00',NULL,0,0),(253,53,2,2,NULL,NULL,0.04,NULL,NULL,1,'2013-10-26 11:12:05',59,2,-0.04,NULL,'2','2',NULL,NULL,'0.04',NULL,'-0.04',NULL,0,0),(254,54,-5,-5,-2,-2,-0.25,-0.1,NULL,1,'2013-10-26 11:13:20',123,1,0.25,0.1,'-5','-5','-2','-2','-0.25','-0.10','0.25','0.10',0,0),(255,54,-10,-10,-5,-5,-0.5,-0.25,NULL,1,'2013-10-26 11:18:57',121,2,0.5,0.25,'-10','-10','-5','-5','-0.50','-0.25','0.50','0.25',0,0),(256,54,-5,-5,-5,-5,-0.25,-0.25,NULL,1,'2013-10-26 11:22:28',124,3,0.25,0.25,'-5','-5','-5','-5','-0.25','-0.25','0.25','0.25',0,0),(257,54,-10,-10,-3,-3,-0.5,-0.15,NULL,1,'2013-10-26 11:25:04',122,4,0.5,0.15,'-10','-10','-3','-3','-0.50','-0.15','0.50','0.15',0,0),(258,55,-8,-8,NULL,NULL,-0.8,NULL,NULL,1,'2013-10-26 11:33:31',74,1,0.8,NULL,'-8','-8',NULL,NULL,'-0.8',NULL,'0.8',NULL,0,0),(259,56,0,0,7,7,0,0.35,NULL,1,'2013-10-26 11:34:42',105,1,0,-0.35,'0','0','7','7','0.00','0.35','0.00','-0.35',0,0),(260,56,0,0,5,5,0,0.25,NULL,1,'2013-10-26 11:36:40',106,2,0,-0.25,'0','0','5','5','0.00','0.25','0.00','-0.25',0,0),(261,56,0,0,7,7,0,0.35,NULL,1,'2013-10-26 11:39:12',105,3,0,-0.35,'0','0','7','7','0.00','0.35','0.00','-0.35',0,0),(262,56,10,10,0,0,0.5,0,NULL,1,'2013-10-26 11:41:52',107,4,-0.5,0,'10','10','0','0','0.50','0.00','-0.50','0.00',0,0),(263,56,0,0,10,10,0,0.5,NULL,1,'2013-10-26 11:51:21',108,5,0,-0.5,'0','0','10','10','0.00','0.50','0.00','-0.50',0,0),(264,56,-10,-10,10,10,-0.5,0.5,NULL,1,'2013-10-26 11:57:55',78,6,0.5,-0.5,'-10','-10','10','10','-0.50','0.50','0.50','-0.50',0,0),(265,56,0,0,-3,-3,0,-0.15,NULL,1,'2013-10-26 12:00:56',77,7,0,0.15,'0','0','-3','-3','0.00','-0.15','0.00','0.15',0,0),(266,56,0,0,10,10,0,0.5,NULL,1,'2013-10-26 12:27:24',125,8,0,-0.5,'0','0','10','10','0.00','0.50','0.00','-0.50',0,0),(267,57,10,10,NULL,NULL,1,NULL,NULL,1,'2013-10-26 12:33:12',91,1,-1,NULL,'10','10',NULL,NULL,'1.0',NULL,'-1.0',NULL,0,0),(268,57,18,18,NULL,NULL,1.8,NULL,NULL,1,'2013-10-26 12:33:29',92,2,-1.8,NULL,'18','18',NULL,NULL,'1.8',NULL,'-1.8',NULL,0,0),(269,57,-14,-14,NULL,NULL,-1.4,NULL,NULL,1,'2013-10-26 12:33:43',93,3,1.4,NULL,'-14','-14',NULL,NULL,'-1.4',NULL,'1.4',NULL,0,0),(270,57,-10,-10,NULL,NULL,-1,NULL,NULL,1,'2013-10-26 12:33:56',94,4,1,NULL,'-10','-10',NULL,NULL,'-1.0',NULL,'1.0',NULL,0,0),(271,58,-2,-2,8,8,-0.1,0.4,NULL,1,'2013-10-26 12:35:11',113,1,0.1,-0.4,'-2','-2','8','8','-0.10','0.40','0.10','-0.40',0,0),(272,58,10,10,3,3,0.5,0.15,NULL,1,'2013-10-26 12:41:42',100,2,-0.5,-0.15,'10','10','3','3','0.50','0.15','-0.50','-0.15',0,0),(273,58,10,10,5,5,0.5,0.25,NULL,1,'2013-10-26 12:44:48',98,3,-0.5,-0.25,'10','10','5','5','0.50','0.25','-0.50','-0.25',0,0),(274,59,0,0,2,2,0,0.1,NULL,1,'2013-10-26 14:15:03',97,1,0,-0.1,'0','0','2','2','0.00','0.10','0.00','-0.10',0,0),(275,59,3,3,2,2,0.15,0.1,NULL,1,'2013-10-26 14:33:01',112,2,-0.15,-0.1,'3','3','2','2','0.15','0.10','-0.15','-0.10',0,0),(276,59,8,8,8,8,0.4,0.4,NULL,1,'2013-10-26 14:42:36',109,3,-0.4,-0.4,'8','8','8','8','0.40','0.40','-0.40','-0.40',0,0),(277,59,2,2,8,8,0.1,0.4,NULL,1,'2013-10-26 14:45:21',102,4,-0.1,-0.4,'2','2','8','8','0.10','0.40','-0.10','-0.40',0,0),(278,59,0,0,2,2,0,0.1,NULL,1,'2013-10-26 14:57:26',116,5,0,-0.1,'0','0','2','2','0.00','0.10','0.00','-0.10',0,0),(279,59,0,0,10,10,0,0.5,NULL,1,'2013-10-26 15:01:01',103,6,0,-0.5,'0','0','10','10','0.00','0.50','0.00','-0.50',0,0),(280,63,12,12,NULL,NULL,0.12,NULL,NULL,1,'2013-10-27 20:24:31',22,1,-0.13,NULL,'12','12',NULL,NULL,'0.12',NULL,'-0.13',NULL,0,0),(281,63,3,3,NULL,NULL,0.06,NULL,NULL,1,'2013-10-27 20:24:38',49,2,-0.06,NULL,'3','3',NULL,NULL,'0.06',NULL,'-0.06',NULL,0,0),(282,64,0,0,NULL,NULL,0,NULL,NULL,1,'2013-10-27 20:25:15',60,1,0,NULL,'0','0',NULL,NULL,'0.00',NULL,'0.00',NULL,0,0),(283,64,2,2,NULL,NULL,0.04,NULL,NULL,1,'2013-10-27 20:25:22',59,2,-0.04,NULL,'2','2',NULL,NULL,'0.04',NULL,'-0.04',NULL,0,0),(284,65,0,0,NULL,NULL,0,NULL,NULL,1,'2013-10-27 20:25:55',5,1,0.04,NULL,'0','0',NULL,NULL,'0.00',NULL,'0.04',NULL,0,0),(285,66,0,0,NULL,NULL,0,NULL,NULL,1,'2013-10-27 20:26:21',5,1,0.04,NULL,'0','0',NULL,NULL,'0.00',NULL,'0.04',NULL,0,0),(286,67,3,3,NULL,NULL,0.6,NULL,NULL,1,'2013-10-27 20:26:51',68,1,-0.6,NULL,'3','3',NULL,NULL,'0.6',NULL,'-0.6',NULL,0,0),(287,67,-10,-10,NULL,NULL,-2,NULL,NULL,1,'2013-10-27 20:27:00',25,2,2,NULL,'-10','-10',NULL,NULL,'-2.0',NULL,'2.0',NULL,0,0),(288,67,8,8,NULL,NULL,1.6,NULL,NULL,1,'2013-10-27 20:27:09',12,3,-1.6,NULL,'8','8',NULL,NULL,'1.6',NULL,'-1.6',NULL,0,0),(289,67,4,4,NULL,NULL,0.8,NULL,NULL,1,'2013-10-27 20:27:16',8,4,-0.8,NULL,'4','4',NULL,NULL,'0.8',NULL,'-0.8',NULL,0,0),(290,67,0,0,NULL,NULL,0,NULL,NULL,1,'2013-10-27 20:27:22',11,5,0,NULL,'0','0',NULL,NULL,'0.0',NULL,'0.0',NULL,0,0),(291,67,-14,-14,NULL,NULL,-2.8,NULL,NULL,1,'2013-10-27 20:27:30',26,6,2.8,NULL,'-14','-14',NULL,NULL,'-2.8',NULL,'2.8',NULL,0,0),(292,67,80,80,NULL,NULL,16,NULL,NULL,1,'2013-10-27 20:27:46',28,7,-16,NULL,'80','80',NULL,NULL,'16.0',NULL,'-16.0',NULL,0,0),(293,67,-3,-3,NULL,NULL,-0.6,NULL,NULL,1,'2013-10-27 20:27:53',13,8,0.6,NULL,'-3','-3',NULL,NULL,'-0.6',NULL,'0.6',NULL,0,0),(294,68,-14,-14,NULL,NULL,-2.8,NULL,NULL,1,'2013-10-27 20:28:17',2,1,2.8,NULL,'-14','-14',NULL,NULL,'-2.8',NULL,'2.8',NULL,0,0),(295,68,-7,-7,NULL,NULL,-1.4,NULL,NULL,1,'2013-10-27 20:28:24',128,2,1.4,NULL,'-7','-7',NULL,NULL,'-1.4',NULL,'1.4',NULL,0,0),(296,68,3,3,NULL,NULL,0.6,NULL,NULL,1,'2013-10-27 20:28:30',84,3,-0.6,NULL,'3','3',NULL,NULL,'0.6',NULL,'-0.6',NULL,0,0),(297,68,-3,-3,NULL,NULL,-0.6,NULL,NULL,1,'2013-10-27 20:28:37',10,4,0.6,NULL,'-3','-3',NULL,NULL,'-0.6',NULL,'0.6',NULL,0,0),(298,68,-6,-6,NULL,NULL,-1.2,NULL,NULL,1,'2013-10-27 20:28:45',14,5,1.2,NULL,'-6','-6',NULL,NULL,'-1.2',NULL,'1.2',NULL,0,0),(299,68,-10,-10,NULL,NULL,-2,NULL,NULL,1,'2013-10-27 20:28:53',96,6,2,NULL,'-10','-10',NULL,NULL,'-2.0',NULL,'2.0',NULL,0,0),(300,68,-20,-20,NULL,NULL,-4,NULL,NULL,1,'2013-10-27 20:29:04',37,7,4,NULL,'-20','-20',NULL,NULL,'-4.0',NULL,'4.0',NULL,0,0),(301,68,-10,-10,NULL,NULL,-2,NULL,NULL,1,'2013-10-27 20:29:10',88,8,2,NULL,'-10','-10',NULL,NULL,'-2.0',NULL,'2.0',NULL,0,0),(302,69,4,4,NULL,NULL,0.8,NULL,NULL,1,'2013-10-27 20:29:33',30,1,-0.8,NULL,'4','4',NULL,NULL,'0.8',NULL,'-0.8',NULL,0,0),(303,69,0,0,NULL,NULL,0,NULL,NULL,1,'2013-10-27 20:29:38',66,2,0,NULL,'0','0',NULL,NULL,'0.0',NULL,'0.0',NULL,0,0),(304,69,8,8,NULL,NULL,1.6,NULL,NULL,1,'2013-10-27 20:29:44',132,3,-1.6,NULL,'8','8',NULL,NULL,'1.6',NULL,'-1.6',NULL,0,0),(305,70,-10,-10,NULL,NULL,-0.1,NULL,NULL,1,'2013-10-27 20:30:06',5,1,0.1,NULL,'-10','-10',NULL,NULL,'-0.10',NULL,'0.10',NULL,0,0),(306,71,-19,-19,NULL,NULL,-1.9,NULL,NULL,1,'2013-10-27 20:30:35',86,1,1.9,NULL,'-19','-19',NULL,NULL,'-1.9',NULL,'1.9',NULL,0,0),(307,72,-9,-9,NULL,NULL,-0.18,NULL,NULL,1,'2013-10-27 20:40:26',55,1,0.18,NULL,'-9','-9',NULL,NULL,'-0.18',NULL,'0.18',NULL,0,0),(308,72,0,0,NULL,NULL,0,NULL,NULL,1,'2013-10-27 20:40:33',53,2,0,NULL,'0','0',NULL,NULL,'0.00',NULL,'0.00',NULL,0,0),(309,72,10,10,NULL,NULL,0.2,NULL,NULL,1,'2013-10-27 20:40:41',52,3,-0.2,NULL,'10','10',NULL,NULL,'0.20',NULL,'-0.20',NULL,0,0),(310,72,-7,-7,NULL,NULL,-0.14,NULL,NULL,1,'2013-10-27 20:40:49',54,4,0.14,NULL,'-7','-7',NULL,NULL,'-0.14',NULL,'0.14',NULL,0,0),(311,72,12,12,NULL,NULL,0.12,NULL,NULL,1,'2013-10-27 20:41:00',4,5,-0.12,NULL,'12','12',NULL,NULL,'0.12',NULL,'-0.12',NULL,0,0),(312,72,0,0,NULL,NULL,0,NULL,NULL,1,'2013-10-27 20:42:13',56,6,0,NULL,'0','0',NULL,NULL,'0.00',NULL,'0.00',NULL,0,0),(313,72,0,0,NULL,NULL,0,NULL,NULL,1,'2013-10-27 20:42:20',49,7,0,NULL,'0','0',NULL,NULL,'0.00',NULL,'0.00',NULL,0,0),(314,72,0,0,NULL,NULL,0,NULL,NULL,1,'2013-10-27 20:42:27',51,8,0,NULL,'0','0',NULL,NULL,'0.00',NULL,'0.00',NULL,0,0),(315,73,20,20,NULL,NULL,0.2,NULL,NULL,1,'2013-10-27 20:42:48',39,1,-0.2,NULL,'20','20',NULL,NULL,'0.20',NULL,'-0.20',NULL,0,0),(316,73,0,0,NULL,NULL,0,NULL,NULL,1,'2013-10-27 20:42:58',47,2,0,NULL,'0','0',NULL,NULL,'0.00',NULL,'0.00',NULL,0,0),(317,73,0,0,NULL,NULL,0,NULL,NULL,1,'2013-10-27 20:43:04',45,3,0,NULL,'0','0',NULL,NULL,'0.00',NULL,'0.00',NULL,0,0),(318,73,0,0,NULL,NULL,0,NULL,NULL,1,'2013-10-27 20:43:10',3,4,0,NULL,'0','0',NULL,NULL,'0.00',NULL,'0.00',NULL,0,0),(319,73,1,1,NULL,NULL,0.02,NULL,NULL,1,'2013-10-27 20:43:16',50,5,-0.02,NULL,'1','1',NULL,NULL,'0.02',NULL,'-0.02',NULL,0,0),(320,73,1,1,NULL,NULL,0.02,NULL,NULL,1,'2013-10-27 20:44:10',50,6,-0.02,NULL,'1','1',NULL,NULL,'0.02',NULL,'-0.02',NULL,0,0),(321,73,0,0,NULL,NULL,0,NULL,NULL,1,'2013-10-27 20:44:15',60,7,0,NULL,'0','0',NULL,NULL,'0.00',NULL,'0.00',NULL,0,0),(322,73,0,0,NULL,NULL,0,NULL,NULL,1,'2013-10-27 20:44:22',46,8,0,NULL,'0','0',NULL,NULL,'0.00',NULL,'0.00',NULL,0,0),(323,74,0,0,NULL,NULL,0,NULL,NULL,1,'2013-10-27 20:46:19',57,1,0.02,NULL,'0','0',NULL,NULL,'0.00',NULL,'0.02',NULL,0,0),(324,75,20,20,NULL,NULL,0.2,NULL,NULL,1,'2013-10-27 20:46:51',22,1,-0.2,NULL,'20','20',NULL,NULL,'0.20',NULL,'-0.20',NULL,0,0),(325,76,-45,-45,NULL,NULL,-4.5,NULL,NULL,1,'2013-10-27 20:50:13',70,1,4.5,NULL,'-45','-45',NULL,NULL,'-4.5',NULL,'4.5',NULL,0,0),(326,76,-30,-30,NULL,NULL,-3,NULL,NULL,1,'2013-10-27 20:50:50',31,2,3,NULL,'-30','-30',NULL,NULL,'-3.0',NULL,'3.0',NULL,0,0),(327,76,0,0,NULL,NULL,0,NULL,NULL,1,'2013-10-27 20:50:59',85,3,0,NULL,'0','0',NULL,NULL,'0.00',NULL,'0.00',NULL,0,0),(328,76,-10,-10,NULL,NULL,-1,NULL,NULL,1,'2013-10-27 20:51:09',15,4,1,NULL,'-10','-10',NULL,NULL,'-1.0',NULL,'1.0',NULL,0,0),(329,76,0,0,NULL,NULL,0,NULL,NULL,1,'2013-10-27 20:51:14',58,5,0,NULL,'0','0',NULL,NULL,'0.00',NULL,'0.00',NULL,0,0),(330,76,0,0,NULL,NULL,0,NULL,NULL,1,'2013-10-27 20:51:21',59,6,0,NULL,'0','0',NULL,NULL,'0.00',NULL,'0.00',NULL,0,0),(331,76,0,0,NULL,NULL,0,NULL,NULL,1,'2013-10-27 20:51:26',48,7,0,NULL,'0','0',NULL,NULL,'0.00',NULL,'0.00',NULL,0,0),(332,76,0,0,NULL,NULL,0,NULL,NULL,1,'2013-10-27 20:51:34',87,8,0,NULL,'0','0',NULL,NULL,'0.00',NULL,'0.00',NULL,0,0),(333,77,-2,-2,NULL,NULL,-0.2,NULL,NULL,1,'2013-10-27 20:51:55',1,1,0.2,NULL,'-2','-2',NULL,NULL,'-0.2',NULL,'0.2',NULL,0,0),(334,77,0,0,NULL,NULL,0,NULL,NULL,1,'2013-10-27 20:52:06',43,2,0,NULL,'0','0',NULL,NULL,'0.0',NULL,'0.0',NULL,0,0),(335,77,-3,-3,NULL,NULL,-0.3,NULL,NULL,1,'2013-10-27 20:52:18',83,3,0.3,NULL,'-3','-3',NULL,NULL,'-0.3',NULL,'0.3',NULL,0,0),(336,77,0,0,NULL,NULL,0,NULL,NULL,1,'2013-10-27 20:52:26',63,4,0,NULL,'0','0',NULL,NULL,'0.0',NULL,'0.0',NULL,0,0),(337,77,-8,-8,NULL,NULL,-0.8,NULL,NULL,1,'2013-10-27 20:52:34',23,5,0.8,NULL,'-8','-8',NULL,NULL,'-0.8',NULL,'0.8',NULL,0,0),(338,77,0,0,NULL,NULL,0,NULL,NULL,1,'2013-10-27 20:52:40',67,6,0,NULL,'0','0',NULL,NULL,'0.0',NULL,'0.0',NULL,0,0),(339,77,-4,-4,NULL,NULL,-0.4,NULL,NULL,1,'2013-10-27 20:52:47',95,7,0.4,NULL,'-4','-4',NULL,NULL,'-0.4',NULL,'0.4',NULL,0,0),(340,77,2,2,NULL,NULL,0.2,NULL,NULL,1,'2013-10-27 20:52:57',127,8,-0.2,NULL,'2','2',NULL,NULL,'0.2',NULL,'-0.2',NULL,0,0),(341,78,1,1,NULL,NULL,0.1,NULL,NULL,1,'2013-10-27 20:53:20',6,1,-0.1,NULL,'1','1',NULL,NULL,'0.1',NULL,'-0.1',NULL,0,0),(342,78,7,7,NULL,NULL,0.7,NULL,NULL,1,'2013-10-27 20:53:27',61,2,-0.7,NULL,'7','7',NULL,NULL,'0.7',NULL,'-0.7',NULL,0,0),(343,78,0,0,NULL,NULL,0,NULL,NULL,1,'2013-10-27 20:53:32',33,3,0,NULL,'0','0',NULL,NULL,'0.0',NULL,'0.0',NULL,0,0),(344,78,-3,-3,NULL,NULL,-0.3,NULL,NULL,1,'2013-10-27 20:53:46',36,4,0.3,NULL,'-3','-3',NULL,NULL,'-0.3',NULL,'0.3',NULL,0,0),(345,78,0,0,NULL,NULL,0,NULL,NULL,1,'2013-10-27 20:53:51',42,5,0,NULL,'0','0',NULL,NULL,'0.0',NULL,'0.0',NULL,0,0),(346,78,2,2,NULL,NULL,0.2,NULL,NULL,1,'2013-10-27 20:54:02',32,6,-0.2,NULL,'2','2',NULL,NULL,'0.2',NULL,'-0.2',NULL,0,0),(347,78,-25,-25,NULL,NULL,-2.5,NULL,NULL,1,'2013-10-27 20:54:13',71,7,2.5,NULL,'-25','-25',NULL,NULL,'-2.5',NULL,'2.5',NULL,0,0),(348,78,0,0,NULL,NULL,0,NULL,NULL,1,'2013-10-27 20:54:19',64,8,0,NULL,'0','0',NULL,NULL,'0.0',NULL,'0.0',NULL,0,0),(349,79,0,0,NULL,NULL,0,NULL,NULL,1,'2013-10-27 20:54:39',76,1,0,NULL,'0','0',NULL,NULL,'0.0',NULL,'0.0',NULL,0,0),(350,79,-12,-12,NULL,NULL,-1.2,NULL,NULL,1,'2013-10-27 20:54:46',89,2,1.2,NULL,'-12','-12',NULL,NULL,'-1.2',NULL,'1.2',NULL,0,0),(351,79,2,2,NULL,NULL,0.2,NULL,NULL,1,'2013-10-27 20:54:54',24,3,-0.2,NULL,'2','2',NULL,NULL,'0.2',NULL,'-0.2',NULL,0,0),(352,79,-2,-2,NULL,NULL,-0.2,NULL,NULL,1,'2013-10-27 20:55:01',131,4,0.2,NULL,'-2','-2',NULL,NULL,'-0.2',NULL,'0.2',NULL,0,0),(353,79,-7,-7,NULL,NULL,-0.7,NULL,NULL,1,'2013-10-27 20:55:12',90,5,0.7,NULL,'-7','-7',NULL,NULL,'-0.7',NULL,'0.7',NULL,0,0),(354,79,-3,-3,NULL,NULL,-0.3,NULL,NULL,1,'2013-10-27 20:55:19',129,6,0.3,NULL,'-3','-3',NULL,NULL,'-0.3',NULL,'0.3',NULL,0,0),(355,79,10,10,NULL,NULL,1,NULL,NULL,1,'2013-10-27 20:55:26',27,7,-1,NULL,'10','10',NULL,NULL,'1.0',NULL,'-1.0',NULL,0,0),(356,79,-3,-3,NULL,NULL,-0.3,NULL,NULL,1,'2013-10-27 20:55:36',75,8,0.3,NULL,'-3','-3',NULL,NULL,'-0.3',NULL,'0.3',NULL,0,0),(357,80,-22,-22,NULL,NULL,-2.2,NULL,NULL,1,'2013-10-27 20:55:53',69,1,2.2,NULL,'-22','-22',NULL,NULL,'-2.2',NULL,'2.2',NULL,0,0),(358,80,3,3,NULL,NULL,0.3,NULL,NULL,1,'2013-10-27 20:56:03',62,2,-0.3,NULL,'3','3',NULL,NULL,'0.3',NULL,'-0.3',NULL,0,0),(359,81,2,2,0,0,0.1,0,NULL,1,'2013-10-27 20:56:54',111,1,-0.1,0,'2','2','0','0','0.10','0.00','-0.10','0.00',0,0),(360,81,0,0,3,3,0,0.15,NULL,1,'2013-10-27 20:57:03',99,2,0,-0.15,'0','0','3','3','0.00','0.15','0.00','-0.15',0,0),(361,81,-10,-10,-7,-7,-0.5,-0.35,NULL,1,'2013-10-27 20:57:20',82,3,0.5,0.35,'-10','-10','-7','-7','-0.50','-0.35','0.50','0.35',0,0),(362,81,-2,-2,-3,-3,-0.1,-0.15,NULL,1,'2013-10-27 20:57:31',80,4,0.1,0.15,'-2','-2','-3','-3','-0.10','-0.15','0.10','0.15',0,0),(363,82,-2,-2,NULL,NULL,-0.2,NULL,NULL,1,'2013-10-27 20:57:57',130,1,0.2,NULL,'-2','-2',NULL,NULL,'-0.2',NULL,'0.2',NULL,0,0),(364,82,0,0,NULL,NULL,0,NULL,NULL,1,'2013-10-27 20:58:03',44,2,0,NULL,'0','0',NULL,NULL,'0.0',NULL,'0.0',NULL,0,0),(365,82,0,0,NULL,NULL,0,NULL,NULL,1,'2013-10-27 20:58:09',68,3,0,NULL,'0','0',NULL,NULL,'0.0',NULL,'0.0',NULL,0,0),(366,82,-3,-3,NULL,NULL,-0.6,NULL,NULL,1,'2013-10-27 20:58:16',26,4,0.6,NULL,'-3','-3',NULL,NULL,'-0.6',NULL,'0.6',NULL,0,0),(367,82,-5,-5,NULL,NULL,-1,NULL,NULL,1,'2013-10-27 20:58:22',17,5,1,NULL,'-5','-5',NULL,NULL,'-1.0',NULL,'1.0',NULL,0,0),(368,82,10,10,NULL,NULL,1,NULL,NULL,1,'2013-10-27 20:58:30',92,6,-1,NULL,'10','10',NULL,NULL,'1.0',NULL,'-1.0',NULL,0,0),(369,82,0,0,NULL,NULL,0,NULL,NULL,1,'2013-10-27 20:58:35',9,7,0,NULL,'0','0',NULL,NULL,'0.0',NULL,'0.0',NULL,0,0),(370,82,0,0,NULL,NULL,0,NULL,NULL,1,'2013-10-27 20:58:43',38,8,0,NULL,'0','0',NULL,NULL,'0.0',NULL,'0.0',NULL,0,0),(371,83,0,0,NULL,NULL,0,NULL,NULL,1,'2013-10-27 20:59:03',126,1,0,NULL,'0','0',NULL,NULL,'0.0',NULL,'0.0',NULL,0,0),(372,83,2,2,NULL,NULL,0.4,NULL,NULL,1,'2013-10-27 21:01:30',41,2,-0.4,NULL,'2','2',NULL,NULL,'0.4',NULL,'-0.4',NULL,0,0),(373,83,-10,-10,NULL,NULL,-1,NULL,NULL,1,'2013-10-27 21:01:39',93,3,1,NULL,'-10','-10',NULL,NULL,'-1.0',NULL,'1.0',NULL,0,0),(374,83,-2,-2,NULL,NULL,-0.2,NULL,NULL,1,'2013-10-27 21:01:48',18,4,0.2,NULL,'-2','-2',NULL,NULL,'-0.2',NULL,'0.2',NULL,0,0),(375,83,-7,-7,NULL,NULL,-0.7,NULL,NULL,1,'2013-10-27 21:02:00',73,5,0.7,NULL,'-7','-7',NULL,NULL,'-0.7',NULL,'0.7',NULL,0,0),(376,83,-6,-6,NULL,NULL,-1.2,NULL,NULL,1,'2013-10-27 21:02:08',16,6,1.2,NULL,'-6','-6',NULL,NULL,'-1.2',NULL,'1.2',NULL,0,0),(377,83,0,0,NULL,NULL,0,NULL,NULL,1,'2013-10-27 21:02:15',132,7,0,NULL,'0','0',NULL,NULL,'0.0',NULL,'0.0',NULL,0,0),(378,83,0,0,NULL,NULL,0,NULL,NULL,1,'2013-10-27 21:02:21',29,8,0,NULL,'0','0',NULL,NULL,'0.0',NULL,'0.0',NULL,0,0),(379,84,-3,-3,NULL,NULL,-0.3,NULL,NULL,1,'2013-10-27 21:02:47',34,1,0.3,NULL,'-3','-3',NULL,NULL,'-0.3',NULL,'0.3',NULL,0,0),(380,84,0,0,NULL,NULL,0,NULL,NULL,1,'2013-10-27 21:02:54',66,2,0,NULL,'0','0',NULL,NULL,'0.0',NULL,'0.0',NULL,0,0),(381,84,0,0,NULL,NULL,0,NULL,NULL,1,'2013-10-27 21:06:06',20,3,0,NULL,'0','0',NULL,NULL,'0.0',NULL,'0.0',NULL,0,0),(382,84,4,4,NULL,NULL,0.4,NULL,NULL,1,'2013-10-27 21:06:16',91,4,-0.4,NULL,'4','4',NULL,NULL,'0.4',NULL,'-0.4',NULL,0,0),(383,84,4,4,NULL,NULL,0.4,NULL,NULL,1,'2013-10-27 21:06:21',35,5,-0.4,NULL,'4','4',NULL,NULL,'0.4',NULL,'-0.4',NULL,0,0),(384,84,0,0,NULL,NULL,0,NULL,NULL,1,'2013-10-27 21:06:27',19,6,0,NULL,'0','0',NULL,NULL,'0.0',NULL,'0.0',NULL,0,0),(385,84,-10,-10,NULL,NULL,-1,NULL,NULL,1,'2013-10-27 21:06:37',94,7,1,NULL,'-10','-10',NULL,NULL,'-1.0',NULL,'1.0',NULL,0,0),(386,84,-30,-30,NULL,NULL,-3,NULL,NULL,1,'2013-10-27 21:06:59',86,8,3,NULL,'-30','-30',NULL,NULL,'-3.0',NULL,'3.0',NULL,0,0),(387,85,0,0,NULL,NULL,0,NULL,NULL,1,'2013-10-27 21:07:19',65,1,0,NULL,'0','0',NULL,NULL,'0.0',NULL,'0.0',NULL,0,0),(388,86,2,2,0,0,0.1,0,NULL,1,'2013-10-28 09:33:16',115,1,-0.1,0,'2','2','0','0','0.10','0.00','-0.10','0.00',0,0),(389,86,-5,-5,-4,-4,-0.25,-0.2,NULL,1,'2013-10-28 09:33:34',114,2,0.25,0.2,'-5','-5','-4','-4','-0.25','-0.20','0.25','0.20',0,0),(390,86,-10,-10,10,10,-0.5,0.5,NULL,1,'2013-10-28 09:33:47',111,3,0.5,-0.5,'-10','-10','10','10','-0.50','0.50','0.50','-0.50',0,0),(391,86,5,5,8,8,0.25,0.4,NULL,1,'2013-10-28 09:33:56',110,4,-0.25,-0.4,'5','5','8','8','0.25','0.40','-0.25','-0.40',0,0),(392,86,-10,-10,-7,-7,-0.5,-0.35,NULL,1,'2013-10-28 09:34:21',81,5,0.5,0.35,'-10','-10','-7','-7','-0.50','-0.35','0.50','0.35',0,0),(393,87,-4,-4,NULL,NULL,-0.4,NULL,NULL,1,'2013-10-28 09:34:45',40,1,0.4,NULL,'-4','-4',NULL,NULL,'-0.4',NULL,'0.4',NULL,0,0),(394,87,-4,-4,NULL,NULL,-0.4,NULL,NULL,1,'2013-10-28 09:34:52',7,2,0.4,NULL,'-4','-4',NULL,NULL,'-0.4',NULL,'0.4',NULL,0,0),(395,87,0,0,NULL,NULL,0,NULL,NULL,1,'2013-10-28 09:34:59',8,3,0,NULL,'0','0',NULL,NULL,'0.0',NULL,'0.0',NULL,0,0),(396,87,0,0,NULL,NULL,0,NULL,NULL,1,'2013-10-28 09:35:05',25,4,0,NULL,'0','0',NULL,NULL,'0.0',NULL,'0.0',NULL,0,0),(397,87,-3,-3,NULL,NULL,-0.6,NULL,NULL,1,'2013-10-28 09:41:17',37,5,0.6,NULL,'-3','-3',NULL,NULL,'-0.6',NULL,'0.6',NULL,0,0),(398,87,-8,-8,NULL,NULL,-0.8,NULL,NULL,1,'2013-10-28 09:41:25',74,6,0.8,NULL,'-8','-8',NULL,NULL,'-0.8',NULL,'0.8',NULL,0,0),(399,87,2,2,NULL,NULL,0.4,NULL,NULL,1,'2013-10-28 09:41:31',12,7,-0.4,NULL,'2','2',NULL,NULL,'0.4',NULL,'-0.4',NULL,0,0),(400,87,0,0,NULL,NULL,0,NULL,NULL,1,'2013-10-28 09:41:36',84,8,0,NULL,'0','0',NULL,NULL,'0.0',NULL,'0.0',NULL,0,0),(401,88,-3,-3,NULL,NULL,-0.6,NULL,NULL,1,'2013-10-28 09:41:55',88,1,0.6,NULL,'-3','-3',NULL,NULL,'-0.6',NULL,'0.6',NULL,0,0),(402,88,30,30,NULL,NULL,6,NULL,NULL,1,'2013-10-28 09:42:08',28,2,-6,NULL,'30','30',NULL,NULL,'6.0',NULL,'-6.0',NULL,0,0),(403,88,0,0,NULL,NULL,0,NULL,NULL,1,'2013-10-28 09:42:13',128,3,0,NULL,'0','0',NULL,NULL,'0.0',NULL,'0.0',NULL,0,0),(404,88,0,0,NULL,NULL,0,NULL,NULL,1,'2013-10-28 09:42:19',96,4,0,NULL,'0','0',NULL,NULL,'0.0',NULL,'0.0',NULL,0,0),(405,88,2,2,NULL,NULL,0.4,NULL,NULL,1,'2013-10-28 09:42:24',14,5,-0.4,NULL,'2','2',NULL,NULL,'0.4',NULL,'-0.4',NULL,0,0),(406,88,0,0,NULL,NULL,0,NULL,NULL,1,'2013-10-28 09:42:30',11,6,0,NULL,'0','0',NULL,NULL,'0.0',NULL,'0.0',NULL,0,0),(407,88,0,0,NULL,NULL,0,NULL,NULL,1,'2013-10-28 09:42:36',13,7,0,NULL,'0','0',NULL,NULL,'0.0',NULL,'0.0',NULL,0,0),(408,88,-3,-3,NULL,NULL,-0.6,NULL,NULL,1,'2013-10-28 09:42:43',30,8,0.6,NULL,'-3','-3',NULL,NULL,'-0.6',NULL,'0.6',NULL,0,0),(409,89,2,2,NULL,NULL,0.4,NULL,NULL,1,'2013-10-28 09:43:01',2,1,-0.4,NULL,'2','2',NULL,NULL,'0.4',NULL,'-0.4',NULL,0,0),(410,89,-3,-3,NULL,NULL,-0.6,NULL,NULL,1,'2013-10-28 09:43:07',10,2,0.6,NULL,'-3','-3',NULL,NULL,'-0.6',NULL,'0.6',NULL,0,0),(411,90,-8,-8,NULL,NULL,-0.8,NULL,NULL,1,'2013-10-28 09:44:25',35,1,0.8,NULL,'-8','-8',NULL,NULL,'-0.8',NULL,'0.8',NULL,0,0),(412,91,0,0,10,10,0,0.5,NULL,1,'2013-10-28 11:27:21',106,1,0,-0.5,'0','0','10','10','0.00','0.50','0.00','-0.50',0,0),(413,91,-10,-10,-5,-5,-0.5,-0.25,NULL,1,'2013-10-28 11:27:32',122,2,0.5,0.25,'-10','-10','-5','-5','-0.50','-0.25','0.50','0.25',0,0),(414,91,-5,-5,-7,-7,-0.25,-0.35,NULL,1,'2013-10-28 11:27:42',124,3,0.25,0.35,'-5','-5','-7','-7','-0.25','-0.35','0.25','0.35',0,0),(415,91,0,0,3,3,0,0.15,NULL,1,'2013-10-28 11:27:51',105,4,0,-0.15,'0','0','3','3','0.00','0.15','0.00','-0.15',0,0),(416,91,-7,-7,0,0,-0.35,0,NULL,1,'2013-10-28 11:28:10',121,5,0.35,0,'-7','-7','0','0','-0.35','0.00','0.35','0.00',0,0),(417,91,-7,-7,-2,-2,-0.35,-0.1,NULL,1,'2013-10-28 11:28:22',123,6,0.35,0.1,'-7','-7','-2','-2','-0.35','-0.10','0.35','0.10',0,0),(418,91,8,8,7,7,0.4,0.35,NULL,1,'2013-10-28 11:31:41',110,7,-0.4,-0.35,'8','8','7','7','0.40','0.35','-0.40','-0.35',0,0),(419,91,-10,-10,3,3,-0.5,0.15,NULL,1,'2013-10-28 11:31:53',111,8,0.5,-0.15,'-10','-10','3','3','-0.50','0.15','0.50','-0.15',0,0),(420,92,-10,-10,-8,-8,-0.5,-0.4,NULL,1,'2013-10-28 11:32:20',81,1,0.5,0.4,'-10','-10','-8','-8','-0.50','-0.40','0.50','0.40',0,0),(421,92,-3,-3,-7,-7,-0.15,-0.35,NULL,1,'2013-10-28 11:32:30',114,2,0.15,0.35,'-3','-3','-7','-7','-0.15','-0.35','0.15','0.35',0,0),(422,92,-8,-8,5,5,-0.4,0.25,NULL,1,'2013-10-28 11:35:08',99,3,0.4,-0.25,'-8','-8','5','5','-0.40','0.25','0.40','-0.25',0,0),(423,92,-10,-10,-10,-10,-0.5,-0.5,NULL,1,'2013-10-28 11:35:21',82,4,0.5,0.5,'-10','-10','-10','-10','-0.50','-0.50','0.50','0.50',0,0),(424,92,0,0,10,10,0,0.5,NULL,1,'2013-10-28 11:35:29',103,5,0,-0.5,'0','0','10','10','0.00','0.50','0.00','-0.50',0,0),(425,92,-8,-8,0,0,-0.4,0,NULL,1,'2013-10-28 11:35:40',116,6,0.4,0,'-8','-8','0','0','-0.40','0.00','0.40','0.00',0,0),(426,92,10,10,7,7,0.5,0.35,NULL,1,'2013-10-28 11:35:58',101,7,-0.5,-0.35,'10','10','7','7','0.50','0.35','-0.50','-0.35',0,0),(427,92,8,8,8,8,0.4,0.4,NULL,1,'2013-10-28 11:36:07',102,8,-0.4,-0.4,'8','8','8','8','0.40','0.40','-0.40','-0.40',0,0),(428,93,10,10,0,0,0.5,0,NULL,1,'2013-10-28 11:36:30',115,1,-0.5,0,'10','10','0','0','0.50','0.00','-0.50','0.00',0,0),(429,93,20,20,0,0,1,0,NULL,1,'2013-10-28 11:36:40',98,2,-1,0,'20','20','0','0','1.00','0.00','-1.00','0.00',0,0),(430,93,-5,-5,5,5,-0.25,0.25,NULL,1,'2013-10-28 11:36:54',113,3,0.25,-0.25,'-5','-5','5','5','-0.25','0.25','0.25','-0.25',0,0),(431,93,0,0,8,8,0,0.4,NULL,1,'2013-10-28 11:37:03',125,4,0,-0.4,'0','0','8','8','0.00','0.40','0.00','-0.40',0,0),(432,93,10,10,5,5,0.5,0.25,NULL,1,'2013-10-28 11:37:17',109,5,-0.5,-0.25,'10','10','5','5','0.50','0.25','-0.50','-0.25',0,0),(433,93,15,15,0,0,0.75,0,NULL,1,'2013-10-28 11:37:26',100,6,-0.75,0,'15','15','0','0','0.75','0.00','-0.75','0.00',0,0),(434,93,0,0,-4,-4,0,-0.2,NULL,1,'2013-10-28 11:37:48',77,7,0,0.2,'0','0','-4','-4','0.00','-0.20','0.00','0.20',0,0),(435,93,-7,-7,20,20,-0.35,1,NULL,1,'2013-10-28 11:37:58',78,8,0.35,-1,'-7','-7','20','20','-0.35','1.00','0.35','-1.00',0,0),(436,94,2,2,3,3,0.1,0.15,NULL,1,'2013-10-28 11:38:20',112,1,-0.1,-0.15,'2','2','3','3','0.10','0.15','-0.10','-0.15',0,0),(437,94,-3,-3,-6,-6,-0.15,-0.3,NULL,1,'2013-10-28 11:38:30',80,2,0.15,0.3,'-3','-3','-6','-6','-0.15','-0.30','0.15','0.30',0,0),(438,94,-2,-2,10,10,-0.1,0.5,NULL,1,'2013-10-28 11:38:51',108,3,0.1,-0.5,'-2','-2','10','10','-0.10','0.50','0.10','-0.50',0,0),(439,94,0,0,2,2,0,0.1,NULL,1,'2013-10-28 11:39:00',97,4,0,-0.1,'0','0','2','2','0.00','0.10','0.00','-0.10',0,0),(440,94,10,10,2,2,0.5,0.1,NULL,1,'2013-10-28 11:39:11',107,5,-0.5,-0.1,'10','10','2','2','0.50','0.10','-0.50','-0.10',0,0),(441,94,10,10,6,6,0.5,0.3,NULL,1,'2013-10-28 11:39:22',104,6,-0.5,-0.3,'10','10','6','6','0.50','0.30','-0.50','-0.30',0,0),(442,94,2,2,-5,-5,0.1,-0.25,NULL,1,'2013-10-28 11:39:52',79,7,-0.1,0.25,'2','2','-5','-5','0.10','-0.25','-0.10','0.25',0,0),(443,95,-3,-3,-5,-5,-0.15,-0.25,NULL,1,'2013-10-28 11:40:20',79,1,0.15,0.25,'-3','-3','-5','-5','-0.15','-0.25','0.15','0.25',0,0),(444,95,2,2,0,0,0.1,0,NULL,1,'2013-10-28 11:48:32',101,2,-0.1,0,'2','2','0','0','0.10','0.00','-0.10','0.00',0,0),(445,96,20,20,8,8,1,0.4,NULL,1,'2013-10-28 14:52:50',104,1,-1,-0.4,'20','20','8','8','1.00','0.40','-1.00','-0.40',0,0),(446,96,5,5,0,0,0.25,0,NULL,1,'2013-10-28 14:52:58',107,2,-0.25,0,'5','5','0','0','0.25','0.00','-0.25','0.00',0,0),(447,96,0,0,-3,-3,0,-0.15,NULL,1,'2013-10-28 14:53:09',97,3,0,0.15,'0','0','-3','-3','0.00','-0.15','0.00','0.15',0,0),(448,96,-5,-5,3,3,-0.25,0.15,NULL,1,'2013-10-28 14:53:22',108,4,0.25,-0.15,'-5','-5','3','3','-0.25','0.15','0.25','-0.15',0,0),(449,96,10,10,0,0,0.5,0,NULL,1,'2013-10-28 14:53:31',79,5,-0.5,0,'10','10','0','0','0.50','0.00','-0.50','0.00',0,0),(450,96,0,0,-3,-3,0,-0.15,NULL,1,'2013-10-28 14:53:41',80,6,0,0.15,'0','0','-3','-3','0.00','-0.15','0.00','0.15',0,0),(451,96,0,0,8,8,0,0.4,NULL,1,'2013-10-28 14:53:52',112,7,0,-0.4,'0','0','8','8','0.00','0.40','0.00','-0.40',0,0),(452,96,-2,-2,30,30,-0.1,1.5,NULL,1,'2013-10-28 14:54:03',78,8,0.1,-1.5,'-2','-2','30','30','-0.10','1.50','0.10','-1.50',0,0),(453,97,7,7,0,0,0.35,0,NULL,1,'2013-10-28 14:54:31',77,1,-0.35,0,'7','7','0','0','0.35','0.00','-0.35','0.00',0,0),(454,97,20,20,0,0,1,0,NULL,1,'2013-10-28 14:54:41',100,2,-1,0,'20','20','0','0','1.00','0.00','-1.00','0.00',0,0),(455,97,15,15,5,5,0.75,0.25,NULL,1,'2013-10-28 14:54:51',109,3,-0.75,-0.25,'15','15','5','5','0.75','0.25','-0.75','-0.25',0,0),(456,97,7,7,10,10,0.35,0.5,NULL,1,'2013-10-28 14:55:00',125,4,-0.35,-0.5,'7','7','10','10','0.35','0.50','-0.35','-0.50',0,0),(457,97,0,0,10,10,0,0.5,NULL,1,'2013-10-28 14:55:13',113,5,0,-0.5,'0','0','10','10','0.00','0.50','0.00','-0.50',0,0),(458,97,28,28,2,2,1.4,0.1,NULL,1,'2013-10-28 14:55:27',98,6,-1.4,-0.1,'28','28','2','2','1.40','0.10','-1.40','-0.10',0,0),(459,97,20,20,0,0,1,0,NULL,1,'2013-10-28 14:55:36',115,7,-1,0,'20','20','0','0','1.00','0.00','-1.00','0.00',0,0),(460,97,10,10,10,10,0.5,0.5,NULL,1,'2013-10-28 14:55:45',102,8,-0.5,-0.5,'10','10','10','10','0.50','0.50','-0.50','-0.50',0,0),(461,98,20,20,10,10,1,0.5,NULL,1,'2013-10-28 14:56:07',101,1,-1,-0.5,'20','20','10','10','1.00','0.50','-1.00','-0.50',0,0),(462,98,-7,-7,2,2,-0.35,0.1,NULL,1,'2013-10-28 14:56:19',116,2,0.35,-0.1,'-7','-7','2','2','-0.35','0.10','0.35','-0.10',0,0),(463,98,-5,-5,2,2,-0.25,0.1,NULL,1,'2013-10-28 14:56:29',111,3,0.25,-0.1,'-5','-5','2','2','-0.25','0.10','0.25','-0.10',0,0),(464,98,10,10,8,8,0.5,0.4,NULL,1,'2013-10-28 14:56:40',110,4,-0.5,-0.4,'10','10','8','8','0.50','0.40','-0.50','-0.40',0,0),(465,98,10,10,10,10,0.5,0.5,NULL,1,'2013-10-28 14:56:51',103,5,-0.5,-0.5,'10','10','10','10','0.50','0.50','-0.50','-0.50',0,0),(466,98,-7,-7,-5,-5,-0.35,-0.25,NULL,1,'2013-10-28 14:57:03',82,6,0.35,0.25,'-7','-7','-5','-5','-0.35','-0.25','0.35','0.25',0,0),(467,98,-10,-10,10,10,-0.5,0.5,NULL,1,'2013-10-28 14:57:15',99,7,0.5,-0.5,'-10','-10','10','10','-0.50','0.50','0.50','-0.50',0,0),(468,98,2,2,-7,-7,0.1,-0.35,NULL,1,'2013-10-28 14:57:24',114,8,-0.1,0.35,'2','2','-7','-7','0.10','-0.35','-0.10','0.35',0,0),(469,99,-10,-10,-7,-7,-0.5,-0.35,NULL,1,'2013-10-28 14:57:45',81,1,0.5,0.35,'-10','-10','-7','-7','-0.50','-0.35','0.50','0.35',0,0),(471,100,-7,-7,NULL,NULL,-0.07,NULL,NULL,1,'2013-11-06 11:25:35',166,2,0,NULL,'-7','-7',NULL,NULL,'-0.07',NULL,'0.00',NULL,0,0),(472,100,-3,-3,NULL,NULL,-0.03,NULL,NULL,1,'2013-11-06 11:25:35',174,3,-0.04,NULL,'-3','-3',NULL,NULL,'-0.03',NULL,'-0.04',NULL,0,0),(473,100,-2,-2,NULL,NULL,-0.02,NULL,NULL,1,'2013-11-06 11:25:35',169,4,-0.05,NULL,'-2','-2',NULL,NULL,'-0.02',NULL,'-0.05',NULL,0,0),(474,100,10,10,NULL,NULL,0.1,NULL,NULL,1,'2013-11-06 11:25:35',160,5,-0.17,NULL,'10','10',NULL,NULL,'0.10',NULL,'-0.17',NULL,0,0),(478,101,-4,-4,NULL,NULL,-0.04,NULL,NULL,1,'2013-11-06 11:49:27',170,2,-0.03,NULL,'-4','-4',NULL,NULL,'-0.04',NULL,'-0.03',NULL,0,0),(479,102,5,5,-7,-7,0.25,-0.35,NULL,1,'2013-11-06 11:51:37',209,1,-0.25,0.35,'5','5','-7','-7','0.25','-0.35','-0.25','0.35',0,0),(480,102,0,0,-5,-5,0,-0.25,NULL,1,'2013-11-06 11:51:37',208,2,0,0.25,'0','0','-5','-5','0.00','-0.25','0.00','0.25',0,0),(481,103,1,1,NULL,NULL,0.1,NULL,NULL,1,'2013-11-06 12:47:15',137,1,-0.1,NULL,'1','1',NULL,NULL,'0.1',NULL,'-0.1',NULL,0,0),(482,103,8,8,NULL,NULL,0.8,NULL,NULL,1,'2013-11-06 12:47:15',204,2,-0.8,NULL,'8','8',NULL,NULL,'0.8',NULL,'-0.8',NULL,0,0),(483,103,3,3,NULL,NULL,0.3,NULL,NULL,1,'2013-11-06 12:47:15',176,3,-0.3,NULL,'3','3',NULL,NULL,'0.3',NULL,'-0.3',NULL,0,0),(484,103,0,0,NULL,NULL,0,NULL,NULL,1,'2013-11-06 12:47:15',202,4,0,NULL,'0','0',NULL,NULL,'0.0',NULL,'0.0',NULL,0,0),(485,103,-3,-3,NULL,NULL,-0.3,NULL,NULL,1,'2013-11-06 12:47:15',184,5,0.3,NULL,'-3','-3',NULL,NULL,'-0.3',NULL,'0.3',NULL,0,0),(486,103,4,4,NULL,NULL,0.4,NULL,NULL,1,'2013-11-06 12:47:15',177,6,-0.4,NULL,'4','4',NULL,NULL,'0.4',NULL,'-0.4',NULL,0,0),(487,103,0,0,NULL,NULL,0,NULL,NULL,1,'2013-11-06 12:47:15',151,7,0,NULL,'0','0',NULL,NULL,'0.0',NULL,'0.0',NULL,0,0),(488,103,0,0,NULL,NULL,0,NULL,NULL,1,'2013-11-06 12:47:15',136,8,0,NULL,'0','0',NULL,NULL,'0.0',NULL,'0.0',NULL,0,0),(489,104,5,5,NULL,NULL,0.5,NULL,NULL,1,'2013-11-06 12:49:18',154,1,-0.5,NULL,'5','5',NULL,NULL,'0.5',NULL,'-0.5',NULL,0,0),(490,104,0,0,NULL,NULL,0,NULL,NULL,1,'2013-11-06 12:49:18',145,2,0,NULL,'0','0',NULL,NULL,'0.0',NULL,'0.0',NULL,0,0),(491,104,0,0,NULL,NULL,0,NULL,NULL,1,'2013-11-06 12:49:18',148,3,0,NULL,'0','0',NULL,NULL,'0.0',NULL,'0.0',NULL,0,0),(492,104,0,0,NULL,NULL,0,NULL,NULL,1,'2013-11-06 12:49:18',133,4,0,NULL,'0','0',NULL,NULL,'0.0',NULL,'0.0',NULL,0,0),(493,104,0,0,NULL,NULL,0,NULL,NULL,1,'2013-11-06 12:49:18',140,5,0,NULL,'0','0',NULL,NULL,'0.0',NULL,'0.0',NULL,0,0),(494,104,-2,-2,NULL,NULL,-0.2,NULL,NULL,1,'2013-11-06 12:49:18',144,6,0.2,NULL,'-2','-2',NULL,NULL,'-0.2',NULL,'0.2',NULL,0,0),(495,104,-3,-3,NULL,NULL,-0.3,NULL,NULL,1,'2013-11-06 12:49:18',142,7,0.3,NULL,'-3','-3',NULL,NULL,'-0.3',NULL,'0.3',NULL,0,0),(496,104,6,6,NULL,NULL,0.6,NULL,NULL,1,'2013-11-06 12:49:18',203,8,-0.6,NULL,'6','6',NULL,NULL,'0.6',NULL,'-0.6',NULL,0,0),(499,105,0,0,NULL,NULL,0,NULL,NULL,1,'2013-11-06 12:56:09',165,3,0,NULL,'0','0',NULL,NULL,'0.00',NULL,'0.00',NULL,0,0),(501,105,7,7,NULL,NULL,0.07,NULL,NULL,1,'2013-11-06 12:56:09',210,5,-0.07,NULL,'7','7',NULL,NULL,'0.07',NULL,'-0.07',NULL,0,0),(502,105,10,10,NULL,NULL,0.1,NULL,NULL,1,'2013-11-06 12:56:09',159,6,-0.1,NULL,'10','10',NULL,NULL,'0.10',NULL,'-0.10',NULL,0,0),(504,106,0,0,NULL,NULL,0,NULL,NULL,1,'2013-11-06 13:08:13',211,1,0,NULL,'0','0',NULL,NULL,'0.0',NULL,'0.0',NULL,0,0),(505,106,-10,-10,NULL,NULL,-1,NULL,NULL,1,'2013-11-06 13:08:13',205,2,1,NULL,'-10','-10',NULL,NULL,'-1.0',NULL,'1.0',NULL,0,0),(506,106,-18,-18,NULL,NULL,-1.8,NULL,NULL,1,'2013-11-06 13:08:13',156,3,1.8,NULL,'-18','-18',NULL,NULL,'-1.8',NULL,'1.8',NULL,0,0),(507,106,-5,-5,NULL,NULL,-0.5,NULL,NULL,1,'2013-11-06 13:08:13',155,4,0.5,NULL,'-5','-5',NULL,NULL,'-0.5',NULL,'0.5',NULL,0,0),(508,106,-2,-2,NULL,NULL,-0.2,NULL,NULL,1,'2013-11-06 13:08:13',157,5,0.2,NULL,'-2','-2',NULL,NULL,'-0.2',NULL,'0.2',NULL,0,0),(509,106,4,4,NULL,NULL,0.8,NULL,NULL,1,'2013-11-06 13:08:13',178,6,-0.8,NULL,'4','4',NULL,NULL,'0.8',NULL,'-0.8',NULL,0,0),(510,106,-10,-10,NULL,NULL,-2,NULL,NULL,1,'2013-11-06 13:08:13',189,7,2,NULL,'-10','-10',NULL,NULL,'-2.0',NULL,'2.0',NULL,0,0),(511,106,3,3,NULL,NULL,0.3,NULL,NULL,1,'2013-11-06 13:08:13',149,8,-0.3,NULL,'3','3',NULL,NULL,'0.3',NULL,'-0.3',NULL,0,0),(512,107,3,3,NULL,NULL,0.06,NULL,NULL,1,'2013-11-06 13:14:50',190,1,-0.06,NULL,'3','3',NULL,NULL,'0.06',NULL,'-0.06',NULL,0,0),(513,107,-2,-2,NULL,NULL,-0.04,NULL,NULL,1,'2013-11-06 13:14:50',196,2,0.04,NULL,'-2','-2',NULL,NULL,'-0.04',NULL,'0.04',NULL,0,0),(514,107,1,1,NULL,NULL,0.02,NULL,NULL,1,'2013-11-06 13:14:50',193,3,-0.02,NULL,'1','1',NULL,NULL,'0.02',NULL,'-0.02',NULL,0,0),(515,107,0,0,NULL,NULL,0,NULL,NULL,1,'2013-11-06 13:14:50',191,4,0,NULL,'0','0',NULL,NULL,'0.00',NULL,'0.00',NULL,0,0),(517,107,0,0,NULL,NULL,0,NULL,NULL,1,'2013-11-06 13:14:50',135,6,0,NULL,'0','0',NULL,NULL,'0.00',NULL,'0.00',NULL,0,0),(518,107,1,1,NULL,NULL,0.02,NULL,NULL,1,'2013-11-06 13:14:50',200,7,-0.02,NULL,'1','1',NULL,NULL,'0.02',NULL,'-0.02',NULL,0,0),(519,108,2,2,NULL,NULL,0.2,NULL,NULL,1,'2013-11-06 13:19:31',143,1,-0.3,NULL,'2','2',NULL,NULL,'0.2',NULL,'-0.3',NULL,0,0),(520,108,1,1,NULL,NULL,0.2,NULL,NULL,1,'2013-11-06 13:19:31',152,2,-0.4,NULL,'1','1',NULL,NULL,'0.2',NULL,'-0.4',NULL,0,0),(521,108,10,10,NULL,NULL,2,NULL,NULL,1,'2013-11-06 13:19:31',179,3,-2,NULL,'10','10',NULL,NULL,'2.0',NULL,'-2.0',NULL,0,0),(522,108,2,2,NULL,NULL,0.4,NULL,NULL,1,'2013-11-06 13:19:31',206,4,-0.4,NULL,'2','2',NULL,NULL,'0.4',NULL,'-0.4',NULL,0,0),(523,108,0,0,NULL,NULL,0,NULL,NULL,1,'2013-11-06 13:19:31',150,5,0,NULL,'0','0',NULL,NULL,'0.0',NULL,'0.0',NULL,0,0),(524,108,10,10,NULL,NULL,2,NULL,NULL,1,'2013-11-06 13:19:31',161,6,-2,NULL,'10','10',NULL,NULL,'2.0',NULL,'-2.0',NULL,0,0),(525,108,3,3,NULL,NULL,0.6,NULL,NULL,1,'2013-11-06 13:19:31',171,7,-0.6,NULL,'3','3',NULL,NULL,'0.6',NULL,'-0.6',NULL,0,0),(526,108,10,10,NULL,NULL,2,NULL,NULL,1,'2013-11-06 13:19:31',173,8,-2,NULL,'10','10',NULL,NULL,'2.0',NULL,'-2.0',NULL,0,0),(527,109,0,0,NULL,NULL,0,NULL,NULL,1,'2013-11-06 13:21:26',163,1,0,NULL,'0','0',NULL,NULL,'0.0',NULL,'0.0',NULL,0,0),(528,109,2,2,NULL,NULL,0.4,NULL,NULL,1,'2013-11-06 13:21:26',164,2,-0.4,NULL,'2','2',NULL,NULL,'0.4',NULL,'-0.4',NULL,0,0),(529,109,1,1,NULL,NULL,0.2,NULL,NULL,1,'2013-11-06 13:21:26',162,3,-0.2,NULL,'1','1',NULL,NULL,'0.2',NULL,'-0.2',NULL,0,0),(530,109,7,7,NULL,NULL,1.4,NULL,NULL,1,'2013-11-06 13:21:26',172,4,-1.4,NULL,'7','7',NULL,NULL,'1.4',NULL,'-1.4',NULL,0,0),(531,109,0,0,NULL,NULL,0,NULL,NULL,1,'2013-11-06 13:21:26',175,5,0,NULL,'0','0',NULL,NULL,'0.0',NULL,'0.0',NULL,0,0),(532,109,1,1,NULL,NULL,0.2,NULL,NULL,1,'2013-11-06 13:21:26',207,6,-0.2,NULL,'1','1',NULL,NULL,'0.2',NULL,'-0.2',NULL,0,0),(533,109,10,10,NULL,NULL,2,NULL,NULL,1,'2013-11-06 13:21:26',185,7,-2,NULL,'10','10',NULL,NULL,'2.0',NULL,'-2.0',NULL,0,0),(534,109,0,0,NULL,NULL,0,NULL,NULL,1,'2013-11-06 13:21:26',201,8,0,NULL,'0','0',NULL,NULL,'0.0',NULL,'0.0',NULL,0,0),(535,110,12,12,NULL,NULL,0.12,NULL,NULL,1,'2013-11-06 13:30:45',170,1,-0.02,NULL,'12','12',NULL,NULL,'0.12',NULL,'-0.02',NULL,0,0),(536,110,14,14,NULL,NULL,0.14,NULL,NULL,1,'2013-11-06 13:30:45',174,2,-0.04,NULL,'14','14',NULL,NULL,'0.14',NULL,'-0.04',NULL,0,0),(537,110,16,16,NULL,NULL,0.16,NULL,NULL,1,'2013-11-06 13:30:45',159,3,-0.06,NULL,'16','16',NULL,NULL,'0.16',NULL,'-0.06',NULL,0,0),(538,110,2,2,NULL,NULL,0.02,NULL,NULL,1,'2013-11-06 13:30:45',135,4,0.08,NULL,'2','2',NULL,NULL,'0.02',NULL,'0.08',NULL,0,0),(539,110,24,24,NULL,NULL,0.24,NULL,NULL,1,'2013-11-06 13:30:45',210,5,-0.14,NULL,'24','24',NULL,NULL,'0.24',NULL,'-0.14',NULL,0,0),(540,111,5,5,NULL,NULL,0.05,NULL,NULL,1,'2013-11-06 13:30:55',169,1,0.04,NULL,'5','5',NULL,NULL,'0.05',NULL,'0.04',NULL,0,0),(541,111,13,13,NULL,NULL,0.13,NULL,NULL,1,'2013-11-06 13:30:55',166,2,-0.04,NULL,'13','13',NULL,NULL,'0.13',NULL,'-0.04',NULL,0,0),(542,111,4,4,NULL,NULL,0.04,NULL,NULL,1,'2013-11-06 13:30:55',160,3,0.05,NULL,'4','4',NULL,NULL,'0.04',NULL,'0.05',NULL,0,0),(543,111,8,8,NULL,NULL,0.16,NULL,NULL,1,'2013-11-06 13:30:55',200,4,-0.06,NULL,'8','8',NULL,NULL,'0.16',NULL,'-0.06',NULL,0,0),(544,111,7,7,NULL,NULL,0.07,NULL,NULL,1,'2013-11-06 13:30:55',165,5,0.02,NULL,'7','7',NULL,NULL,'0.07',NULL,'0.02',NULL,0,0),(545,112,-2,-2,NULL,NULL,-0.4,NULL,NULL,1,'2013-11-06 13:38:42',147,1,0.4,NULL,'-2','-2',NULL,NULL,'-0.4',NULL,'0.4',NULL,0,0),(546,112,7,7,NULL,NULL,1.4,NULL,NULL,1,'2013-11-06 13:38:42',139,2,-1.4,NULL,'7','7',NULL,NULL,'1.4',NULL,'-1.4',NULL,0,0),(547,112,0,0,NULL,NULL,0,NULL,NULL,1,'2013-11-06 13:38:42',146,3,0,NULL,'0','0',NULL,NULL,'0.0',NULL,'0.0',NULL,0,0),(548,112,0,0,NULL,NULL,0,NULL,NULL,1,'2013-11-06 13:38:42',134,4,0,NULL,'0','0',NULL,NULL,'0.0',NULL,'0.0',NULL,0,0),(549,112,2,2,NULL,NULL,0.4,NULL,NULL,1,'2013-11-06 13:38:42',187,5,-0.4,NULL,'2','2',NULL,NULL,'0.4',NULL,'-0.4',NULL,0,0),(550,112,10,10,NULL,NULL,2,NULL,NULL,1,'2013-11-06 13:38:42',186,6,-2,NULL,'10','10',NULL,NULL,'2.0',NULL,'-2.0',NULL,0,0),(551,112,2,2,NULL,NULL,0.4,NULL,NULL,1,'2013-11-06 13:38:42',183,7,-0.4,NULL,'2','2',NULL,NULL,'0.4',NULL,'-0.4',NULL,0,0),(552,112,3,3,NULL,NULL,0.6,NULL,NULL,1,'2013-11-06 13:38:42',138,8,-0.6,NULL,'3','3',NULL,NULL,'0.6',NULL,'-0.6',NULL,0,0),(553,113,10,10,NULL,NULL,2,NULL,NULL,1,'2013-11-06 13:40:23',182,1,-2,NULL,'10','10',NULL,NULL,'2.0',NULL,'-2.0',NULL,0,0),(554,113,2,2,NULL,NULL,0.4,NULL,NULL,1,'2013-11-06 13:40:23',168,2,-0.4,NULL,'2','2',NULL,NULL,'0.4',NULL,'-0.4',NULL,0,0),(555,113,18,18,NULL,NULL,3.6,NULL,NULL,1,'2013-11-06 13:40:23',180,3,-3.6,NULL,'18','18',NULL,NULL,'3.6',NULL,'-3.6',NULL,0,0),(556,113,0,0,NULL,NULL,0,NULL,NULL,1,'2013-11-06 13:40:23',141,4,0,NULL,'0','0',NULL,NULL,'0.0',NULL,'0.0',NULL,0,0),(557,114,-6,-6,NULL,NULL,-0.12,NULL,NULL,1,'2013-11-06 13:45:01',197,1,0.12,NULL,'-6','-6',NULL,NULL,'-0.12',NULL,'0.12',NULL,0,0),(558,114,0,0,NULL,NULL,0,NULL,NULL,1,'2013-11-06 13:45:01',195,2,0,NULL,'0','0',NULL,NULL,'0.00',NULL,'0.00',NULL,0,0),(559,114,0,0,NULL,NULL,0,NULL,NULL,1,'2013-11-06 13:45:01',192,3,0,NULL,'0','0',NULL,NULL,'0.00',NULL,'0.00',NULL,0,0),(560,114,0,0,NULL,NULL,0,NULL,NULL,1,'2013-11-06 13:45:01',198,4,0,NULL,'0','0',NULL,NULL,'0.00',NULL,'0.00',NULL,0,0),(561,114,8,8,NULL,NULL,0.16,NULL,NULL,1,'2013-11-06 13:45:01',153,5,-0.16,NULL,'8','8',NULL,NULL,'0.16',NULL,'-0.16',NULL,0,0),(562,114,-8,-8,NULL,NULL,-0.16,NULL,NULL,1,'2013-11-06 13:45:01',194,6,0.16,NULL,'-8','-8',NULL,NULL,'-0.16',NULL,'0.16',NULL,0,0),(563,114,0,0,NULL,NULL,0,NULL,NULL,1,'2013-11-06 13:45:01',199,7,0,NULL,'0','0',NULL,NULL,'0.00',NULL,'0.00',NULL,0,0),(564,115,15,15,NULL,NULL,0.3,NULL,NULL,1,'2013-11-06 13:56:44',153,1,-0.22,NULL,'15','15',NULL,NULL,'0.30',NULL,'-0.22',NULL,0,0),(565,115,3,3,NULL,NULL,0.06,NULL,NULL,1,'2013-11-06 13:56:44',194,2,0.02,NULL,'3','3',NULL,NULL,'0.06',NULL,'0.02',NULL,0,0),(566,115,2,2,NULL,NULL,0.04,NULL,NULL,1,'2013-11-06 13:56:44',197,3,0.04,NULL,'2','2',NULL,NULL,'0.04',NULL,'0.04',NULL,0,0),(567,115,8,8,NULL,NULL,0.16,NULL,NULL,1,'2013-11-06 13:56:44',192,4,-0.08,NULL,'8','8',NULL,NULL,'0.16',NULL,'-0.08',NULL,0,0),(568,115,7,7,NULL,NULL,0.14,NULL,NULL,1,'2013-11-06 13:56:44',195,5,-0.06,NULL,'7','7',NULL,NULL,'0.14',NULL,'-0.06',NULL,0,0),(569,116,4,4,NULL,NULL,0.08,NULL,NULL,1,'2013-11-06 13:57:34',193,1,0.02,NULL,'4','4',NULL,NULL,'0.08',NULL,'0.02',NULL,0,0),(570,116,6,6,NULL,NULL,0.12,NULL,NULL,1,'2013-11-06 13:57:34',196,2,-0.02,NULL,'6','6',NULL,NULL,'0.12',NULL,'-0.02',NULL,0,0),(571,116,10,10,NULL,NULL,0.2,NULL,NULL,1,'2013-11-06 13:57:34',190,3,-0.1,NULL,'10','10',NULL,NULL,'0.20',NULL,'-0.10',NULL,0,0),(572,116,6,6,NULL,NULL,0.12,NULL,NULL,1,'2013-11-06 13:57:34',191,4,-0.02,NULL,'6','6',NULL,NULL,'0.12',NULL,'-0.02',NULL,0,0),(573,116,5,5,NULL,NULL,0.1,NULL,NULL,1,'2013-11-06 13:57:34',199,5,0,NULL,'5','5',NULL,NULL,'0.10',NULL,'0.00',NULL,0,0),(574,116,10,10,NULL,NULL,0.2,NULL,NULL,1,'2013-11-06 13:57:34',198,6,-0.1,NULL,'10','10',NULL,NULL,'0.20',NULL,'-0.10',NULL,0,0),(575,117,5,5,-5,-5,0.25,-0.25,NULL,1,'2013-11-06 14:06:30',209,1,-0.25,0.25,'5','5','-5','-5','0.25','-0.25','-0.25','0.25',0,0),(576,117,0,0,0,0,0,0,NULL,1,'2013-11-06 14:06:30',208,2,0,0,'0','0','0','0','0.00','0.00','0.00','0.00',0,0),(577,118,8,8,NULL,NULL,0.08,NULL,NULL,1,'2013-11-06 15:06:38',210,1,-0.08,NULL,'8','8',NULL,NULL,'0.08',NULL,'-0.08',NULL,0,0),(578,118,0,0,NULL,NULL,0,NULL,NULL,1,'2013-11-06 15:06:38',165,2,0,NULL,'0','0',NULL,NULL,'0.00',NULL,'0.00',NULL,0,0),(579,118,3,3,NULL,NULL,0.03,NULL,NULL,1,'2013-11-06 15:06:38',174,3,-0.03,NULL,'3','3',NULL,NULL,'0.03',NULL,'-0.03',NULL,0,0),(580,118,0,0,NULL,NULL,0,NULL,NULL,1,'2013-11-06 15:06:38',166,4,0,NULL,'0','0',NULL,NULL,'0.00',NULL,'0.00',NULL,0,0),(581,118,16,16,NULL,NULL,0.16,NULL,NULL,1,'2013-11-06 15:06:38',160,5,-0.16,NULL,'16','16',NULL,NULL,'0.16',NULL,'-0.16',NULL,0,0),(582,118,-3,-3,NULL,NULL,-0.03,NULL,NULL,1,'2013-11-06 15:06:38',169,6,0.03,NULL,'-3','-3',NULL,NULL,'-0.03',NULL,'0.03',NULL,0,0),(583,118,6,6,NULL,NULL,0.06,NULL,NULL,1,'2013-11-06 15:06:38',135,7,-0.06,NULL,'6','6',NULL,NULL,'0.06',NULL,'-0.06',NULL,0,0),(584,118,0,0,NULL,NULL,0,NULL,NULL,1,'2013-11-06 15:06:38',188,8,0,NULL,'0','0',NULL,NULL,'0.00',NULL,'0.00',NULL,0,0),(585,119,4,4,NULL,NULL,0.04,NULL,NULL,1,'2013-11-06 15:13:26',159,1,-0.04,NULL,'4','4',NULL,NULL,'0.04',NULL,'-0.04',NULL,0,0),(586,119,0,0,NULL,NULL,0,NULL,NULL,1,'2013-11-06 15:13:26',170,2,0,NULL,'0','0',NULL,NULL,'0.00',NULL,'0.00',NULL,0,0),(587,120,32,32,NULL,NULL,1.6,NULL,NULL,1,'2013-11-06 15:15:49',213,1,-1.6,NULL,'32','32',NULL,NULL,'1.60',NULL,'-1.60',NULL,0,0),(588,121,10,10,NULL,NULL,0.5,NULL,NULL,1,'2013-11-06 15:17:25',213,1,-0.45,NULL,'10','10',NULL,NULL,'0.50',NULL,'-0.45',NULL,0,0),(589,122,16,16,NULL,NULL,0.16,NULL,NULL,1,'2013-11-06 15:21:04',159,1,-0.09,NULL,'16','16',NULL,NULL,'0.16',NULL,'-0.09',NULL,0,0),(590,122,6,6,NULL,NULL,0.06,NULL,NULL,1,'2013-11-06 15:21:04',170,2,0.01,NULL,'6','6',NULL,NULL,'0.06',NULL,'0.01',NULL,0,0),(591,122,0,0,NULL,NULL,0,NULL,NULL,1,'2013-11-06 15:21:04',188,3,0.05,NULL,'0','0',NULL,NULL,'0.00',NULL,'0.05',NULL,0,0),(592,122,4,4,NULL,NULL,0.04,NULL,NULL,1,'2013-11-06 15:21:04',160,4,0.03,NULL,'4','4',NULL,NULL,'0.04',NULL,'0.03',NULL,0,0),(593,122,10,10,NULL,NULL,0.1,NULL,NULL,1,'2013-11-06 15:21:04',174,5,-0.03,NULL,'10','10',NULL,NULL,'0.10',NULL,'-0.03',NULL,0,0),(594,123,0,0,NULL,NULL,0,NULL,NULL,1,'2013-11-06 15:22:56',135,1,0.05,NULL,'0','0',NULL,NULL,'0.00',NULL,'0.05',NULL,0,0),(595,123,12,12,NULL,NULL,0.12,NULL,NULL,1,'2013-11-06 15:22:56',166,2,-0.07,NULL,'12','12',NULL,NULL,'0.12',NULL,'-0.07',NULL,0,0),(596,123,5,5,NULL,NULL,0.05,NULL,NULL,1,'2013-11-06 15:22:56',210,3,0,NULL,'5','5',NULL,NULL,'0.05',NULL,'0.00',NULL,0,0),(597,123,10,10,NULL,NULL,0.1,NULL,NULL,1,'2013-11-06 15:22:56',165,4,-0.05,NULL,'10','10',NULL,NULL,'0.10',NULL,'-0.05',NULL,0,0),(598,123,13,13,NULL,NULL,0.13,NULL,NULL,1,'2013-11-06 15:22:56',169,5,-0.08,NULL,'13','13',NULL,NULL,'0.13',NULL,'-0.08',NULL,0,0),(599,124,5,5,-5,-5,0.25,-0.25,NULL,1,'2013-11-06 15:25:21',209,1,-0.25,0.25,'5','5','-5','-5','0.25','-0.25','-0.25','0.25',0,0),(600,124,2,2,0,0,0.1,0,NULL,1,'2013-11-06 15:25:21',208,2,-0.1,0,'2','2','0','0','0.10','0.00','-0.10','0.00',0,0),(601,125,0,0,NULL,NULL,0,NULL,NULL,1,'2013-11-06 15:45:47',199,1,0.08,NULL,'0','0',NULL,NULL,'0.00',NULL,'0.08',NULL,0,0),(602,125,3,3,NULL,NULL,0.06,NULL,NULL,1,'2013-11-06 15:45:47',191,2,0.02,NULL,'3','3',NULL,NULL,'0.06',NULL,'0.02',NULL,0,0),(603,125,7,7,NULL,NULL,0.14,NULL,NULL,1,'2013-11-06 15:45:47',192,3,-0.06,NULL,'7','7',NULL,NULL,'0.14',NULL,'-0.06',NULL,0,0),(604,125,7,7,NULL,NULL,0.14,NULL,NULL,1,'2013-11-06 15:45:47',196,4,-0.06,NULL,'7','7',NULL,NULL,'0.14',NULL,'-0.06',NULL,0,0),(605,125,0,0,NULL,NULL,0,NULL,NULL,1,'2013-11-06 15:45:47',193,5,0.08,NULL,'0','0',NULL,NULL,'0.00',NULL,'0.08',NULL,0,0),(606,126,3,3,NULL,NULL,0.06,NULL,NULL,1,'2013-11-06 15:48:34',195,1,0.02,NULL,'3','3',NULL,NULL,'0.06',NULL,'0.02',NULL,0,0),(607,126,3,3,NULL,NULL,0.06,NULL,NULL,1,'2013-11-06 15:48:34',200,2,0.02,NULL,'3','3',NULL,NULL,'0.06',NULL,'0.02',NULL,0,0),(608,126,5,5,NULL,NULL,0.1,NULL,NULL,1,'2013-11-06 15:48:34',197,3,-0.02,NULL,'5','5',NULL,NULL,'0.10',NULL,'-0.02',NULL,0,0),(609,126,8,8,NULL,NULL,0.16,NULL,NULL,1,'2013-11-06 15:48:34',190,4,-0.08,NULL,'8','8',NULL,NULL,'0.16',NULL,'-0.08',NULL,0,0),(610,126,7,7,NULL,NULL,0.14,NULL,NULL,1,'2013-11-06 15:48:34',198,5,-0.06,NULL,'7','7',NULL,NULL,'0.14',NULL,'-0.06',NULL,0,0),(611,126,4,4,NULL,NULL,0.08,NULL,NULL,1,'2013-11-06 15:48:34',194,6,0,NULL,'4','4',NULL,NULL,'0.08',NULL,'0.00',NULL,0,0),(612,127,50,50,NULL,NULL,2.5,NULL,NULL,1,'2013-11-06 15:51:22',213,1,-2.5,NULL,'50','50',NULL,NULL,'2.50',NULL,'-2.50',NULL,0,0),(613,128,2,2,NULL,NULL,0.2,NULL,NULL,1,'2013-11-06 16:08:46',203,1,-0.1,NULL,'2','2',NULL,NULL,'0.2',NULL,'-0.1',NULL,0,0),(614,128,0,0,NULL,NULL,0,NULL,NULL,1,'2013-11-06 16:08:46',176,2,0.1,NULL,'0','0',NULL,NULL,'0.0',NULL,'0.1',NULL,0,0),(615,128,0,0,NULL,NULL,0,NULL,NULL,1,'2013-11-06 16:08:46',184,3,0.1,NULL,'0','0',NULL,NULL,'0.0',NULL,'0.1',NULL,0,0),(616,128,0,0,NULL,NULL,0,NULL,NULL,1,'2013-11-06 16:08:46',137,4,0.1,NULL,'0','0',NULL,NULL,'0.0',NULL,'0.1',NULL,0,0),(617,128,0,0,NULL,NULL,0,NULL,NULL,1,'2013-11-06 16:08:46',202,5,0.1,NULL,'0','0',NULL,NULL,'0.0',NULL,'0.1',NULL,0,0),(618,128,0,0,NULL,NULL,0,NULL,NULL,1,'2013-11-06 16:08:46',142,6,0.1,NULL,'0','0',NULL,NULL,'0.0',NULL,'0.1',NULL,0,0),(619,128,2,2,NULL,NULL,0.2,NULL,NULL,1,'2013-11-06 16:08:46',133,7,-0.1,NULL,'2','2',NULL,NULL,'0.2',NULL,'-0.1',NULL,0,0),(620,129,10,10,NULL,NULL,1,NULL,NULL,1,'2013-11-06 16:10:00',144,1,-0.9,NULL,'10','10',NULL,NULL,'1.0',NULL,'-0.9',NULL,0,0),(621,129,3,3,NULL,NULL,0.3,NULL,NULL,1,'2013-11-06 16:10:00',136,2,-0.2,NULL,'3','3',NULL,NULL,'0.3',NULL,'-0.2',NULL,0,0),(622,129,-2,-2,NULL,NULL,-0.2,NULL,NULL,1,'2013-11-06 16:10:00',148,3,0.3,NULL,'-2','-2',NULL,NULL,'-0.2',NULL,'0.3',NULL,0,0),(623,129,2,2,NULL,NULL,0.2,NULL,NULL,1,'2013-11-06 16:10:00',204,4,-0.1,NULL,'2','2',NULL,NULL,'0.2',NULL,'-0.1',NULL,0,0),(624,129,10,10,NULL,NULL,1,NULL,NULL,1,'2013-11-06 16:10:00',177,5,-0.9,NULL,'10','10',NULL,NULL,'1.0',NULL,'-0.9',NULL,0,0),(625,130,-3,-3,NULL,NULL,-0.3,NULL,NULL,1,'2013-11-06 16:28:30',145,1,0.4,NULL,'-3','-3',NULL,NULL,'-0.3',NULL,'0.4',NULL,0,0),(626,130,0,0,NULL,NULL,0,NULL,NULL,1,'2013-11-06 16:28:30',140,2,0.1,NULL,'0','0',NULL,NULL,'0.0',NULL,'0.1',NULL,0,0),(627,130,0,0,NULL,NULL,0,NULL,NULL,1,'2013-11-06 16:28:30',151,3,0.1,NULL,'0','0',NULL,NULL,'0.0',NULL,'0.1',NULL,0,0),(628,131,6,6,NULL,NULL,0.6,NULL,NULL,1,'2013-11-06 16:29:25',154,1,-0.6,NULL,'6','6',NULL,NULL,'0.6',NULL,'-0.6',NULL,0,0),(629,132,2,2,NULL,NULL,0.04,NULL,NULL,1,'2013-11-07 10:27:04',200,1,0.04,NULL,'2','2',NULL,NULL,'0.04',NULL,'0.04',NULL,0,0),(630,133,23,23,NULL,NULL,0.46,NULL,NULL,1,'2013-11-07 10:28:28',153,1,-0.5,NULL,'23','23',NULL,NULL,'0.46',NULL,'-0.50',NULL,0,0),(631,134,-5,-5,NULL,NULL,-0.5,NULL,NULL,1,'2013-11-07 10:49:41',155,1,0.5,NULL,'-5','-5',NULL,NULL,'-0.5',NULL,'0.5',NULL,0,0),(632,134,2,2,NULL,NULL,0.4,NULL,NULL,1,'2013-11-07 10:49:41',189,2,-0.4,NULL,'2','2',NULL,NULL,'0.4',NULL,'-0.4',NULL,0,0),(633,134,-10,-10,NULL,NULL,-1,NULL,NULL,1,'2013-11-07 10:49:41',143,3,1,NULL,'-10','-10',NULL,NULL,'-1.0',NULL,'1.0',NULL,0,0),(634,134,0,0,NULL,NULL,0,NULL,NULL,1,'2013-11-07 10:49:41',205,4,0,NULL,'0','0',NULL,NULL,'0.0',NULL,'0.0',NULL,0,0),(635,134,0,0,NULL,NULL,0,NULL,NULL,1,'2013-11-07 10:49:41',149,5,0,NULL,'0','0',NULL,NULL,'0.0',NULL,'0.0',NULL,0,0),(636,134,-10,-10,NULL,NULL,-1,NULL,NULL,1,'2013-11-07 10:49:41',156,6,1,NULL,'-10','-10',NULL,NULL,'-1.0',NULL,'1.0',NULL,0,0),(637,134,-10,-10,NULL,NULL,-1,NULL,NULL,1,'2013-11-07 10:49:41',157,7,1,NULL,'-10','-10',NULL,NULL,'-1.0',NULL,'1.0',NULL,0,0),(638,134,-6,-6,NULL,NULL,-1.2,NULL,NULL,1,'2013-11-07 10:49:41',211,8,1.2,NULL,'-6','-6',NULL,NULL,'-1.2',NULL,'1.2',NULL,0,0),(639,135,8,8,NULL,NULL,1.6,NULL,NULL,1,'2013-11-07 11:05:23',178,1,-1.6,NULL,'8','8',NULL,NULL,'1.6',NULL,'-1.6',NULL,0,0),(640,135,-2,-2,NULL,NULL,-0.4,NULL,NULL,1,'2013-11-07 11:05:23',139,2,0.4,NULL,'-2','-2',NULL,NULL,'-0.4',NULL,'0.4',NULL,0,0),(641,135,0,0,NULL,NULL,0,NULL,NULL,1,'2013-11-07 11:05:23',146,3,0,NULL,'0','0',NULL,NULL,'0.0',NULL,'0.0',NULL,0,0),(642,135,0,0,NULL,NULL,0,NULL,NULL,1,'2013-11-07 11:05:23',201,4,0,NULL,'0','0',NULL,NULL,'0.0',NULL,'0.0',NULL,0,0),(643,135,-8,-8,NULL,NULL,-1.6,NULL,NULL,1,'2013-11-07 11:05:23',207,5,1.6,NULL,'-8','-8',NULL,NULL,'-1.6',NULL,'1.6',NULL,0,0),(644,135,-2,-2,NULL,NULL,-0.4,NULL,NULL,1,'2013-11-07 11:05:23',168,6,0.4,NULL,'-2','-2',NULL,NULL,'-0.4',NULL,'0.4',NULL,0,0),(645,135,-7,-7,NULL,NULL,-1.4,NULL,NULL,1,'2013-11-07 11:05:23',138,7,1.4,NULL,'-7','-7',NULL,NULL,'-1.4',NULL,'1.4',NULL,0,0),(646,135,-1,-1,NULL,NULL,-0.2,NULL,NULL,1,'2013-11-07 11:05:23',183,8,0.2,NULL,'-1','-1',NULL,NULL,'-0.2',NULL,'0.2',NULL,0,0),(647,136,-1,-1,NULL,NULL,-0.2,NULL,NULL,1,'2013-11-07 11:07:10',141,1,0.2,NULL,'-1','-1',NULL,NULL,'-0.2',NULL,'0.2',NULL,0,0),(648,136,1,1,NULL,NULL,0.2,NULL,NULL,1,'2013-11-07 11:07:10',182,2,-0.2,NULL,'1','1',NULL,NULL,'0.2',NULL,'-0.2',NULL,0,0),(649,136,-3,-3,NULL,NULL,-0.6,NULL,NULL,1,'2013-11-07 11:07:10',187,3,0.6,NULL,'-3','-3',NULL,NULL,'-0.6',NULL,'0.6',NULL,0,0),(650,136,8,8,NULL,NULL,1.6,NULL,NULL,1,'2013-11-07 11:07:10',173,4,-1.6,NULL,'8','8',NULL,NULL,'1.6',NULL,'-1.6',NULL,0,0),(651,136,0,0,NULL,NULL,0,NULL,NULL,1,'2013-11-07 11:07:10',186,5,0,NULL,'0','0',NULL,NULL,'0.0',NULL,'0.0',NULL,0,0),(652,136,0,0,NULL,NULL,0,NULL,NULL,1,'2013-11-07 11:07:10',147,6,0,NULL,'0','0',NULL,NULL,'0.0',NULL,'0.0',NULL,0,0),(653,136,-4,-4,NULL,NULL,-0.8,NULL,NULL,1,'2013-11-07 11:07:10',134,7,0.8,NULL,'-4','-4',NULL,NULL,'-0.8',NULL,'0.8',NULL,0,0),(654,136,41,41,NULL,NULL,8.2,NULL,NULL,1,'2013-11-07 11:07:10',180,8,-8.2,NULL,'41','41',NULL,NULL,'8.2',NULL,'-8.2',NULL,0,0),(655,137,-10,-10,NULL,NULL,-1,NULL,NULL,1,'2013-11-07 11:14:47',218,1,1.1,NULL,'-10','-10',NULL,NULL,'-1.0',NULL,'1.1',NULL,0,0),(656,138,-7,-7,NULL,NULL,-0.14,NULL,NULL,1,'2013-11-07 11:16:00',153,1,0.32,NULL,'-7','-7',NULL,NULL,'-0.14',NULL,'0.32',NULL,0,0),(657,139,-2,-2,NULL,NULL,-0.4,NULL,NULL,1,'2013-11-07 11:20:28',172,1,0.4,NULL,'-2','-2',NULL,NULL,'-0.4',NULL,'0.4',NULL,0,0),(658,139,-7,-7,NULL,NULL,-1.4,NULL,NULL,1,'2013-11-07 11:20:28',163,2,1.4,NULL,'-7','-7',NULL,NULL,'-1.4',NULL,'1.4',NULL,0,0),(659,139,-8,-8,NULL,NULL,-1.6,NULL,NULL,1,'2013-11-07 11:20:28',171,3,1.6,NULL,'-8','-8',NULL,NULL,'-1.6',NULL,'1.6',NULL,0,0),(660,139,0,0,NULL,NULL,0,NULL,NULL,1,'2013-11-07 11:20:28',206,4,0,NULL,'0','0',NULL,NULL,'0.0',NULL,'0.0',NULL,0,0),(661,139,0,0,NULL,NULL,0,NULL,NULL,1,'2013-11-07 11:20:28',167,5,0,NULL,'0','0',NULL,NULL,'0.0',NULL,'0.0',NULL,0,0),(662,139,2,2,NULL,NULL,0.4,NULL,NULL,1,'2013-11-07 11:20:28',150,6,-0.4,NULL,'2','2',NULL,NULL,'0.4',NULL,'-0.4',NULL,0,0),(663,139,-6,-6,NULL,NULL,-1.2,NULL,NULL,1,'2013-11-07 11:20:28',164,7,1.2,NULL,'-6','-6',NULL,NULL,'-1.2',NULL,'1.2',NULL,0,0),(664,139,-2,-2,NULL,NULL,-0.4,NULL,NULL,1,'2013-11-07 11:20:28',175,8,0.4,NULL,'-2','-2',NULL,NULL,'-0.4',NULL,'0.4',NULL,0,0),(665,140,2,2,NULL,NULL,0.4,NULL,NULL,1,'2013-11-07 11:21:37',185,1,-0.4,NULL,'2','2',NULL,NULL,'0.4',NULL,'-0.4',NULL,0,0),(666,140,-10,-10,NULL,NULL,-2,NULL,NULL,1,'2013-11-07 11:21:37',152,2,2,NULL,'-10','-10',NULL,NULL,'-2.0',NULL,'2.0',NULL,0,0),(667,140,0,0,NULL,NULL,0,NULL,NULL,1,'2013-11-07 11:21:37',161,3,0,NULL,'0','0',NULL,NULL,'0.0',NULL,'0.0',NULL,0,0),(668,140,-6,-6,NULL,NULL,-1.2,NULL,NULL,1,'2013-11-07 11:21:37',162,4,1.2,NULL,'-6','-6',NULL,NULL,'-1.2',NULL,'1.2',NULL,0,0),(669,140,10,10,NULL,NULL,2,NULL,NULL,1,'2013-11-07 11:21:37',179,5,-2,NULL,'10','10',NULL,NULL,'2.0',NULL,'-2.0',NULL,0,0),(670,141,-10,-10,NULL,NULL,-1,NULL,NULL,1,'2013-11-07 11:31:44',218,1,1,NULL,'-10','-10',NULL,NULL,'-1.0',NULL,'1.0',NULL,0,0),(671,142,2,2,NULL,NULL,0.04,NULL,NULL,1,'2013-11-07 13:46:57',153,1,-0.02,NULL,'2','2',NULL,NULL,'0.04',NULL,'-0.02',NULL,0,0),(673,144,35,35,NULL,NULL,7,NULL,NULL,1,'2013-11-07 15:04:03',180,1,-7,NULL,'35','35',NULL,NULL,'7.0',NULL,'-7.0',NULL,0,0),(674,144,0,0,NULL,NULL,0,NULL,NULL,1,'2013-11-07 15:04:03',187,2,0,NULL,'0','0',NULL,NULL,'0.0',NULL,'0.0',NULL,0,0),(675,144,0,0,NULL,NULL,0,NULL,NULL,1,'2013-11-07 15:04:03',161,3,0,NULL,'0','0',NULL,NULL,'0.0',NULL,'0.0',NULL,0,0),(676,144,-8,-8,NULL,NULL,-1.6,NULL,NULL,1,'2013-11-07 15:04:03',147,4,1.6,NULL,'-8','-8',NULL,NULL,'-1.6',NULL,'1.6',NULL,0,0),(677,144,22,22,NULL,NULL,4.4,NULL,NULL,1,'2013-11-07 15:04:03',185,5,-4.4,NULL,'22','22',NULL,NULL,'4.4',NULL,'-4.4',NULL,0,0),(678,144,-10,-10,NULL,NULL,-2,NULL,NULL,1,'2013-11-07 15:04:03',182,6,2,NULL,'-10','-10',NULL,NULL,'-2.0',NULL,'2.0',NULL,0,0),(679,144,2,2,NULL,NULL,0.4,NULL,NULL,1,'2013-11-07 15:04:03',173,7,-0.4,NULL,'2','2',NULL,NULL,'0.4',NULL,'-0.4',NULL,0,0),(680,144,7,7,NULL,NULL,1.4,NULL,NULL,1,'2013-11-07 15:04:03',175,8,-1.4,NULL,'7','7',NULL,NULL,'1.4',NULL,'-1.4',NULL,0,0),(681,145,-2,-2,NULL,NULL,-0.4,NULL,NULL,1,'2013-11-07 15:05:51',141,1,0.4,NULL,'-2','-2',NULL,NULL,'-0.4',NULL,'0.4',NULL,0,0),(682,145,0,0,NULL,NULL,0,NULL,NULL,1,'2013-11-07 15:05:51',179,2,0,NULL,'0','0',NULL,NULL,'0.0',NULL,'0.0',NULL,0,0),(683,145,8,8,NULL,NULL,1.6,NULL,NULL,1,'2013-11-07 15:05:51',201,3,-1.6,NULL,'8','8',NULL,NULL,'1.6',NULL,'-1.6',NULL,0,0),(684,145,-9,-9,NULL,NULL,-1.8,NULL,NULL,1,'2013-11-07 15:05:51',152,4,1.8,NULL,'-9','-9',NULL,NULL,'-1.8',NULL,'1.8',NULL,0,0),(685,145,-2,-2,NULL,NULL,-0.4,NULL,NULL,1,'2013-11-07 15:05:51',139,5,0.4,NULL,'-2','-2',NULL,NULL,'-0.4',NULL,'0.4',NULL,0,0),(686,145,1,1,NULL,NULL,0.2,NULL,NULL,1,'2013-11-07 15:05:51',162,6,-0.2,NULL,'1','1',NULL,NULL,'0.2',NULL,'-0.2',NULL,0,0),(687,145,-5,-5,NULL,NULL,-1,NULL,NULL,1,'2013-11-07 15:05:51',134,7,1,NULL,'-5','-5',NULL,NULL,'-1.0',NULL,'1.0',NULL,0,0),(688,145,1,1,NULL,NULL,0.2,NULL,NULL,1,'2013-11-07 15:05:51',146,8,-0.2,NULL,'1','1',NULL,NULL,'0.2',NULL,'-0.2',NULL,0,0),(689,146,3,3,NULL,NULL,0.6,NULL,NULL,1,'2013-11-07 15:23:16',138,1,-0.6,NULL,'3','3',NULL,NULL,'0.6',NULL,'-0.6',NULL,0,0),(690,146,-2,-2,NULL,NULL,-0.4,NULL,NULL,1,'2013-11-07 15:23:16',164,2,0.4,NULL,'-2','-2',NULL,NULL,'-0.4',NULL,'0.4',NULL,0,0),(691,146,3,3,NULL,NULL,0.6,NULL,NULL,1,'2013-11-07 15:23:16',167,3,-0.6,NULL,'3','3',NULL,NULL,'0.6',NULL,'-0.6',NULL,0,0),(692,146,3,3,NULL,NULL,0.6,NULL,NULL,1,'2013-11-07 15:23:16',150,4,-0.6,NULL,'3','3',NULL,NULL,'0.6',NULL,'-0.6',NULL,0,0),(693,146,3,3,NULL,NULL,0.6,NULL,NULL,1,'2013-11-07 15:23:16',206,5,-0.6,NULL,'3','3',NULL,NULL,'0.6',NULL,'-0.6',NULL,0,0),(694,146,2,2,NULL,NULL,0.4,NULL,NULL,1,'2013-11-07 15:23:16',172,6,-0.4,NULL,'2','2',NULL,NULL,'0.4',NULL,'-0.4',NULL,0,0),(695,146,-10,-10,NULL,NULL,-2,NULL,NULL,1,'2013-11-07 15:23:16',211,7,2,NULL,'-10','-10',NULL,NULL,'-2.0',NULL,'2.0',NULL,0,0),(696,146,2,2,NULL,NULL,0.4,NULL,NULL,1,'2013-11-07 15:23:16',163,8,-0.4,NULL,'2','2',NULL,NULL,'0.4',NULL,'-0.4',NULL,0,0),(697,147,3,3,NULL,NULL,0.6,NULL,NULL,1,'2013-11-07 15:24:12',207,1,-0.6,NULL,'3','3',NULL,NULL,'0.6',NULL,'-0.6',NULL,0,0),(698,147,3,3,NULL,NULL,0.6,NULL,NULL,1,'2013-11-07 15:24:12',171,2,-0.6,NULL,'3','3',NULL,NULL,'0.6',NULL,'-0.6',NULL,0,0),(699,147,0,0,NULL,NULL,0,NULL,NULL,1,'2013-11-07 15:24:12',183,3,0,NULL,'0','0',NULL,NULL,'0.0',NULL,'0.0',NULL,0,0),(700,147,11,11,NULL,NULL,2.2,NULL,NULL,1,'2013-11-07 15:24:12',168,4,-2.2,NULL,'11','11',NULL,NULL,'2.2',NULL,'-2.2',NULL,0,0),(701,148,10,10,NULL,NULL,0.1,NULL,NULL,1,'2013-11-07 16:29:40',160,1,-0.14,NULL,'10','10',NULL,NULL,'0.10',NULL,'-0.14',NULL,0,0),(702,148,-3,-3,NULL,NULL,-0.03,NULL,NULL,1,'2013-11-07 16:29:40',169,2,-0.01,NULL,'-3','-3',NULL,NULL,'-0.03',NULL,'-0.01',NULL,0,0),(703,148,-10,-10,NULL,NULL,-0.1,NULL,NULL,1,'2013-11-07 16:29:40',165,3,0.06,NULL,'-10','-10',NULL,NULL,'-0.10',NULL,'0.06',NULL,0,0),(704,148,7,7,NULL,NULL,0.07,NULL,NULL,1,'2013-11-07 16:29:40',210,4,-0.11,NULL,'7','7',NULL,NULL,'0.07',NULL,'-0.11',NULL,0,0),(705,149,-3,-3,NULL,NULL,-0.03,NULL,NULL,1,'2013-11-07 16:30:59',135,1,-0.01,NULL,'-3','-3',NULL,NULL,'-0.03',NULL,'-0.01',NULL,0,0),(706,149,4,4,NULL,NULL,0.04,NULL,NULL,1,'2013-11-07 16:30:59',174,2,-0.08,NULL,'4','4',NULL,NULL,'0.04',NULL,'-0.08',NULL,0,0),(707,149,-7,-7,NULL,NULL,-0.07,NULL,NULL,1,'2013-11-07 16:30:59',166,3,0.03,NULL,'-7','-7',NULL,NULL,'-0.07',NULL,'0.03',NULL,0,0),(708,150,4,4,NULL,NULL,0.4,NULL,NULL,1,'2013-11-07 16:34:47',144,1,-0.4,NULL,'4','4',NULL,NULL,'0.4',NULL,'-0.4',NULL,0,0),(709,150,-2,-2,NULL,NULL,-0.2,NULL,NULL,1,'2013-11-07 16:34:47',176,2,0.2,NULL,'-2','-2',NULL,NULL,'-0.2',NULL,'0.2',NULL,0,0),(710,150,0,0,NULL,NULL,0,NULL,NULL,1,'2013-11-07 16:34:47',137,3,0,NULL,'0','0',NULL,NULL,'0.0',NULL,'0.0',NULL,0,0),(711,150,3,3,NULL,NULL,0.3,NULL,NULL,1,'2013-11-07 16:34:47',133,4,-0.3,NULL,'3','3',NULL,NULL,'0.3',NULL,'-0.3',NULL,0,0),(712,150,-2,-2,NULL,NULL,-0.2,NULL,NULL,1,'2013-11-07 16:34:47',184,5,0.2,NULL,'-2','-2',NULL,NULL,'-0.2',NULL,'0.2',NULL,0,0),(713,150,-9,-9,NULL,NULL,-0.9,NULL,NULL,1,'2013-11-07 16:34:47',204,6,0.9,NULL,'-9','-9',NULL,NULL,'-0.9',NULL,'0.9',NULL,0,0),(714,150,0,0,NULL,NULL,0,NULL,NULL,1,'2013-11-07 16:34:47',148,7,0,NULL,'0','0',NULL,NULL,'0.0',NULL,'0.0',NULL,0,0),(715,150,3,3,NULL,NULL,0.3,NULL,NULL,1,'2013-11-07 16:34:47',136,8,-0.3,NULL,'3','3',NULL,NULL,'0.3',NULL,'-0.3',NULL,0,0),(716,151,0,0,NULL,NULL,0,NULL,NULL,1,'2013-11-07 16:36:48',202,1,0,NULL,'0','0',NULL,NULL,'0.0',NULL,'0.0',NULL,0,0),(717,151,0,0,NULL,NULL,0,NULL,NULL,1,'2013-11-07 16:36:48',142,2,0,NULL,'0','0',NULL,NULL,'0.0',NULL,'0.0',NULL,0,0),(718,151,0,0,NULL,NULL,0,NULL,NULL,1,'2013-11-07 16:36:48',188,3,0,NULL,'0','0',NULL,NULL,'0.00',NULL,'-0.00',NULL,0,0),(719,151,0,0,NULL,NULL,0,NULL,NULL,1,'2013-11-07 16:36:48',200,4,0,NULL,'0','0',NULL,NULL,'0.00',NULL,'-0.00',NULL,0,0),(720,151,-2,-2,NULL,NULL,-0.04,NULL,NULL,1,'2013-11-07 16:36:48',193,5,0.04,NULL,'-2','-2',NULL,NULL,'-0.04',NULL,'0.04',NULL,0,0),(721,151,-2,-2,NULL,NULL,-0.04,NULL,NULL,1,'2013-11-07 16:36:48',197,6,0.04,NULL,'-2','-2',NULL,NULL,'-0.04',NULL,'0.04',NULL,0,0),(722,151,-3,-3,NULL,NULL,-0.06,NULL,NULL,1,'2013-11-07 16:36:48',199,7,0.06,NULL,'-3','-3',NULL,NULL,'-0.06',NULL,'0.06',NULL,0,0),(723,151,0,0,NULL,NULL,0,NULL,NULL,1,'2013-11-07 16:36:48',198,8,0,NULL,'0','0',NULL,NULL,'0.00',NULL,'-0.00',NULL,0,0),(724,152,1,1,NULL,NULL,0.02,NULL,NULL,1,'2013-11-07 16:38:41',190,1,-0.02,NULL,'1','1',NULL,NULL,'0.02',NULL,'-0.02',NULL,0,0),(725,152,-5,-5,NULL,NULL,-0.1,NULL,NULL,1,'2013-11-07 16:38:41',153,2,0.1,NULL,'-5','-5',NULL,NULL,'-0.10',NULL,'0.10',NULL,0,0),(726,152,-10,-10,NULL,NULL,-0.2,NULL,NULL,1,'2013-11-07 16:38:41',196,3,0.2,NULL,'-10','-10',NULL,NULL,'-0.20',NULL,'0.20',NULL,0,0),(727,152,-4,-4,NULL,NULL,-0.08,NULL,NULL,1,'2013-11-07 16:38:41',194,4,0.08,NULL,'-4','-4',NULL,NULL,'-0.08',NULL,'0.08',NULL,0,0),(728,152,0,0,NULL,NULL,0,NULL,NULL,1,'2013-11-07 16:38:41',191,5,0,NULL,'0','0',NULL,NULL,'0.00',NULL,'-0.00',NULL,0,0),(729,152,3,3,NULL,NULL,0.06,NULL,NULL,1,'2013-11-07 16:38:41',192,6,-0.06,NULL,'3','3',NULL,NULL,'0.06',NULL,'-0.06',NULL,0,0),(730,152,0,0,NULL,NULL,0,NULL,NULL,1,'2013-11-07 16:38:41',195,7,0,NULL,'0','0',NULL,NULL,'0.00',NULL,'-0.00',NULL,0,0),(731,152,-5,-5,NULL,NULL,-0.5,NULL,NULL,1,'2013-11-07 16:38:41',154,8,0.5,NULL,'-5','-5',NULL,NULL,'-0.5',NULL,'0.5',NULL,0,0),(732,153,-5,-5,NULL,NULL,-0.05,NULL,NULL,1,'2013-11-07 16:43:23',170,1,0.01,NULL,'-5','-5',NULL,NULL,'-0.05',NULL,'0.01',NULL,0,0),(733,153,-2,-2,NULL,NULL,-0.02,NULL,NULL,1,'2013-11-07 16:43:23',159,2,-0.02,NULL,'-2','-2',NULL,NULL,'-0.02',NULL,'-0.02',NULL,0,0),(734,154,0,0,NULL,NULL,0,NULL,NULL,1,'2013-11-07 16:45:28',149,1,0,NULL,'0','0',NULL,NULL,'0.0',NULL,'0.0',NULL,0,0),(735,154,0,0,NULL,NULL,0,NULL,NULL,1,'2013-11-07 16:45:28',155,2,0,NULL,'0','0',NULL,NULL,'0.0',NULL,'0.0',NULL,0,0),(736,154,0,0,NULL,NULL,0,NULL,NULL,1,'2013-11-07 16:45:28',206,3,0,NULL,'0','0',NULL,NULL,'0.0',NULL,'0.0',NULL,0,0),(737,154,0,0,NULL,NULL,0,NULL,NULL,1,'2013-11-07 16:45:28',205,4,0,NULL,'0','0',NULL,NULL,'0.0',NULL,'0.0',NULL,0,0),(738,154,0,0,NULL,NULL,0,NULL,NULL,1,'2013-11-07 16:45:28',211,5,0,NULL,'0','0',NULL,NULL,'0.0',NULL,'0.0',NULL,0,0),(739,154,0,0,NULL,NULL,0,NULL,NULL,1,'2013-11-07 16:45:28',143,6,0,NULL,'0','0',NULL,NULL,'0.0',NULL,'0.0',NULL,0,0),(740,154,3,3,NULL,NULL,0.6,NULL,NULL,1,'2013-11-07 16:45:28',167,7,-0.6,NULL,'3','3',NULL,NULL,'0.6',NULL,'-0.6',NULL,0,0),(741,154,0,0,NULL,NULL,0,NULL,NULL,1,'2013-11-07 16:45:28',157,8,0,NULL,'0','0',NULL,NULL,'0.0',NULL,'0.0',NULL,0,0),(742,155,3,3,NULL,NULL,0.6,NULL,NULL,1,'2013-11-07 16:47:08',186,1,-0.6,NULL,'3','3',NULL,NULL,'0.6',NULL,'-0.6',NULL,0,0),(743,155,-7,-7,NULL,NULL,-0.7,NULL,NULL,1,'2013-11-07 16:47:08',145,2,0.7,NULL,'-7','-7',NULL,NULL,'-0.7',NULL,'0.7',NULL,0,0),(744,155,-10,-10,NULL,NULL,-2,NULL,NULL,1,'2013-11-07 16:47:08',189,3,2,NULL,'-10','-10',NULL,NULL,'-2.0',NULL,'2.0',NULL,0,0),(745,155,3,3,NULL,NULL,0.3,NULL,NULL,1,'2013-11-07 16:47:08',156,4,-0.3,NULL,'3','3',NULL,NULL,'0.3',NULL,'-0.3',NULL,0,0),(746,155,-2,-2,NULL,NULL,-0.2,NULL,NULL,1,'2013-11-07 16:47:08',177,5,0.2,NULL,'-2','-2',NULL,NULL,'-0.2',NULL,'0.2',NULL,0,0),(747,155,7,7,NULL,NULL,1.4,NULL,NULL,1,'2013-11-07 16:47:08',178,6,-1.4,NULL,'7','7',NULL,NULL,'1.4',NULL,'-1.4',NULL,0,0),(748,155,-11,-11,NULL,NULL,-1.1,NULL,NULL,1,'2013-11-07 16:47:08',203,7,1.1,NULL,'-11','-11',NULL,NULL,'-1.1',NULL,'1.1',NULL,0,0),(749,155,3,3,NULL,NULL,0.3,NULL,NULL,1,'2013-11-07 16:47:08',151,8,-0.3,NULL,'3','3',NULL,NULL,'0.3',NULL,'-0.3',NULL,0,0),(750,156,-8,-8,NULL,NULL,-0.08,NULL,NULL,1,'2013-11-07 16:48:49',165,1,0.08,NULL,'-8','-8',NULL,NULL,'-0.08',NULL,'0.08',NULL,0,0),(751,156,0,0,NULL,NULL,0,NULL,NULL,1,'2013-11-07 16:48:49',140,2,0,NULL,'0','0',NULL,NULL,'0.0',NULL,'0.0',NULL,0,0),(752,156,0,0,NULL,NULL,0,NULL,NULL,1,'2013-11-07 16:48:49',135,3,0,NULL,'0','0',NULL,NULL,'0.00',NULL,'-0.00',NULL,0,0),(753,156,0,0,NULL,NULL,0,NULL,NULL,1,'2013-11-07 16:48:49',160,4,0,NULL,'0','0',NULL,NULL,'0.00',NULL,'-0.00',NULL,0,0),(754,156,-2,-2,NULL,NULL,-0.02,NULL,NULL,1,'2013-11-07 16:48:49',166,5,0.02,NULL,'-2','-2',NULL,NULL,'-0.02',NULL,'0.02',NULL,0,0),(755,156,-8,-8,NULL,NULL,-0.08,NULL,NULL,1,'2013-11-07 16:48:49',174,6,0.08,NULL,'-8','-8',NULL,NULL,'-0.08',NULL,'0.08',NULL,0,0),(756,156,10,10,NULL,NULL,0.1,NULL,NULL,1,'2013-11-07 16:48:49',210,7,-0.1,NULL,'10','10',NULL,NULL,'0.10',NULL,'-0.10',NULL,0,0),(757,156,0,0,NULL,NULL,0,NULL,NULL,1,'2013-11-07 16:48:49',169,8,0,NULL,'0','0',NULL,NULL,'0.00',NULL,'-0.00',NULL,0,0),(758,157,0,0,NULL,NULL,0,NULL,NULL,1,'2013-11-07 16:57:28',179,1,0,NULL,'0','0',NULL,NULL,'0.0',NULL,'0.0',NULL,0,0),(759,157,2,2,NULL,NULL,0.4,NULL,NULL,1,'2013-11-07 16:57:28',141,2,-0.4,NULL,'2','2',NULL,NULL,'0.4',NULL,'-0.4',NULL,0,0),(760,157,0,0,NULL,NULL,0,NULL,NULL,1,'2013-11-07 16:57:28',201,3,0,NULL,'0','0',NULL,NULL,'0.0',NULL,'0.0',NULL,0,0),(761,157,-2,-2,NULL,NULL,-0.4,NULL,NULL,1,'2013-11-07 16:57:28',134,4,0.4,NULL,'-2','-2',NULL,NULL,'-0.4',NULL,'0.4',NULL,0,0),(762,157,0,0,NULL,NULL,0,NULL,NULL,1,'2013-11-07 16:57:28',152,5,0,NULL,'0','0',NULL,NULL,'0.0',NULL,'0.0',NULL,0,0),(763,157,4,4,NULL,NULL,0.8,NULL,NULL,1,'2013-11-07 16:57:28',139,6,-0.8,NULL,'4','4',NULL,NULL,'0.8',NULL,'-0.8',NULL,0,0),(764,157,2,2,NULL,NULL,0.4,NULL,NULL,1,'2013-11-07 16:57:28',162,7,-0.4,NULL,'2','2',NULL,NULL,'0.4',NULL,'-0.4',NULL,0,0),(765,157,3,3,NULL,NULL,0.6,NULL,NULL,1,'2013-11-07 16:57:28',175,8,-0.6,NULL,'3','3',NULL,NULL,'0.6',NULL,'-0.6',NULL,0,0),(766,158,3,3,NULL,NULL,0.6,NULL,NULL,1,'2013-11-07 16:59:03',182,1,-0.6,NULL,'3','3',NULL,NULL,'0.6',NULL,'-0.6',NULL,0,0),(767,158,0,0,NULL,NULL,0,NULL,NULL,1,'2013-11-07 16:59:03',187,2,0,NULL,'0','0',NULL,NULL,'0.0',NULL,'0.0',NULL,0,0),(768,158,-2,-2,NULL,NULL,-0.4,NULL,NULL,1,'2013-11-07 16:59:03',146,3,0.4,NULL,'-2','-2',NULL,NULL,'-0.4',NULL,'0.4',NULL,0,0),(769,158,0,0,NULL,NULL,0,NULL,NULL,1,'2013-11-07 16:59:03',171,4,0,NULL,'0','0',NULL,NULL,'0.0',NULL,'0.0',NULL,0,0),(770,158,17,17,NULL,NULL,3.4,NULL,NULL,1,'2013-11-07 16:59:03',180,5,-3.4,NULL,'17','17',NULL,NULL,'3.4',NULL,'-3.4',NULL,0,0),(771,158,0,0,NULL,NULL,0,NULL,NULL,1,'2013-11-07 16:59:03',161,6,0,NULL,'0','0',NULL,NULL,'0.0',NULL,'0.0',NULL,0,0),(772,158,0,0,NULL,NULL,0,NULL,NULL,1,'2013-11-07 16:59:03',173,7,0,NULL,'0','0',NULL,NULL,'0.0',NULL,'0.0',NULL,0,0),(773,158,0,0,NULL,NULL,0,NULL,NULL,1,'2013-11-07 16:59:03',147,8,0,NULL,'0','0',NULL,NULL,'0.0',NULL,'0.0',NULL,0,0),(774,159,0,0,NULL,NULL,0,NULL,NULL,1,'2013-11-07 17:00:54',207,1,0,NULL,'0','0',NULL,NULL,'0.0',NULL,'0.0',NULL,0,0),(775,159,-9,-9,NULL,NULL,-0.09,NULL,NULL,1,'2013-11-07 17:00:54',170,2,0.09,NULL,'-9','-9',NULL,NULL,'-0.09',NULL,'0.09',NULL,0,0),(776,159,18,18,NULL,NULL,0.18,NULL,NULL,1,'2013-11-07 17:00:54',159,3,-0.18,NULL,'18','18',NULL,NULL,'0.18',NULL,'-0.18',NULL,0,0),(777,159,1,1,NULL,NULL,0.2,NULL,NULL,1,'2013-11-07 17:00:54',183,4,-0.2,NULL,'1','1',NULL,NULL,'0.2',NULL,'-0.2',NULL,0,0),(778,159,1,1,NULL,NULL,0.2,NULL,NULL,1,'2013-11-07 17:00:54',138,5,-0.2,NULL,'1','1',NULL,NULL,'0.2',NULL,'-0.2',NULL,0,0),(779,159,0,0,NULL,NULL,0,NULL,NULL,1,'2013-11-07 17:00:54',185,6,0,NULL,'0','0',NULL,NULL,'0.0',NULL,'0.0',NULL,0,0),(780,159,0,0,NULL,NULL,0,NULL,NULL,1,'2013-11-07 17:00:54',172,7,0,NULL,'0','0',NULL,NULL,'0.0',NULL,'0.0',NULL,0,0),(781,160,3,3,NULL,NULL,0.6,NULL,NULL,1,'2013-11-07 17:06:42',163,1,-0.6,NULL,'3','3',NULL,NULL,'0.6',NULL,'-0.6',NULL,0,0),(782,160,1,1,NULL,NULL,0.2,NULL,NULL,1,'2013-11-07 17:06:42',164,2,-0.2,NULL,'1','1',NULL,NULL,'0.2',NULL,'-0.2',NULL,0,0),(783,160,0,0,NULL,NULL,0,NULL,NULL,1,'2013-11-07 17:06:42',168,3,0,NULL,'0','0',NULL,NULL,'0.0',NULL,'0.0',NULL,0,0),(784,160,0,0,NULL,NULL,0,NULL,NULL,1,'2013-11-07 17:06:42',150,4,0,NULL,'0','0',NULL,NULL,'0.0',NULL,'0.0',NULL,0,0),(785,160,5,5,NULL,NULL,0.5,NULL,NULL,1,'2013-11-07 17:06:42',218,5,-0.5,NULL,'5','5',NULL,NULL,'0.5',NULL,'-0.5',NULL,0,0),(786,161,0,0,-5,-5,0,-0.25,NULL,1,'2013-11-07 17:11:22',208,1,0,0.25,'0','0','-5','-5','0.00','-0.25','-0.00','0.25',0,0),(787,161,5,5,-5,-5,0.25,-0.25,NULL,1,'2013-11-07 17:11:22',209,2,-0.25,0.25,'5','5','-5','-5','0.25','-0.25','-0.25','0.25',0,0),(788,162,0,0,NULL,NULL,0,NULL,NULL,1,'2013-11-08 19:55:55',217,1,0,NULL,'0','0',NULL,NULL,'0.00',NULL,'-0.00',NULL,0,0),(789,162,0,0,NULL,NULL,0,NULL,NULL,1,'2013-11-08 19:55:55',216,2,0,NULL,'0','0',NULL,NULL,'0.00',NULL,'-0.00',NULL,0,0),(790,162,-1,-1,NULL,NULL,-0.02,NULL,NULL,1,'2013-11-08 19:55:55',215,3,0.02,NULL,'-1','-1',NULL,NULL,'-0.02',NULL,'0.02',NULL,0,0),(791,162,-5,-5,NULL,NULL,-0.1,NULL,NULL,1,'2013-11-08 19:55:55',214,4,0.1,NULL,'-5','-5',NULL,NULL,'-0.10',NULL,'0.10',NULL,0,0),(792,163,-2,-2,NULL,NULL,-0.04,NULL,NULL,1,'2013-11-08 19:56:46',217,1,0.04,NULL,'-2','-2',NULL,NULL,'-0.04',NULL,'0.04',NULL,0,0),(793,163,-3,-3,NULL,NULL,-0.06,NULL,NULL,1,'2013-11-08 19:56:46',216,2,0.06,NULL,'-3','-3',NULL,NULL,'-0.06',NULL,'0.06',NULL,0,0),(794,163,-5,-5,NULL,NULL,-0.1,NULL,NULL,1,'2013-11-08 19:56:46',215,3,0.1,NULL,'-5','-5',NULL,NULL,'-0.10',NULL,'0.10',NULL,0,0),(795,163,-4,-4,NULL,NULL,-0.08,NULL,NULL,1,'2013-11-08 19:56:46',214,4,0.08,NULL,'-4','-4',NULL,NULL,'-0.08',NULL,'0.08',NULL,0,0),(796,164,-3,-3,NULL,NULL,-0.06,NULL,NULL,1,'2013-11-08 19:57:29',217,1,0.06,NULL,'-3','-3',NULL,NULL,'-0.06',NULL,'0.06',NULL,0,0),(797,164,-3,-3,NULL,NULL,-0.06,NULL,NULL,1,'2013-11-08 19:57:29',216,2,0.06,NULL,'-3','-3',NULL,NULL,'-0.06',NULL,'0.06',NULL,0,0),(798,164,-4,-4,NULL,NULL,-0.08,NULL,NULL,1,'2013-11-08 19:57:29',215,3,0.08,NULL,'-4','-4',NULL,NULL,'-0.08',NULL,'0.08',NULL,0,0),(799,164,-5,-5,NULL,NULL,-0.1,NULL,NULL,1,'2013-11-08 19:57:29',214,4,0.1,NULL,'-5','-5',NULL,NULL,'-0.10',NULL,'0.10',NULL,0,0),(800,165,-2,-2,NULL,NULL,-0.4,NULL,NULL,1,'2013-11-08 20:08:30',167,1,0.4,NULL,'-2','-2',NULL,NULL,'-0.4',NULL,'0.4',NULL,0,0),(801,166,0,0,NULL,NULL,0,NULL,NULL,1,'2013-11-20 14:39:53',230,1,-0.04,NULL,'0','0',NULL,NULL,'0.00',NULL,'-0.04',NULL,0,0),(802,166,-6,-6,NULL,NULL,-0.06,NULL,NULL,1,'2013-11-20 14:39:53',260,2,0.02,NULL,'-6','-6',NULL,NULL,'-0.06',NULL,'0.02',NULL,0,0),(803,166,-4,-4,NULL,NULL,-0.04,NULL,NULL,1,'2013-11-20 14:39:53',258,3,0,NULL,'-4','-4',NULL,NULL,'-0.04',NULL,'0.00',NULL,0,0),(804,166,-7,-7,NULL,NULL,-0.07,NULL,NULL,1,'2013-11-20 14:39:53',261,4,0.03,NULL,'-7','-7',NULL,NULL,'-0.07',NULL,'0.03',NULL,0,0),(805,166,-3,-3,NULL,NULL,-0.03,NULL,NULL,1,'2013-11-20 14:39:53',259,5,-0.01,NULL,'-3','-3',NULL,NULL,'-0.03',NULL,'-0.01',NULL,0,0),(806,166,7,7,NULL,NULL,0.07,NULL,NULL,1,'2013-11-20 14:39:53',315,6,-0.11,NULL,'7','7',NULL,NULL,'0.07',NULL,'-0.11',NULL,0,0),(807,166,-2,-2,NULL,NULL,-0.02,NULL,NULL,1,'2013-11-20 14:39:53',257,7,-0.02,NULL,'-2','-2',NULL,NULL,'-0.02',NULL,'-0.02',NULL,0,0),(808,167,0,0,NULL,NULL,0,NULL,NULL,1,'2013-11-20 14:44:46',305,1,-1.4,NULL,'0','0',NULL,NULL,'0.0',NULL,'-1.4',NULL,0,0),(809,167,-3,-3,NULL,NULL,-0.3,NULL,NULL,1,'2013-11-20 14:44:46',240,2,-1.1,NULL,'-3','-3',NULL,NULL,'-0.3',NULL,'-1.1',NULL,0,0),(810,167,0,0,NULL,NULL,0,NULL,NULL,1,'2013-11-20 14:44:46',227,3,-1.4,NULL,'0','0',NULL,NULL,'0.0',NULL,'-1.4',NULL,0,0),(811,167,100,100,NULL,NULL,10,NULL,NULL,1,'2013-11-20 14:44:46',303,4,-11.4,NULL,'100','100',NULL,NULL,'10.0',NULL,'-11.4',NULL,0,0),(812,167,0,0,NULL,NULL,0,NULL,NULL,1,'2013-11-20 14:44:46',226,5,-1.4,NULL,'0','0',NULL,NULL,'0.0',NULL,'-1.4',NULL,0,0),(813,167,60,60,NULL,NULL,6,NULL,NULL,1,'2013-11-20 14:44:46',304,6,-7.4,NULL,'60','60',NULL,NULL,'6.0',NULL,'-7.4',NULL,0,0),(814,167,0,0,NULL,NULL,0,NULL,NULL,1,'2013-11-20 14:44:46',238,7,-1.4,NULL,'0','0',NULL,NULL,'0.0',NULL,'-1.4',NULL,0,0),(815,167,0,0,NULL,NULL,0,NULL,NULL,1,'2013-11-20 14:44:46',249,8,-1.4,NULL,'0','0',NULL,NULL,'0.0',NULL,'-1.4',NULL,0,0),(816,168,-7,-7,NULL,NULL,-0.7,NULL,NULL,1,'2013-11-20 14:46:12',220,1,-0.7,NULL,'-7','-7',NULL,NULL,'-0.7',NULL,'-0.7',NULL,0,0),(817,168,10,10,NULL,NULL,1,NULL,NULL,1,'2013-11-20 14:46:12',222,2,-2.4,NULL,'10','10',NULL,NULL,'1.0',NULL,'-2.4',NULL,0,0),(818,168,0,0,NULL,NULL,0,NULL,NULL,1,'2013-11-20 14:46:12',234,3,-1.4,NULL,'0','0',NULL,NULL,'0.0',NULL,'-1.4',NULL,0,0),(819,168,0,0,NULL,NULL,0,NULL,NULL,1,'2013-11-20 14:46:12',243,4,-1.4,NULL,'0','0',NULL,NULL,'0.0',NULL,'-1.4',NULL,0,0),(820,168,10,10,NULL,NULL,1,NULL,NULL,1,'2013-11-20 14:46:12',316,5,-2.4,NULL,'10','10',NULL,NULL,'1.0',NULL,'-2.4',NULL,0,0),(821,169,0,0,NULL,NULL,0,NULL,NULL,1,'2013-11-20 14:54:26',267,1,-0.04,NULL,'0','0',NULL,NULL,'0.00',NULL,'-0.04',NULL,0,0),(822,169,0,0,NULL,NULL,0,NULL,NULL,1,'2013-11-20 14:54:26',233,2,-0.04,NULL,'0','0',NULL,NULL,'0.00',NULL,'-0.04',NULL,0,0),(823,169,-8,-8,NULL,NULL,-0.08,NULL,NULL,1,'2013-11-20 14:54:26',268,3,0.04,NULL,'-8','-8',NULL,NULL,'-0.08',NULL,'0.04',NULL,0,0),(824,169,-8,-8,NULL,NULL,-0.08,NULL,NULL,1,'2013-11-20 14:54:26',269,4,0.04,NULL,'-8','-8',NULL,NULL,'-0.08',NULL,'0.04',NULL,0,0),(825,170,8,8,10,10,0.4,0.5,NULL,1,'2013-11-20 14:57:15',322,1,-0.4,-0.5,'8','8','10','10','0.40','0.50','-0.40','-0.50',0,0),(826,170,10,10,10,10,0.5,0.5,NULL,1,'2013-11-20 14:57:15',321,2,-0.5,-0.5,'10','10','10','10','0.50','0.50','-0.50','-0.50',0,0),(827,170,-2,-2,0,0,-0.1,0,NULL,1,'2013-11-20 14:57:15',318,3,0.1,0,'-2','-2','0','0','-0.10','0.00','0.10','0.00',0,0),(828,170,0,0,10,10,0,0.5,NULL,1,'2013-11-20 14:57:15',352,4,0,-0.5,'0','0','10','10','0.00','0.50','0.00','-0.50',0,0),(829,171,-5,-5,NULL,NULL,-0.05,NULL,NULL,1,'2013-11-20 15:50:35',259,1,0.05,NULL,'-5','-5',NULL,NULL,'-0.05',NULL,'0.05',NULL,0,0),(830,171,-6,-6,NULL,NULL,-0.06,NULL,NULL,1,'2013-11-20 15:50:35',258,2,0.06,NULL,'-6','-6',NULL,NULL,'-0.06',NULL,'0.06',NULL,0,0),(831,171,0,0,NULL,NULL,0,NULL,NULL,1,'2013-11-20 15:50:35',260,3,0,NULL,'0','0',NULL,NULL,'0.00',NULL,'0.00',NULL,0,0),(832,171,0,0,NULL,NULL,0,NULL,NULL,1,'2013-11-20 15:50:35',269,4,0,NULL,'0','0',NULL,NULL,'0.00',NULL,'0.00',NULL,0,0),(833,171,-10,-10,NULL,NULL,-0.1,NULL,NULL,1,'2013-11-20 15:50:35',267,5,0.1,NULL,'-10','-10',NULL,NULL,'-0.10',NULL,'0.10',NULL,0,0),(834,171,-5,-5,NULL,NULL,-0.05,NULL,NULL,1,'2013-11-20 15:50:35',233,6,0.05,NULL,'-5','-5',NULL,NULL,'-0.05',NULL,'0.05',NULL,0,0),(835,171,3,3,NULL,NULL,0.03,NULL,NULL,1,'2013-11-20 15:50:35',268,7,-0.03,NULL,'3','3',NULL,NULL,'0.03',NULL,'-0.03',NULL,0,0),(836,172,0,0,NULL,NULL,0,NULL,NULL,1,'2013-11-20 15:54:40',250,1,-1.4,NULL,'0','0',NULL,NULL,'0.0',NULL,'-1.4',NULL,0,0),(837,172,10,10,NULL,NULL,1,NULL,NULL,1,'2013-11-20 15:54:40',252,2,-2.4,NULL,'10','10',NULL,NULL,'1.0',NULL,'-2.4',NULL,0,0),(838,172,5,5,NULL,NULL,0.5,NULL,NULL,1,'2013-11-20 15:54:40',256,3,-1.9,NULL,'5','5',NULL,NULL,'0.5',NULL,'-1.9',NULL,0,0),(839,172,-13,-13,NULL,NULL,-1.3,NULL,NULL,1,'2013-11-20 15:54:40',229,4,-0.1,NULL,'-13','-13',NULL,NULL,'-1.3',NULL,'-0.1',NULL,0,0),(840,172,-3,-3,NULL,NULL,-0.3,NULL,NULL,1,'2013-11-20 15:54:40',253,5,-1.1,NULL,'-3','-3',NULL,NULL,'-0.3',NULL,'-1.1',NULL,0,0),(841,172,0,0,NULL,NULL,0,NULL,NULL,1,'2013-11-20 15:54:40',255,6,-1.4,NULL,'0','0',NULL,NULL,'0.0',NULL,'-1.4',NULL,0,0),(842,172,0,0,NULL,NULL,0,NULL,NULL,1,'2013-11-20 15:54:40',254,7,-1.4,NULL,'0','0',NULL,NULL,'0.0',NULL,'-1.4',NULL,0,0),(843,172,3,3,NULL,NULL,0.3,NULL,NULL,1,'2013-11-20 15:54:40',228,8,-1.7,NULL,'3','3',NULL,NULL,'0.3',NULL,'-1.7',NULL,0,0),(844,173,2,2,NULL,NULL,0.4,NULL,NULL,1,'2013-11-20 15:56:36',242,1,-1.8,NULL,'2','2',NULL,NULL,'0.4',NULL,'-1.8',NULL,0,0),(845,173,1,1,NULL,NULL,0.2,NULL,NULL,1,'2013-11-20 15:56:36',317,2,-1.6,NULL,'1','1',NULL,NULL,'0.2',NULL,'-1.6',NULL,0,0),(846,173,-3,-3,NULL,NULL,-0.6,NULL,NULL,1,'2013-11-20 15:56:36',224,3,-0.8,NULL,'-3','-3',NULL,NULL,'-0.6',NULL,'-0.8',NULL,0,0),(847,173,-3,-3,NULL,NULL,-0.6,NULL,NULL,1,'2013-11-20 15:56:36',239,4,-0.8,NULL,'-3','-3',NULL,NULL,'-0.6',NULL,'-0.8',NULL,0,0),(848,173,-7,-7,NULL,NULL,-1.4,NULL,NULL,1,'2013-11-20 15:56:36',247,5,0,NULL,'-7','-7',NULL,NULL,'-1.4',NULL,'0.0',NULL,0,0),(849,173,1,1,NULL,NULL,0.2,NULL,NULL,1,'2013-11-20 15:56:36',248,6,-1.6,NULL,'1','1',NULL,NULL,'0.2',NULL,'-1.6',NULL,0,0),(850,173,0,0,NULL,NULL,0,NULL,NULL,1,'2013-11-20 15:56:36',235,7,-1.4,NULL,'0','0','','','0.0','','-1.4','',0,0),(851,173,3,3,NULL,NULL,0.3,NULL,NULL,1,'2013-11-20 15:56:36',241,8,-1.7,NULL,'3','3',NULL,NULL,'0.3',NULL,'-1.7',NULL,0,0),(852,174,10,10,NULL,NULL,0.2,NULL,NULL,1,'2013-11-20 16:12:57',266,1,-0.2,NULL,'10','10',NULL,NULL,'0.20',NULL,'-0.20',NULL,0,0),(853,174,10,10,NULL,NULL,0.2,NULL,NULL,1,'2013-11-20 16:12:57',264,2,-0.2,NULL,'10','10',NULL,NULL,'0.20',NULL,'-0.20',NULL,0,0),(854,174,0,0,NULL,NULL,0,NULL,NULL,1,'2013-11-20 16:12:57',263,3,0,NULL,'0','0',NULL,NULL,'0.00',NULL,'0.00',NULL,0,0),(855,174,-3,-3,NULL,NULL,-0.03,NULL,NULL,1,'2013-11-20 16:12:57',257,4,0.03,NULL,'-3','-3',NULL,NULL,'-0.03',NULL,'0.03',NULL,0,0),(856,174,-3,-3,NULL,NULL,-0.03,NULL,NULL,1,'2013-11-20 16:12:57',261,5,0.03,NULL,'-3','-3',NULL,NULL,'-0.03',NULL,'0.03',NULL,0,0),(857,174,-2,-2,NULL,NULL,-0.02,NULL,NULL,1,'2013-11-20 16:12:57',230,6,0.02,NULL,'-2','-2',NULL,NULL,'-0.02',NULL,'0.02',NULL,0,0),(858,174,10,10,NULL,NULL,0.1,NULL,NULL,1,'2013-11-20 16:12:57',315,7,-0.1,NULL,'10','10',NULL,NULL,'0.10',NULL,'-0.10',NULL,0,0),(859,175,-5,-5,NULL,NULL,-1,NULL,NULL,1,'2013-11-20 16:16:03',237,1,1,NULL,'-5','-5',NULL,NULL,'-1.0',NULL,'1.0',NULL,0,0),(860,175,2,2,NULL,NULL,0.4,NULL,NULL,1,'2013-11-20 16:16:03',244,2,-0.4,NULL,'2','2',NULL,NULL,'0.4',NULL,'-0.4',NULL,0,0),(861,175,0,0,NULL,NULL,0,NULL,NULL,1,'2013-11-20 16:16:03',319,3,0,NULL,'0','0',NULL,NULL,'0.0',NULL,'0.0',NULL,0,0),(862,175,-4,-4,NULL,NULL,-0.8,NULL,NULL,1,'2013-11-20 16:16:03',271,4,0.8,NULL,'-4','-4',NULL,NULL,'-0.8',NULL,'0.8',NULL,0,0),(863,175,0,0,NULL,NULL,0,NULL,NULL,1,'2013-11-20 16:16:03',225,5,0,NULL,'0','0',NULL,NULL,'0.0',NULL,'0.0',NULL,0,0),(864,175,0,0,NULL,NULL,0,NULL,NULL,1,'2013-11-20 16:16:03',236,6,0,NULL,'0','0',NULL,NULL,'0.0',NULL,'0.0',NULL,0,0),(865,175,0,0,NULL,NULL,0,NULL,NULL,1,'2013-11-20 16:16:03',245,7,0,NULL,'0','0',NULL,NULL,'0.0',NULL,'0.0',NULL,0,0),(866,175,10,10,NULL,NULL,2,NULL,NULL,1,'2013-11-20 16:16:03',306,8,-2,NULL,'10','10',NULL,NULL,'2.0',NULL,'-2.0',NULL,0,0),(867,176,0,0,NULL,NULL,0,NULL,NULL,1,'2013-11-20 16:17:01',270,1,-1.4,NULL,'0','0',NULL,NULL,'0.0',NULL,'-1.4',NULL,0,0),(868,176,2,2,NULL,NULL,0.4,NULL,NULL,1,'2013-11-20 16:17:01',246,2,-1.8,NULL,'2','2',NULL,NULL,'0.4',NULL,'-1.8',NULL,0,0),(869,176,0,0,NULL,NULL,0,NULL,NULL,1,'2013-11-20 16:17:01',223,3,-1.4,NULL,'0','0',NULL,NULL,'0.0',NULL,'-1.4',NULL,0,0),(870,177,-3,-3,NULL,NULL,-0.03,NULL,NULL,1,'2013-11-20 16:45:04',231,1,0.03,NULL,'-3','-3',NULL,NULL,'-0.03',NULL,'0.03',NULL,0,0),(871,177,0,0,NULL,NULL,0,NULL,NULL,1,'2013-11-20 16:45:04',232,2,0,NULL,'0','0',NULL,NULL,'0.00',NULL,'0.00',NULL,0,0),(872,177,10,10,NULL,NULL,0.2,NULL,NULL,1,'2013-11-20 16:45:04',265,3,-0.2,NULL,'10','10',NULL,NULL,'0.20',NULL,'-0.20',NULL,0,0),(873,178,0,0,NULL,NULL,0,NULL,NULL,1,'2013-11-20 16:48:18',367,1,-1.4,NULL,'0','0',NULL,NULL,'0.0',NULL,'-1.4',NULL,0,0),(874,178,0,0,NULL,NULL,0,NULL,NULL,1,'2013-11-20 16:48:18',366,2,-1.4,NULL,'0','0',NULL,NULL,'0.0',NULL,'-1.4',NULL,0,0),(875,178,0,0,NULL,NULL,0,NULL,NULL,1,'2013-11-20 16:48:18',365,3,-1.4,NULL,'0','0',NULL,NULL,'0.0',NULL,'-1.4',NULL,0,0),(876,178,-3,-3,NULL,NULL,-0.6,NULL,NULL,1,'2013-11-20 16:48:18',364,4,-0.8,NULL,'-3','-3',NULL,NULL,'-0.6',NULL,'-0.8',NULL,0,0),(877,178,-4,-4,NULL,NULL,-0.8,NULL,NULL,1,'2013-11-20 16:48:18',368,5,-0.6,NULL,'-4','-4',NULL,NULL,'-0.8',NULL,'-0.6',NULL,0,0),(878,178,1,1,NULL,NULL,0.2,NULL,NULL,1,'2013-11-20 16:48:18',363,6,-1.6,NULL,'1','1',NULL,NULL,'0.2',NULL,'-1.6',NULL,0,0),(879,179,-5,-5,-3,-3,-0.5,-0.3,NULL,1,'2013-11-20 16:50:17',370,1,0.5,0.3,'-5','-5','-3','-3','-0.5','-0.3','0.5','0.3',0,0),(880,179,-10,-10,-10,-10,-1,-1,NULL,1,'2013-11-20 16:50:17',369,2,1,1,'-10','-10','-10','-10','-1.0','-1.0','1.0','1.0',0,0),(881,180,10,10,NULL,NULL,0.1,NULL,NULL,1,'2013-11-21 12:42:47',259,1,-0.02,NULL,'10','10',NULL,NULL,'0.10',NULL,'-0.02',NULL,0,0),(882,180,10,10,NULL,NULL,0.1,NULL,NULL,1,'2013-11-21 12:42:47',258,2,-0.02,NULL,'10','10',NULL,NULL,'0.10',NULL,'-0.02',NULL,0,0),(883,180,10,10,NULL,NULL,0.1,NULL,NULL,1,'2013-11-21 12:42:47',233,3,-0.02,NULL,'10','10',NULL,NULL,'0.10',NULL,'-0.02',NULL,0,0),(884,180,15,15,NULL,NULL,0.15,NULL,NULL,1,'2013-11-21 12:42:47',315,4,-0.07,NULL,'15','15',NULL,NULL,'0.15',NULL,'-0.07',NULL,0,0),(885,181,10,10,NULL,NULL,0.1,NULL,NULL,1,'2013-11-21 12:44:20',260,1,-0.03,NULL,'10','10',NULL,NULL,'0.10',NULL,'-0.03',NULL,0,0),(886,181,10,10,NULL,NULL,0.1,NULL,NULL,1,'2013-11-21 12:44:20',267,2,-0.03,NULL,'10','10',NULL,NULL,'0.10',NULL,'-0.03',NULL,0,0),(887,181,8,8,NULL,NULL,0.08,NULL,NULL,1,'2013-11-21 12:44:20',230,3,-0.01,NULL,'8','8',NULL,NULL,'0.08',NULL,'-0.01',NULL,0,0),(888,181,10,10,NULL,NULL,0.1,NULL,NULL,1,'2013-11-21 12:44:20',257,4,-0.03,NULL,'10','10',NULL,NULL,'0.10',NULL,'-0.03',NULL,0,0),(889,181,10,10,NULL,NULL,0.1,NULL,NULL,1,'2013-11-21 12:44:20',261,5,-0.03,NULL,'10','10',NULL,NULL,'0.10',NULL,'-0.03',NULL,0,0),(890,182,-8,-8,-6,-6,-0.4,-0.3,NULL,1,'2013-11-21 12:44:44',318,1,0.4,0.3,'-8','-8','-6','-6','-0.40','-0.30','0.40','0.30',0,0),(891,182,5,5,7,7,0.25,0.35,NULL,1,'2013-11-21 12:44:44',321,2,-0.25,-0.35,'5','5','7','7','0.25','0.35','-0.25','-0.35',0,0),(892,182,-5,-5,0,0,-0.25,0,NULL,1,'2013-11-21 12:44:44',322,3,0.25,0,'-5','-5','0','0','-0.25','0.00','0.25','0.00',0,0),(893,182,-10,-10,-10,-10,-0.5,-0.5,NULL,1,'2013-11-21 12:44:44',352,4,0.5,0.5,'-10','-10','-10','-10','-0.50','-0.50','0.50','0.50',0,0),(894,183,30,30,NULL,NULL,0.3,NULL,NULL,1,'2013-11-21 12:50:25',269,1,-0.17,NULL,'30','30',NULL,NULL,'0.30',NULL,'-0.17',NULL,0,0),(895,183,30,30,NULL,NULL,0.3,NULL,NULL,1,'2013-11-21 12:50:25',268,2,-0.17,NULL,'30','30',NULL,NULL,'0.30',NULL,'-0.17',NULL,0,0),(896,184,11,11,NULL,NULL,1.1,NULL,NULL,1,'2013-11-21 12:52:52',255,1,-1.1,NULL,'11','11',NULL,NULL,'1.1',NULL,'-1.1',NULL,0,0),(897,184,-6,-6,NULL,NULL,-0.6,NULL,NULL,1,'2013-11-21 12:52:52',228,2,0.6,NULL,'-6','-6',NULL,NULL,'-0.6',NULL,'0.6',NULL,0,0),(898,184,10,10,NULL,NULL,1,NULL,NULL,1,'2013-11-21 12:52:52',253,3,-1,NULL,'10','10',NULL,NULL,'1.0',NULL,'-1.0',NULL,0,0),(899,184,23,23,NULL,NULL,2.3,NULL,NULL,1,'2013-11-21 12:52:52',252,4,-2.3,NULL,'23','23',NULL,NULL,'2.3',NULL,'-2.3',NULL,0,0),(900,184,-9,-9,NULL,NULL,-0.9,NULL,NULL,1,'2013-11-21 12:52:52',229,5,0.9,NULL,'-9','-9',NULL,NULL,'-0.9',NULL,'0.9',NULL,0,0),(901,184,7,7,NULL,NULL,0.7,NULL,NULL,1,'2013-11-21 12:52:52',256,6,-0.7,NULL,'7','7',NULL,NULL,'0.7',NULL,'-0.7',NULL,0,0),(902,184,8,8,NULL,NULL,0.8,NULL,NULL,1,'2013-11-21 12:52:52',254,7,-0.8,NULL,'8','8',NULL,NULL,'0.8',NULL,'-0.8',NULL,0,0),(903,185,19,19,NULL,NULL,0.38,NULL,NULL,1,'2013-11-21 12:58:11',266,1,-0.3,NULL,'19','19','','','0.38','','-0.30','',0,0),(904,185,26,26,NULL,NULL,0.52,NULL,NULL,1,'2013-11-21 12:58:11',265,2,-0.44,NULL,'26','26',NULL,NULL,'0.52',NULL,'-0.44',NULL,0,0),(905,185,3,3,NULL,NULL,0.06,NULL,NULL,1,'2013-11-21 12:58:11',263,3,0.02,NULL,'3','3',NULL,NULL,'0.06',NULL,'0.02',NULL,0,0),(906,185,10,10,NULL,NULL,0.2,NULL,NULL,1,'2013-11-21 12:58:11',232,4,-0.12,NULL,'10','10',NULL,NULL,'0.20',NULL,'-0.12',NULL,0,0),(907,185,20,20,NULL,NULL,0.4,NULL,NULL,1,'2013-11-21 12:58:11',264,5,-0.32,NULL,'20','20',NULL,NULL,'0.40',NULL,'-0.32',NULL,0,0),(908,186,21,21,NULL,NULL,0.21,NULL,NULL,1,'2013-11-21 13:00:32',309,1,-0.14,NULL,'21','21',NULL,NULL,'0.21',NULL,'-0.14',NULL,0,0),(909,186,22,22,NULL,NULL,0.22,NULL,NULL,1,'2013-11-21 13:00:32',310,2,-0.15,NULL,'22','22',NULL,NULL,'0.22',NULL,'-0.15',NULL,0,0),(911,186,20,20,NULL,NULL,0.2,NULL,NULL,1,'2013-11-21 13:00:32',307,4,-0.13,NULL,'20','20',NULL,NULL,'0.20',NULL,'-0.13',NULL,0,0),(913,187,4,4,NULL,NULL,0.04,NULL,NULL,1,'2013-11-21 13:13:48',231,1,0.04,NULL,'4','4',NULL,NULL,'0.04',NULL,'0.04',NULL,0,0),(914,188,11,11,NULL,NULL,0.11,NULL,NULL,1,'2013-11-21 13:20:41',269,1,0.03,NULL,'11','11',NULL,NULL,'0.11',NULL,'0.03',NULL,0,0),(915,188,20,20,NULL,NULL,0.2,NULL,NULL,1,'2013-11-21 13:20:41',268,2,-0.06,NULL,'20','20',NULL,NULL,'0.20',NULL,'-0.06',NULL,0,0),(916,189,-12,-12,NULL,NULL,-0.12,NULL,NULL,1,'2013-11-21 13:25:52',351,1,0.1,NULL,'-12','-12',NULL,NULL,'-0.12',NULL,'0.10',NULL,0,0),(917,190,0,0,-10,-10,0,-0.5,NULL,1,'2013-11-21 13:36:08',320,1,0,0.5,'0','0','-10','-10','0.00','-0.50','0.00','0.50',0,0),(918,190,-10,-10,-10,-10,-1,-1,NULL,1,'2013-11-21 13:36:08',369,2,1,1,'-10','-10','-10','-10','-1.0','-1.0','1.0','1.0',0,0),(919,190,-5,-5,0,0,-0.5,0,NULL,1,'2013-11-21 13:36:08',370,3,0.5,0,'-5','-5','0','0','-0.5','0.0','0.5','0.0',0,0),(920,191,0,0,NULL,NULL,0,NULL,NULL,1,'2013-11-21 14:08:40',269,1,0.03,NULL,'0','0',NULL,NULL,'0.00',NULL,'0.03',NULL,0,0),(921,191,17,17,NULL,NULL,0.17,NULL,NULL,1,'2013-11-21 14:08:40',268,2,-0.14,NULL,'17','17',NULL,NULL,'0.17',NULL,'-0.14',NULL,0,0),(922,192,10,10,NULL,NULL,0.1,NULL,NULL,1,'2013-11-21 14:12:04',230,1,-0.03,NULL,'10','10',NULL,NULL,'0.10',NULL,'-0.03',NULL,0,0),(923,192,10,10,NULL,NULL,0.1,NULL,NULL,1,'2013-11-21 14:12:04',233,2,-0.03,NULL,'10','10',NULL,NULL,'0.10',NULL,'-0.03',NULL,0,0),(924,192,10,10,NULL,NULL,0.1,NULL,NULL,1,'2013-11-21 14:12:04',257,3,-0.03,NULL,'10','10',NULL,NULL,'0.10',NULL,'-0.03',NULL,0,0),(925,192,5,5,NULL,NULL,0.05,NULL,NULL,1,'2013-11-21 14:12:04',315,4,0.02,NULL,'5','5',NULL,NULL,'0.05',NULL,'0.02',NULL,0,0),(926,192,10,10,NULL,NULL,0.1,NULL,NULL,1,'2013-11-21 14:12:04',259,5,-0.03,NULL,'10','10',NULL,NULL,'0.10',NULL,'-0.03',NULL,0,0),(927,192,5,5,NULL,NULL,0.05,NULL,NULL,1,'2013-11-21 14:12:04',258,6,0.02,NULL,'5','5',NULL,NULL,'0.05',NULL,'0.02',NULL,0,0),(928,193,10,10,NULL,NULL,0.1,NULL,NULL,1,'2013-11-21 14:13:44',267,1,-0.03,NULL,'10','10',NULL,NULL,'0.10',NULL,'-0.03',NULL,0,0),(929,193,4,4,NULL,NULL,0.04,NULL,NULL,1,'2013-11-21 14:13:44',261,2,0.03,NULL,'4','4',NULL,NULL,'0.04',NULL,'0.03',NULL,0,0),(930,193,8,8,NULL,NULL,0.08,NULL,NULL,1,'2013-11-21 14:13:44',260,3,-0.01,NULL,'8','8',NULL,NULL,'0.08',NULL,'-0.01',NULL,0,0),(931,193,-3,-3,NULL,NULL,-0.03,NULL,NULL,1,'2013-11-21 14:13:44',351,4,0.1,NULL,'-3','-3',NULL,NULL,'-0.03',NULL,'0.10',NULL,0,0),(932,194,-15,-15,NULL,NULL,-0.75,NULL,NULL,1,'2013-11-21 14:22:47',361,1,0.8,NULL,'-15','-15',NULL,NULL,'-0.75',NULL,'0.80',NULL,0,0),(933,194,-3,-3,NULL,NULL,-0.15,NULL,NULL,1,'2013-11-21 14:22:47',360,2,0.2,NULL,'-3','-3',NULL,NULL,'-0.15',NULL,'0.20',NULL,0,0),(934,194,-15,-15,NULL,NULL,-0.75,NULL,NULL,1,'2013-11-21 14:22:47',357,3,0.8,NULL,'-15','-15',NULL,NULL,'-0.75',NULL,'0.80',NULL,0,0),(935,194,-10,-10,NULL,NULL,-1,NULL,NULL,1,'2013-11-21 14:22:47',354,4,1,NULL,'-10','-10','','','-1.0','','1.0','',0,0),(936,194,-15,-15,NULL,NULL,-1.5,NULL,NULL,1,'2013-11-21 14:22:47',353,5,1.5,NULL,'-15','-15','','','-1.5','','1.5','',0,0),(937,194,-20,-20,NULL,NULL,-1,NULL,NULL,1,'2013-11-21 14:22:47',356,6,1.05,NULL,'-20','-20',NULL,NULL,'-1.00',NULL,'1.05',NULL,0,0),(938,194,0,0,NULL,NULL,0,NULL,NULL,1,'2013-11-21 14:22:47',362,7,0.05,NULL,'0','0',NULL,NULL,'0.00',NULL,'0.05',NULL,0,0),(939,194,18,18,NULL,NULL,0.9,NULL,NULL,1,'2013-11-21 14:22:47',358,8,-0.85,NULL,'18','18',NULL,NULL,'0.90',NULL,'-0.85',NULL,0,0),(940,195,0,0,NULL,NULL,0,NULL,NULL,1,'2013-11-21 14:26:07',263,1,0.08,NULL,'0','0',NULL,NULL,'0.00',NULL,'0.08',NULL,0,0),(941,195,5,5,NULL,NULL,0.1,NULL,NULL,1,'2013-11-21 14:26:07',264,2,-0.02,NULL,'5','5',NULL,NULL,'0.10',NULL,'-0.02',NULL,0,0),(942,195,8,8,NULL,NULL,0.08,NULL,NULL,1,'2013-11-21 14:26:07',231,3,-0.01,NULL,'8','8',NULL,NULL,'0.08',NULL,'-0.01',NULL,0,0),(943,195,10,10,NULL,NULL,0.2,NULL,NULL,1,'2013-11-21 14:26:07',232,4,-0.12,NULL,'10','10',NULL,NULL,'0.20',NULL,'-0.12',NULL,0,0),(944,195,17,17,NULL,NULL,0.34,NULL,NULL,1,'2013-11-21 14:26:07',265,5,-0.26,NULL,'17','17',NULL,NULL,'0.34',NULL,'-0.26',NULL,0,0),(945,195,10,10,NULL,NULL,0.2,NULL,NULL,1,'2013-11-21 14:26:07',266,6,-0.12,NULL,'10','10',NULL,NULL,'0.20',NULL,'-0.12',NULL,0,0),(946,196,-20,-20,NULL,NULL,-2,NULL,NULL,1,'2013-11-21 14:29:50',355,1,2,NULL,'-20','-20','','','-2.0','','2.0','',0,0),(947,196,18,18,NULL,NULL,0.9,NULL,NULL,1,'2013-11-21 14:29:50',359,2,-0.85,NULL,'18','18',NULL,NULL,'0.90',NULL,'-0.85',NULL,0,0),(948,197,10,10,10,10,0.5,0.5,NULL,1,'2013-11-21 14:48:26',321,1,-0.5,-0.5,'10','10','10','10','0.50','0.50','-0.50','-0.50',0,0),(949,197,0,0,-5,-5,0,-0.25,NULL,1,'2013-11-21 14:48:26',320,2,0,0.25,'0','0','-5','-5','0.00','-0.25','0.00','0.25',0,0),(950,197,-7,-7,-3,-3,-0.35,-0.15,NULL,1,'2013-11-21 14:48:26',318,3,0.35,0.15,'-7','-7','-3','-3','-0.35','-0.15','0.35','0.15',0,0),(951,197,0,0,0,0,0,0,NULL,1,'2013-11-21 14:48:26',322,4,0,0,'0','0','0','0','0.00','0.00','0.00','0.00',0,0),(952,198,10,10,NULL,NULL,1,NULL,NULL,1,'2013-11-21 14:50:51',221,1,-0.9,NULL,'10','10',NULL,NULL,'1.0',NULL,'-0.9',NULL,0,0),(953,198,13,13,NULL,NULL,1.3,NULL,NULL,1,'2013-11-21 14:50:51',219,2,-1.2,NULL,'13','13',NULL,NULL,'1.3',NULL,'-1.2',NULL,0,0),(954,198,8,8,NULL,NULL,0.8,NULL,NULL,1,'2013-11-21 14:50:51',262,3,-0.7,NULL,'8','8',NULL,NULL,'0.8',NULL,'-0.7',NULL,0,0),(955,198,20,20,NULL,NULL,2,NULL,NULL,1,'2013-11-21 14:50:51',314,4,-1.9,NULL,'20','20',NULL,NULL,'2.0',NULL,'-1.9',NULL,0,0),(956,198,4,4,NULL,NULL,0.4,NULL,NULL,1,'2013-11-21 14:50:51',251,5,-0.3,NULL,'4','4',NULL,NULL,'0.4',NULL,'-0.3',NULL,0,0),(957,198,21,21,NULL,NULL,2.1,NULL,NULL,1,'2013-11-21 14:50:51',311,6,-2,NULL,'21','21',NULL,NULL,'2.1',NULL,'-2.0',NULL,0,0),(958,198,20,20,NULL,NULL,2,NULL,NULL,1,'2013-11-21 14:50:51',313,7,-1.9,NULL,'20','20',NULL,NULL,'2.0',NULL,'-1.9',NULL,0,0),(959,198,30,30,NULL,NULL,3,NULL,NULL,1,'2013-11-21 14:50:51',303,8,-2.9,NULL,'30','30',NULL,NULL,'3.0',NULL,'-2.9',NULL,0,0),(960,199,0,0,NULL,NULL,0,NULL,NULL,1,'2013-11-21 14:51:56',367,1,0.1,NULL,'0','0',NULL,NULL,'0.0',NULL,'0.1',NULL,0,0),(961,199,0,0,NULL,NULL,0,NULL,NULL,1,'2013-11-21 14:51:56',366,2,0.1,NULL,'0','0',NULL,NULL,'0.0',NULL,'0.1',NULL,0,0),(962,199,0,0,NULL,NULL,0,NULL,NULL,1,'2013-11-21 14:51:56',365,3,0.1,NULL,'0','0',NULL,NULL,'0.0',NULL,'0.1',NULL,0,0),(963,199,50,50,NULL,NULL,5,NULL,NULL,1,'2013-11-21 14:51:56',312,4,-4.9,NULL,'50','50',NULL,NULL,'5.0',NULL,'-4.9',NULL,0,0),(964,200,0,0,NULL,NULL,0,NULL,NULL,1,'2013-11-21 14:55:32',235,1,0,NULL,'0','0','','','0.0','','0.0','',0,0),(965,200,-10,-10,NULL,NULL,-2,NULL,NULL,1,'2013-11-21 14:55:32',247,2,2,NULL,'-10','-10',NULL,NULL,'-2.0',NULL,'2.0',NULL,0,0),(966,200,10,10,NULL,NULL,1,NULL,NULL,1,'2013-11-21 14:55:32',241,3,-1,NULL,'10','10',NULL,NULL,'1.0',NULL,'-1.0',NULL,0,0),(967,200,0,0,NULL,NULL,0,NULL,NULL,1,'2013-11-21 14:55:32',239,4,0,NULL,'0','0',NULL,NULL,'0.0',NULL,'0.0',NULL,0,0),(968,200,-10,-10,NULL,NULL,-1,NULL,NULL,1,'2013-11-21 14:55:32',223,5,1,NULL,'-10','-10',NULL,NULL,'-1.0',NULL,'1.0',NULL,0,0),(969,200,-3,-3,NULL,NULL,-0.6,NULL,NULL,1,'2013-11-21 14:55:32',250,6,0.6,NULL,'-3','-3',NULL,NULL,'-0.6',NULL,'0.6',NULL,0,0),(970,200,3,3,NULL,NULL,0.6,NULL,NULL,1,'2013-11-21 14:55:32',248,7,-0.6,NULL,'3','3',NULL,NULL,'0.6',NULL,'-0.6',NULL,0,0),(971,200,30,30,NULL,NULL,6,NULL,NULL,1,'2013-11-21 14:55:32',242,8,-6,NULL,'30','30',NULL,NULL,'6.0',NULL,'-6.0',NULL,0,0),(972,201,-2,-2,NULL,NULL,-0.4,NULL,NULL,1,'2013-11-21 14:56:20',363,1,0.4,NULL,'-2','-2',NULL,NULL,'-0.4',NULL,'0.4',NULL,0,0),(973,201,-10,-10,NULL,NULL,-2,NULL,NULL,1,'2013-11-21 14:56:20',224,2,2,NULL,'-10','-10',NULL,NULL,'-2.0',NULL,'2.0',NULL,0,0),(974,201,-7,-7,NULL,NULL,-1.4,NULL,NULL,1,'2013-11-21 14:56:20',317,3,1.4,NULL,'-7','-7',NULL,NULL,'-1.4',NULL,'1.4',NULL,0,0),(975,202,-3,-3,NULL,NULL,-0.3,NULL,NULL,1,'2013-11-21 15:01:48',226,1,0.4,NULL,'-3','-3',NULL,NULL,'-0.3',NULL,'0.4',NULL,0,0),(976,202,32,32,NULL,NULL,3.2,NULL,NULL,1,'2013-11-21 15:01:48',304,2,-3.1,NULL,'32','32',NULL,NULL,'3.2',NULL,'-3.1',NULL,0,0),(977,202,0,0,NULL,NULL,0,NULL,NULL,1,'2013-11-21 15:01:48',243,3,0.1,NULL,'0','0',NULL,NULL,'0.0',NULL,'0.1',NULL,0,0),(978,202,0,0,NULL,NULL,0,NULL,NULL,1,'2013-11-21 15:01:48',305,4,0.1,NULL,'0','0',NULL,NULL,'0.0',NULL,'0.1',NULL,0,0),(979,202,-2,-2,NULL,NULL,-0.2,NULL,NULL,1,'2013-11-21 15:01:48',227,5,0.3,NULL,'-2','-2',NULL,NULL,'-0.2',NULL,'0.3',NULL,0,0),(980,202,0,0,NULL,NULL,0,NULL,NULL,1,'2013-11-21 15:01:48',234,6,0.1,NULL,'0','0',NULL,NULL,'0.0',NULL,'0.1',NULL,0,0),(981,202,1,1,NULL,NULL,0.1,NULL,NULL,1,'2013-11-21 15:01:48',240,7,0,NULL,'1','1',NULL,NULL,'0.1',NULL,'0.0',NULL,0,0),(982,202,2,2,NULL,NULL,0.2,NULL,NULL,1,'2013-11-21 15:01:48',220,8,-0.1,NULL,'2','2',NULL,NULL,'0.2',NULL,'-0.1',NULL,0,0),(983,203,0,0,NULL,NULL,0,NULL,NULL,1,'2013-11-21 15:02:39',238,1,0.1,NULL,'0','0',NULL,NULL,'0.0',NULL,'0.1',NULL,0,0),(984,203,0,0,NULL,NULL,0,NULL,NULL,1,'2013-11-21 15:02:39',249,2,0.1,NULL,'0','0',NULL,NULL,'0.0',NULL,'0.1',NULL,0,0),(985,203,13,13,NULL,NULL,1.3,NULL,NULL,1,'2013-11-21 15:02:39',316,3,-1.2,NULL,'13','13',NULL,NULL,'1.3',NULL,'-1.2',NULL,0,0),(986,203,3,3,NULL,NULL,0.3,NULL,NULL,1,'2013-11-21 15:02:39',222,4,-0.2,NULL,'3','3',NULL,NULL,'0.3',NULL,'-0.2',NULL,0,0),(987,204,0,0,NULL,NULL,0,NULL,NULL,1,'2013-11-21 15:19:36',270,1,0,NULL,'0','0',NULL,NULL,'0.0',NULL,'0.0',NULL,0,0),(988,204,0,0,NULL,NULL,0,NULL,NULL,1,'2013-11-21 15:19:36',246,2,0,NULL,'0','0',NULL,NULL,'0.0',NULL,'0.0',NULL,0,0),(989,204,7,7,NULL,NULL,1.4,NULL,NULL,1,'2013-11-21 15:19:36',306,3,-1.4,NULL,'7','7',NULL,NULL,'1.4',NULL,'-1.4',NULL,0,0),(990,204,0,0,NULL,NULL,0,NULL,NULL,1,'2013-11-21 15:19:36',225,4,0,NULL,'0','0',NULL,NULL,'0.0',NULL,'0.0',NULL,0,0),(991,204,1,1,NULL,NULL,0.2,NULL,NULL,1,'2013-11-21 15:19:36',368,5,-0.2,NULL,'1','1',NULL,NULL,'0.2',NULL,'-0.2',NULL,0,0),(992,204,0,0,NULL,NULL,0,NULL,NULL,1,'2013-11-21 15:19:36',319,6,0,NULL,'0','0',NULL,NULL,'0.0',NULL,'0.0',NULL,0,0),(993,204,0,0,NULL,NULL,0,NULL,NULL,1,'2013-11-21 15:19:36',271,7,0,NULL,'0','0',NULL,NULL,'0.0',NULL,'0.0',NULL,0,0),(994,204,-8,-8,NULL,NULL,-1.6,NULL,NULL,1,'2013-11-21 15:19:36',364,8,1.6,NULL,'-8','-8',NULL,NULL,'-1.6',NULL,'1.6',NULL,0,0),(995,205,-12,-12,NULL,NULL,-2.4,NULL,NULL,1,'2013-11-21 15:21:11',237,1,2.4,NULL,'-12','-12',NULL,NULL,'-2.4',NULL,'2.4',NULL,0,0),(996,205,0,0,NULL,NULL,0,NULL,NULL,1,'2013-11-21 15:21:11',245,2,0,NULL,'0','0',NULL,NULL,'0.0',NULL,'0.0',NULL,0,0),(997,205,0,0,NULL,NULL,0,NULL,NULL,1,'2013-11-21 15:21:11',244,3,0,NULL,'0','0',NULL,NULL,'0.0',NULL,'0.0',NULL,0,0),(998,205,4,4,NULL,NULL,0.8,NULL,NULL,1,'2013-11-21 15:21:11',236,4,-0.8,NULL,'4','4',NULL,NULL,'0.8',NULL,'-0.8',NULL,0,0),(999,206,-8,-8,0,0,-0.4,0,NULL,1,'2013-11-21 15:27:42',352,1,0.4,0,'-8','-8','0','0','-0.40','0.00','0.40','0.00',0,0),(1000,206,-5,-5,-3,-3,-0.5,-0.3,NULL,1,'2013-11-21 15:27:42',370,2,0.5,0.3,'-5','-5','-3','-3','-0.5','-0.3','0.5','0.3',0,0),(1001,206,-10,-10,-10,-10,-1,-1,NULL,1,'2013-11-21 15:27:42',369,3,1,1,'-10','-10','-10','-10','-1.0','-1.0','1.0','1.0',0,0),(1002,207,-1,-1,NULL,NULL,-0.1,NULL,NULL,1,'2013-11-21 15:47:53',339,1,0.2,NULL,'-1','-1',NULL,NULL,'-0.1',NULL,'0.2',NULL,0,0),(1003,207,0,0,NULL,NULL,0,NULL,NULL,1,'2013-11-21 15:47:53',332,2,0.1,NULL,'0','0',NULL,NULL,'0.0',NULL,'0.1',NULL,0,0),(1004,207,0,0,NULL,NULL,0,NULL,NULL,1,'2013-11-21 15:47:53',346,3,0.1,NULL,'0','0',NULL,NULL,'0.0',NULL,'0.1',NULL,0,0),(1005,207,-3,-3,NULL,NULL,-0.3,NULL,NULL,1,'2013-11-21 15:47:53',347,4,0.4,NULL,'-3','-3',NULL,NULL,'-0.3',NULL,'0.4',NULL,0,0),(1006,207,0,0,NULL,NULL,0,NULL,NULL,1,'2013-11-21 15:47:53',344,5,0.1,NULL,'0','0',NULL,NULL,'0.0',NULL,'0.1',NULL,0,0),(1007,207,-2,-2,NULL,NULL,-0.2,NULL,NULL,1,'2013-11-21 15:47:53',334,6,0.3,NULL,'-2','-2',NULL,NULL,'-0.2',NULL,'0.3',NULL,0,0),(1008,207,-1,-1,NULL,NULL,-0.1,NULL,NULL,1,'2013-11-21 15:47:53',348,7,0.2,NULL,'-1','-1',NULL,NULL,'-0.1',NULL,'0.2',NULL,0,0),(1009,207,10,10,NULL,NULL,1,NULL,NULL,1,'2013-11-21 15:47:53',350,8,-0.9,NULL,'10','10',NULL,NULL,'1.0',NULL,'-0.9',NULL,0,0),(1010,208,-8,-8,NULL,NULL,-0.8,NULL,NULL,1,'2013-11-21 15:48:47',342,1,0.9,NULL,'-8','-8',NULL,NULL,'-0.8',NULL,'0.9',NULL,0,0),(1011,208,-3,-3,NULL,NULL,-0.3,NULL,NULL,1,'2013-11-21 15:48:47',333,2,0.4,NULL,'-3','-3',NULL,NULL,'-0.3',NULL,'0.4',NULL,0,0),(1012,208,0,0,NULL,NULL,0,NULL,NULL,1,'2013-11-21 15:48:47',343,3,0.1,NULL,'0','0',NULL,NULL,'0.0',NULL,'0.1',NULL,0,0),(1013,208,2,2,NULL,NULL,0.2,NULL,NULL,1,'2013-11-21 15:48:47',338,4,-0.1,NULL,'2','2',NULL,NULL,'0.2',NULL,'-0.1',NULL,0,0),(1014,209,2,2,NULL,NULL,0.02,NULL,NULL,1,'2013-11-21 15:53:13',258,1,0.02,NULL,'2','2',NULL,NULL,'0.02',NULL,'0.02',NULL,0,0),(1015,209,0,0,NULL,NULL,0,NULL,NULL,1,'2013-11-21 15:53:13',233,2,0.04,NULL,'0','0',NULL,NULL,'0.00',NULL,'0.04',NULL,0,0),(1016,209,2,2,NULL,NULL,0.02,NULL,NULL,1,'2013-11-21 15:53:13',257,3,0.02,NULL,'2','2',NULL,NULL,'0.02',NULL,'0.02',NULL,0,0),(1017,209,3,3,NULL,NULL,0.03,NULL,NULL,1,'2013-11-21 15:53:13',230,4,0.01,NULL,'3','3',NULL,NULL,'0.03',NULL,'0.01',NULL,0,0),(1018,209,3,3,NULL,NULL,0.03,NULL,NULL,1,'2013-11-21 15:53:13',260,5,0.01,NULL,'3','3',NULL,NULL,'0.03',NULL,'0.01',NULL,0,0),(1019,209,0,0,NULL,NULL,0,NULL,NULL,1,'2013-11-21 15:53:13',259,6,0.04,NULL,'0','0',NULL,NULL,'0.00',NULL,'0.04',NULL,0,0),(1020,209,8,8,NULL,NULL,0.08,NULL,NULL,1,'2013-11-21 15:53:13',315,7,-0.04,NULL,'8','8',NULL,NULL,'0.08',NULL,'-0.04',NULL,0,0),(1021,210,0,0,NULL,NULL,0,NULL,NULL,1,'2013-11-21 16:18:26',261,1,0.05,NULL,'0','0',NULL,NULL,'0.00',NULL,'0.05',NULL,0,0),(1022,210,20,20,NULL,NULL,0.2,NULL,NULL,1,'2013-11-21 16:18:26',267,2,-0.15,NULL,'20','20',NULL,NULL,'0.20',NULL,'-0.15',NULL,0,0),(1023,210,0,0,NULL,NULL,0,NULL,NULL,1,'2013-11-21 16:18:26',221,3,0.1,NULL,'0','0',NULL,NULL,'0.0',NULL,'0.1',NULL,0,0),(1024,210,8,8,NULL,NULL,0.8,NULL,NULL,1,'2013-11-21 16:18:26',219,4,-0.7,NULL,'8','8',NULL,NULL,'0.8',NULL,'-0.7',NULL,0,0),(1025,210,-8,-8,NULL,NULL,-0.8,NULL,NULL,1,'2013-11-21 16:18:26',262,5,0.9,NULL,'-8','-8',NULL,NULL,'-0.8',NULL,'0.9',NULL,0,0),(1026,211,-3,-3,NULL,NULL,-0.3,NULL,NULL,1,'2013-11-21 16:21:08',341,1,0.4,NULL,'-3','-3',NULL,NULL,'-0.3',NULL,'0.4',NULL,0,0),(1027,211,-10,-10,NULL,NULL,-1,NULL,NULL,1,'2013-11-21 16:21:08',336,2,1.1,NULL,'-10','-10',NULL,NULL,'-1.0',NULL,'1.1',NULL,0,0),(1028,211,3,3,NULL,NULL,0.3,NULL,NULL,1,'2013-11-21 16:21:08',335,3,-0.2,NULL,'3','3',NULL,NULL,'0.3',NULL,'-0.2',NULL,0,0),(1029,211,4,4,NULL,NULL,0.4,NULL,NULL,1,'2013-11-21 16:21:08',337,4,-0.3,NULL,'4','4',NULL,NULL,'0.4',NULL,'-0.3',NULL,0,0),(1030,211,0,0,NULL,NULL,0,NULL,NULL,1,'2013-11-21 16:21:08',331,5,0.1,NULL,'0','0',NULL,NULL,'0.0',NULL,'0.1',NULL,0,0),(1031,211,0,0,NULL,NULL,0,NULL,NULL,1,'2013-11-21 16:21:08',340,6,0.1,NULL,'0','0',NULL,NULL,'0.0',NULL,'0.1',NULL,0,0),(1032,211,-1,-1,NULL,NULL,-0.1,NULL,NULL,1,'2013-11-21 16:21:08',349,7,0.2,NULL,'-1','-1',NULL,NULL,'-0.1',NULL,'0.2',NULL,0,0),(1033,211,0,0,NULL,NULL,0,NULL,NULL,1,'2013-11-21 16:21:08',345,8,0.1,NULL,'0','0',NULL,NULL,'0.0',NULL,'0.1',NULL,0,0),(1034,212,0,0,NULL,NULL,0,NULL,NULL,1,'2013-11-21 16:25:42',355,1,0,NULL,'0','0','','','0.0','','0.0','',0,0),(1035,212,0,0,NULL,NULL,0,NULL,NULL,1,'2013-11-21 16:25:42',362,2,0.05,NULL,'0','0',NULL,NULL,'0.00',NULL,'0.05',NULL,0,0),(1036,212,15,15,NULL,NULL,0.75,NULL,NULL,1,'2013-11-21 16:25:42',357,3,-0.7,NULL,'15','15',NULL,NULL,'0.75',NULL,'-0.70',NULL,0,0),(1037,212,-5,-5,NULL,NULL,-0.25,NULL,NULL,1,'2013-11-21 16:25:42',359,4,0.3,NULL,'-5','-5',NULL,NULL,'-0.25',NULL,'0.30',NULL,0,0),(1038,212,3,3,NULL,NULL,0.15,NULL,NULL,1,'2013-11-21 16:25:42',361,5,-0.1,NULL,'3','3',NULL,NULL,'0.15',NULL,'-0.10',NULL,0,0),(1039,212,8,8,NULL,NULL,0.8,NULL,NULL,1,'2013-11-21 16:25:42',353,6,-0.8,NULL,'8','8','','','0.8','','-0.8','',0,0),(1040,212,-8,-8,NULL,NULL,-0.4,NULL,NULL,1,'2013-11-21 16:25:42',356,7,0.45,NULL,'-8','-8',NULL,NULL,'-0.40',NULL,'0.45',NULL,0,0),(1041,212,11,11,NULL,NULL,0.55,NULL,NULL,1,'2013-11-21 16:25:42',360,8,-0.5,NULL,'11','11',NULL,NULL,'0.55',NULL,'-0.50',NULL,0,0),(1042,213,0,0,NULL,NULL,0,NULL,NULL,1,'2013-11-21 16:34:41',358,1,0.05,NULL,'0','0',NULL,NULL,'0.00',NULL,'0.05',NULL,0,0),(1043,213,0,0,NULL,NULL,0,NULL,NULL,1,'2013-11-21 16:34:41',354,2,0,NULL,'0','0','','','0.0','','0.0','',0,0),(1044,214,26,26,NULL,NULL,2.6,NULL,NULL,1,'2013-11-21 16:37:19',300,1,-2.5,NULL,'26','26',NULL,NULL,'2.6',NULL,'-2.5',NULL,0,0),(1045,214,20,20,NULL,NULL,2,NULL,NULL,1,'2013-11-21 16:37:19',297,2,-1.9,NULL,'20','20',NULL,NULL,'2.0',NULL,'-1.9',NULL,0,0),(1046,214,33,33,NULL,NULL,3.3,NULL,NULL,1,'2013-11-21 16:37:19',301,3,-3.2,NULL,'33','33',NULL,NULL,'3.3',NULL,'-3.2',NULL,0,0),(1047,214,10,10,NULL,NULL,1,NULL,NULL,1,'2013-11-21 16:37:19',298,4,-0.9,NULL,'10','10',NULL,NULL,'1.0',NULL,'-0.9',NULL,0,0),(1048,214,30,30,NULL,NULL,3,NULL,NULL,1,'2013-11-21 16:37:19',293,5,-2.9,NULL,'30','30',NULL,NULL,'3.0',NULL,'-2.9',NULL,0,0),(1049,214,25,25,NULL,NULL,2.5,NULL,NULL,1,'2013-11-21 16:37:19',302,6,-2.4,NULL,'25','25',NULL,NULL,'2.5',NULL,'-2.4',NULL,0,0),(1050,214,45,45,NULL,NULL,4.5,NULL,NULL,1,'2013-11-21 16:37:19',289,7,-4.4,NULL,'45','45',NULL,NULL,'4.5',NULL,'-4.4',NULL,0,0),(1051,214,20,20,NULL,NULL,2,NULL,NULL,1,'2013-11-21 16:37:19',299,8,-1.9,NULL,'20','20',NULL,NULL,'2.0',NULL,'-1.9',NULL,0,0),(1052,215,55,55,NULL,NULL,5.5,NULL,NULL,1,'2013-11-21 16:38:27',291,1,-5.4,NULL,'55','55',NULL,NULL,'5.5',NULL,'-5.4',NULL,0,0),(1053,215,20,20,NULL,NULL,2,NULL,NULL,1,'2013-11-21 16:38:27',296,2,-1.9,NULL,'20','20',NULL,NULL,'2.0',NULL,'-1.9',NULL,0,0),(1054,215,25,25,NULL,NULL,2.5,NULL,NULL,1,'2013-11-21 16:38:27',292,3,-2.4,NULL,'25','25',NULL,NULL,'2.5',NULL,'-2.4',NULL,0,0),(1055,215,33,33,NULL,NULL,3.3,NULL,NULL,1,'2013-11-21 16:38:27',295,4,-3.2,NULL,'33','33',NULL,NULL,'3.3',NULL,'-3.2',NULL,0,0),(1056,216,35,35,NULL,NULL,3.5,NULL,NULL,1,'2013-11-21 16:48:50',283,1,-3.4,NULL,'35','35',NULL,NULL,'3.5',NULL,'-3.4',NULL,0,0),(1057,216,5,5,NULL,NULL,0.5,NULL,NULL,1,'2013-11-21 16:48:50',273,2,-0.4,NULL,'5','5',NULL,NULL,'0.5',NULL,'-0.4',NULL,0,0),(1058,216,30,30,NULL,NULL,3,NULL,NULL,1,'2013-11-21 16:48:50',284,3,-2.9,NULL,'30','30',NULL,NULL,'3.0',NULL,'-2.9',NULL,0,0),(1059,216,-2,-2,NULL,NULL,-0.2,NULL,NULL,1,'2013-11-21 16:48:50',281,4,0.3,NULL,'-2','-2',NULL,NULL,'-0.2',NULL,'0.3',NULL,0,0),(1060,216,50,50,NULL,NULL,5,NULL,NULL,1,'2013-11-21 16:48:50',288,5,-4.9,NULL,'50','50',NULL,NULL,'5.0',NULL,'-4.9',NULL,0,0),(1061,216,20,20,NULL,NULL,2,NULL,NULL,1,'2013-11-21 16:48:50',287,6,-1.9,NULL,'20','20',NULL,NULL,'2.0',NULL,'-1.9',NULL,0,0),(1062,216,60,60,NULL,NULL,6,NULL,NULL,1,'2013-11-21 16:48:50',290,7,-5.9,NULL,'60','60',NULL,NULL,'6.0',NULL,'-5.9',NULL,0,0),(1063,216,40,40,NULL,NULL,4,NULL,NULL,1,'2013-11-21 16:48:50',286,8,-3.9,NULL,'40','40',NULL,NULL,'4.0',NULL,'-3.9',NULL,0,0),(1064,217,12,12,NULL,NULL,1.2,NULL,NULL,1,'2013-11-21 16:50:06',280,1,-1.1,NULL,'12','12',NULL,NULL,'1.2',NULL,'-1.1',NULL,0,0),(1065,217,-26,-26,NULL,NULL,-2.6,NULL,NULL,1,'2013-11-21 16:50:06',277,2,2.7,NULL,'-26','-26',NULL,NULL,'-2.6',NULL,'2.7',NULL,0,0),(1066,217,10,10,NULL,NULL,1,NULL,NULL,1,'2013-11-21 16:50:06',274,3,-0.9,NULL,'10','10',NULL,NULL,'1.0',NULL,'-0.9',NULL,0,0),(1067,217,13,13,NULL,NULL,1.3,NULL,NULL,1,'2013-11-21 16:50:06',276,4,-1.2,NULL,'13','13',NULL,NULL,'1.3',NULL,'-1.2',NULL,0,0),(1068,218,-5,-5,NULL,NULL,-1,NULL,NULL,1,'2013-11-21 16:58:16',368,1,1,NULL,'-5','-5',NULL,NULL,'-1.0',NULL,'1.0',NULL,0,0),(1069,218,-2,-2,NULL,NULL,-0.4,NULL,NULL,1,'2013-11-21 16:58:16',244,2,0.4,NULL,'-2','-2',NULL,NULL,'-0.4',NULL,'0.4',NULL,0,0),(1070,218,-4,-4,NULL,NULL,-0.8,NULL,NULL,1,'2013-11-21 16:58:16',245,3,0.8,NULL,'-4','-4',NULL,NULL,'-0.8',NULL,'0.8',NULL,0,0),(1071,218,0,0,NULL,NULL,0,NULL,NULL,1,'2013-11-21 16:58:16',306,4,0,NULL,'0','0',NULL,NULL,'0.0',NULL,'0.0',NULL,0,0),(1072,218,10,10,NULL,NULL,2,NULL,NULL,1,'2013-11-21 16:58:16',237,5,-2,NULL,'10','10',NULL,NULL,'2.0',NULL,'-2.0',NULL,0,0),(1073,218,10,10,NULL,NULL,2,NULL,NULL,1,'2013-11-21 16:58:16',364,6,-2,NULL,'10','10',NULL,NULL,'2.0',NULL,'-2.0',NULL,0,0),(1074,218,-2,-2,NULL,NULL,-0.4,NULL,NULL,1,'2013-11-21 16:58:16',319,7,0.4,NULL,'-2','-2',NULL,NULL,'-0.4',NULL,'0.4',NULL,0,0),(1075,218,-10,-10,NULL,NULL,-2,NULL,NULL,1,'2013-11-21 16:58:16',236,8,2,NULL,'-10','-10',NULL,NULL,'-2.0',NULL,'2.0',NULL,0,0),(1076,219,0,0,NULL,NULL,0,NULL,NULL,1,'2013-11-21 17:00:33',271,1,0,NULL,'0','0',NULL,NULL,'0.0',NULL,'0.0',NULL,0,0),(1077,219,-2,-2,NULL,NULL,-0.4,NULL,NULL,1,'2013-11-21 17:00:33',270,2,0.4,NULL,'-2','-2',NULL,NULL,'-0.4',NULL,'0.4',NULL,0,0),(1078,219,-6,-6,NULL,NULL,-1.2,NULL,NULL,1,'2013-11-21 17:00:33',246,3,1.2,NULL,'-6','-6',NULL,NULL,'-1.2',NULL,'1.2',NULL,0,0),(1079,219,-4,-4,NULL,NULL,-0.8,NULL,NULL,1,'2013-11-21 17:00:33',225,4,0.8,NULL,'-4','-4',NULL,NULL,'-0.8',NULL,'0.8',NULL,0,0),(1080,220,23,23,NULL,NULL,0.23,NULL,NULL,1,'2013-11-21 17:24:23',308,1,-0.16,NULL,'23','23',NULL,NULL,'0.23',NULL,'-0.16',NULL,0,0),(1081,221,12,12,NULL,NULL,0.12,NULL,NULL,1,'2013-11-21 17:33:30',325,1,-0.1,NULL,'12','12',NULL,NULL,'0.12',NULL,'-0.10',NULL,0,0),(1082,221,15,15,NULL,NULL,0.15,NULL,NULL,1,'2013-11-21 17:33:30',324,2,-0.13,NULL,'15','15',NULL,NULL,'0.15',NULL,'-0.13',NULL,0,0),(1083,221,8,8,NULL,NULL,0.08,NULL,NULL,1,'2013-11-21 17:33:30',327,3,-0.06,NULL,'8','8',NULL,NULL,'0.08',NULL,'-0.06',NULL,0,0),(1084,221,2,2,NULL,NULL,0.02,NULL,NULL,1,'2013-11-21 17:33:30',326,4,0,NULL,'2','2',NULL,NULL,'0.02',NULL,'0.00',NULL,0,0),(1085,221,10,10,NULL,NULL,0.1,NULL,NULL,1,'2013-11-21 17:33:30',323,5,-0.08,NULL,'10','10',NULL,NULL,'0.10',NULL,'-0.08',NULL,0,0),(1089,223,20,20,NULL,NULL,0.2,NULL,NULL,1,'2013-11-21 17:54:55',327,1,-0.13,NULL,'20','20',NULL,NULL,'0.20',NULL,'-0.13',NULL,0,NULL),(1090,223,18,18,NULL,NULL,0.18,NULL,NULL,1,'2013-11-21 17:54:55',326,2,-0.11,NULL,'18','18',NULL,NULL,'0.18',NULL,'-0.11',NULL,0,NULL),(1091,223,25,25,NULL,NULL,0.25,NULL,NULL,1,'2013-11-21 17:54:55',324,3,-0.18,NULL,'25','25',NULL,NULL,'0.25',NULL,'-0.18',NULL,0,NULL),(1092,223,20,20,NULL,NULL,0.2,NULL,NULL,1,'2013-11-21 17:54:55',325,4,-0.13,NULL,'20','20',NULL,NULL,'0.20',NULL,'-0.13',NULL,0,NULL),(1093,223,32,32,NULL,NULL,0.32,NULL,NULL,1,'2013-11-21 17:54:55',323,5,-0.25,NULL,'32','32',NULL,NULL,'0.32',NULL,'-0.25',NULL,0,NULL),(1094,224,0,0,-5,-5,0,-0.25,NULL,1,'2013-11-21 17:56:21',320,1,0,0.25,'0','0','-5','-5','0.00','-0.25','0.00','0.25',0,0),(1095,225,0,0,NULL,NULL,0,NULL,NULL,1,'2013-11-22 13:43:44',268,1,0,NULL,'0','0',NULL,NULL,'0.00',NULL,'0.00',NULL,0,NULL),(1096,225,4,4,NULL,NULL,0.4,NULL,NULL,1,'2013-11-22 13:43:44',305,2,-0.4,NULL,'4','4',NULL,NULL,'0.4',NULL,'-0.4',NULL,0,NULL),(1097,225,0,0,NULL,NULL,0,NULL,NULL,1,'2013-11-22 13:43:44',261,3,0,NULL,'0','0',NULL,NULL,'0.00',NULL,'0.00',NULL,0,NULL),(1098,225,-17,-17,NULL,NULL,-0.17,NULL,NULL,1,'2013-11-22 13:43:44',269,4,0.17,NULL,'-17','-17',NULL,NULL,'-0.17',NULL,'0.17',NULL,0,NULL),(1099,225,0,0,NULL,NULL,0,NULL,NULL,1,'2013-11-22 13:43:44',233,5,0,NULL,'0','0',NULL,NULL,'0.00',NULL,'0.00',NULL,0,NULL),(1100,225,10,10,NULL,NULL,0.1,NULL,NULL,1,'2013-11-22 13:43:44',267,6,-0.1,NULL,'10','10',NULL,NULL,'0.10',NULL,'-0.10',NULL,0,NULL),(1101,225,-3,-3,NULL,NULL,-0.3,NULL,NULL,1,'2013-11-22 13:43:44',366,7,0.3,NULL,'-3','-3',NULL,NULL,'-0.3',NULL,'0.3',NULL,0,NULL),(1102,225,2,2,NULL,NULL,0.2,NULL,NULL,1,'2013-11-22 13:43:44',367,8,-0.2,NULL,'2','2',NULL,NULL,'0.2',NULL,'-0.2',NULL,0,NULL),(1103,226,-13,-13,NULL,NULL,-1.3,NULL,NULL,1,'2013-11-22 13:45:57',304,1,1.3,NULL,'-13','-13',NULL,NULL,'-1.3',NULL,'1.3',NULL,0,NULL),(1104,226,2,2,NULL,NULL,0.2,NULL,NULL,1,'2013-11-22 13:45:57',316,2,-0.2,NULL,'2','2',NULL,NULL,'0.2',NULL,'-0.2',NULL,0,NULL),(1105,226,-10,-10,NULL,NULL,-1,NULL,NULL,1,'2013-11-22 13:45:57',303,3,1,NULL,'-10','-10',NULL,NULL,'-1.0',NULL,'1.0',NULL,0,NULL),(1106,226,0,0,NULL,NULL,0,NULL,NULL,1,'2013-11-22 13:45:57',265,4,0,NULL,'0','0',NULL,NULL,'0.00',NULL,'0.00',NULL,0,NULL),(1107,226,0,0,NULL,NULL,0,NULL,NULL,1,'2013-11-22 13:45:57',264,5,0,NULL,'0','0',NULL,NULL,'0.00',NULL,'0.00',NULL,0,NULL),(1108,226,2,2,NULL,NULL,0.04,NULL,NULL,1,'2013-11-22 13:45:57',232,6,-0.04,NULL,'2','2',NULL,NULL,'0.04',NULL,'-0.04',NULL,0,NULL),(1109,226,0,0,NULL,NULL,0,NULL,NULL,1,'2013-11-22 13:45:57',263,7,0,NULL,'0','0',NULL,NULL,'0.00',NULL,'0.00',NULL,0,NULL),(1110,226,0,0,NULL,NULL,0,NULL,NULL,1,'2013-11-22 13:45:57',231,8,0,NULL,'0','0','','','0.00','','0.00','',0,NULL),(1111,227,2,2,NULL,NULL,0.02,NULL,NULL,1,'2013-11-22 13:48:09',258,1,-0.02,NULL,'2','2',NULL,NULL,'0.02',NULL,'-0.02',NULL,0,NULL),(1112,227,0,0,NULL,NULL,0,NULL,NULL,1,'2013-11-22 13:48:09',259,2,0,NULL,'0','0',NULL,NULL,'0.00',NULL,'0.00',NULL,0,NULL),(1113,227,0,0,NULL,NULL,0,NULL,NULL,1,'2013-11-22 13:48:09',230,3,0,NULL,'0','0',NULL,NULL,'0.00',NULL,'0.00',NULL,0,NULL),(1114,227,0,0,NULL,NULL,0,NULL,NULL,1,'2013-11-22 13:48:09',257,4,0,NULL,'0','0',NULL,NULL,'0.00',NULL,'0.00',NULL,0,NULL),(1115,227,0,0,NULL,NULL,0,NULL,NULL,1,'2013-11-22 13:48:09',260,5,0,NULL,'0','0',NULL,NULL,'0.00',NULL,'0.00',NULL,0,NULL),(1116,227,10,10,NULL,NULL,0.1,NULL,NULL,1,'2013-11-22 13:48:09',315,6,-0.1,NULL,'10','10',NULL,NULL,'0.10',NULL,'-0.10',NULL,0,NULL),(1117,227,0,0,NULL,NULL,0,NULL,NULL,1,'2013-11-22 13:48:09',266,7,0,NULL,'0','0',NULL,NULL,'0.00',NULL,'0.00',NULL,0,NULL),(1118,228,2,2,NULL,NULL,0.2,NULL,NULL,1,'2013-11-22 14:12:47',253,1,-0.2,NULL,'2','2',NULL,NULL,'0.2',NULL,'-0.2',NULL,0,NULL),(1119,228,0,0,NULL,NULL,0,NULL,NULL,1,'2013-11-22 14:12:47',252,2,0,NULL,'0','0',NULL,NULL,'0.0',NULL,'0.0',NULL,0,NULL),(1120,228,1,1,NULL,NULL,0.1,NULL,NULL,1,'2013-11-22 14:12:47',255,3,-0.1,NULL,'1','1',NULL,NULL,'0.1',NULL,'-0.1',NULL,0,NULL),(1122,228,0,0,NULL,NULL,0,NULL,NULL,1,'2013-11-22 14:12:47',240,5,0,NULL,'0','0',NULL,NULL,'0.0',NULL,'0.0',NULL,0,NULL),(1123,228,-3,-3,NULL,NULL,-0.3,NULL,NULL,1,'2013-11-22 14:12:47',238,6,0.3,NULL,'-3','-3',NULL,NULL,'-0.3',NULL,'0.3',NULL,0,NULL),(1124,228,-2,-2,NULL,NULL,-0.2,NULL,NULL,1,'2013-11-22 14:12:47',227,7,0.2,NULL,'-2','-2',NULL,NULL,'-0.2',NULL,'0.2',NULL,0,NULL),(1125,228,-7,-7,NULL,NULL,-0.7,NULL,NULL,1,'2013-11-22 14:12:47',221,8,0.7,NULL,'-7','-7',NULL,NULL,'-0.7',NULL,'0.7',NULL,0,NULL),(1126,229,-14,-14,NULL,NULL,-1.4,NULL,NULL,1,'2013-11-22 14:22:08',338,1,1.4,NULL,'-14','-14',NULL,NULL,'-1.4',NULL,'1.4',NULL,0,NULL),(1127,229,-5,-5,NULL,NULL,-0.5,NULL,NULL,1,'2013-11-22 14:22:08',335,2,0.5,NULL,'-5','-5',NULL,NULL,'-0.5',NULL,'0.5',NULL,0,NULL),(1128,229,-8,-8,NULL,NULL,-0.8,NULL,NULL,1,'2013-11-22 14:22:08',349,3,0.8,NULL,'-8','-8',NULL,NULL,'-0.8',NULL,'0.8',NULL,0,NULL),(1129,229,7,7,NULL,NULL,0.7,NULL,NULL,1,'2013-11-22 14:22:08',345,4,-0.7,NULL,'7','7',NULL,NULL,'0.7',NULL,'-0.7',NULL,0,NULL),(1130,229,-20,-20,NULL,NULL,-2,NULL,NULL,1,'2013-11-22 14:22:08',336,5,2,NULL,'-20','-20',NULL,NULL,'-2.0',NULL,'2.0',NULL,0,NULL),(1131,229,0,0,NULL,NULL,0,NULL,NULL,1,'2013-11-22 14:22:08',341,6,0,NULL,'0','0',NULL,NULL,'0.0',NULL,'0.0',NULL,0,NULL),(1132,229,-8,-8,NULL,NULL,-0.8,NULL,NULL,1,'2013-11-22 14:22:08',340,7,0.8,NULL,'-8','-8',NULL,NULL,'-0.8',NULL,'0.8',NULL,0,NULL),(1133,229,0,0,NULL,NULL,0,NULL,NULL,1,'2013-11-22 14:22:08',350,8,0,NULL,'0','0',NULL,NULL,'0.0',NULL,'0.0',NULL,0,NULL),(1134,230,10,10,NULL,NULL,1,NULL,NULL,1,'2013-11-22 14:23:14',331,1,-1,NULL,'10','10',NULL,NULL,'1.0',NULL,'-1.0',NULL,0,NULL),(1135,230,0,0,NULL,NULL,0,NULL,NULL,1,'2013-11-22 14:23:14',343,2,0,NULL,'0','0',NULL,NULL,'0.0',NULL,'0.0',NULL,0,NULL),(1136,230,16,16,NULL,NULL,1.6,NULL,NULL,1,'2013-11-22 14:23:14',337,3,-1.6,NULL,'16','16',NULL,NULL,'1.6',NULL,'-1.6',NULL,0,NULL),(1137,230,8,8,NULL,NULL,0.8,NULL,NULL,1,'2013-11-22 14:23:14',333,4,-0.8,NULL,'8','8',NULL,NULL,'0.8',NULL,'-0.8',NULL,0,NULL),(1138,231,-18,-18,NULL,NULL,-0.18,NULL,NULL,1,'2013-11-22 14:25:11',351,1,0.33,NULL,'-18','-18',NULL,NULL,'-0.18',NULL,'0.33',NULL,0,NULL),(1139,232,-15,-15,NULL,NULL,-0.15,NULL,NULL,1,'2013-11-22 14:26:05',351,1,0.17,NULL,'-15','-15',NULL,NULL,'-0.15',NULL,'0.17',NULL,0,NULL),(1140,233,-14,-14,NULL,NULL,-1.4,NULL,NULL,1,'2013-11-22 14:32:49',342,1,1.4,NULL,'-14','-14',NULL,NULL,'-1.4',NULL,'1.4',NULL,0,NULL),(1141,233,-2,-2,NULL,NULL,-0.2,NULL,NULL,1,'2013-11-22 14:32:49',339,2,0.2,NULL,'-2','-2',NULL,NULL,'-0.2',NULL,'0.2',NULL,0,NULL),(1142,233,-10,-10,NULL,NULL,-1,NULL,NULL,1,'2013-11-22 14:32:49',346,3,1,NULL,'-10','-10',NULL,NULL,'-1.0',NULL,'1.0',NULL,0,NULL),(1143,233,8,8,NULL,NULL,0.8,NULL,NULL,1,'2013-11-22 14:32:49',348,4,-0.8,NULL,'8','8',NULL,NULL,'0.8',NULL,'-0.8',NULL,0,NULL),(1144,233,2,2,NULL,NULL,0.2,NULL,NULL,1,'2013-11-22 14:32:49',334,5,-0.2,NULL,'2','2',NULL,NULL,'0.2',NULL,'-0.2',NULL,0,NULL),(1145,233,8,8,NULL,NULL,0.8,NULL,NULL,1,'2013-11-22 14:32:49',332,6,-0.8,NULL,'8','8',NULL,NULL,'0.8',NULL,'-0.8',NULL,0,NULL),(1146,233,-7,-7,NULL,NULL,-0.7,NULL,NULL,1,'2013-11-22 14:32:49',347,7,0.7,NULL,'-7','-7',NULL,NULL,'-0.7',NULL,'0.7',NULL,0,NULL),(1147,233,8,8,NULL,NULL,0.8,NULL,NULL,1,'2013-11-22 14:32:49',344,8,-0.8,NULL,'8','8',NULL,NULL,'0.8',NULL,'-0.8',NULL,0,NULL),(1148,234,-28,-28,NULL,NULL,-2.8,NULL,NULL,1,'2013-11-22 14:48:17',295,1,2.8,NULL,'-28','-28',NULL,NULL,'-2.8',NULL,'2.8',NULL,0,NULL),(1149,234,-20,-20,NULL,NULL,-2,NULL,NULL,1,'2013-11-22 14:48:17',291,2,2,NULL,'-20','-20',NULL,NULL,'-2.0',NULL,'2.0',NULL,0,NULL),(1150,234,-12,-12,NULL,NULL,-1.2,NULL,NULL,1,'2013-11-22 14:48:17',274,3,1.2,NULL,'-12','-12',NULL,NULL,'-1.2',NULL,'1.2',NULL,0,NULL),(1151,234,-12,-12,NULL,NULL,-1.2,NULL,NULL,1,'2013-11-22 14:48:17',280,4,1.2,NULL,'-12','-12',NULL,NULL,'-1.2',NULL,'1.2',NULL,0,NULL),(1152,234,-70,-70,NULL,NULL,-7,NULL,NULL,1,'2013-11-22 14:48:17',296,5,7,NULL,'-70','-70',NULL,NULL,'-7.0',NULL,'7.0',NULL,0,NULL),(1153,234,NULL,NULL,NULL,NULL,NULL,NULL,NULL,1,'2013-11-22 14:48:17',281,6,NULL,NULL,'/','/',NULL,NULL,NULL,NULL,NULL,NULL,1,NULL),(1154,234,-10,-10,NULL,NULL,-1,NULL,NULL,1,'2013-11-22 14:48:17',272,7,1,NULL,'-10','-10',NULL,NULL,'-1.0',NULL,'1.0',NULL,0,NULL),(1155,234,-8,-8,NULL,NULL,-0.8,NULL,NULL,1,'2013-11-22 14:48:17',273,8,0.8,NULL,'-8','-8',NULL,NULL,'-0.8',NULL,'0.8',NULL,0,NULL),(1156,235,NULL,NULL,NULL,NULL,NULL,NULL,NULL,1,'2013-11-22 14:49:28',284,1,NULL,NULL,'%','%',NULL,NULL,NULL,NULL,NULL,NULL,2,NULL),(1157,235,NULL,NULL,NULL,NULL,NULL,NULL,NULL,1,'2013-11-22 14:49:28',302,2,NULL,NULL,'%','%',NULL,NULL,NULL,NULL,NULL,NULL,2,NULL),(1158,235,NULL,NULL,NULL,NULL,NULL,NULL,NULL,1,'2013-11-22 14:49:28',299,3,NULL,NULL,'%','%',NULL,NULL,NULL,NULL,NULL,NULL,2,NULL),(1159,235,NULL,NULL,NULL,NULL,NULL,NULL,NULL,1,'2013-11-22 14:49:28',297,4,NULL,NULL,'%','%',NULL,NULL,NULL,NULL,NULL,NULL,2,NULL),(1160,236,0,0,NULL,NULL,0,NULL,NULL,1,'2013-11-22 14:51:44',351,1,0,NULL,'0','0',NULL,NULL,'0.00',NULL,'0.00',NULL,0,NULL),(1161,237,1,1,NULL,NULL,0.2,NULL,NULL,1,'2013-11-22 14:53:40',246,1,-0.2,NULL,'1','1',NULL,NULL,'0.2',NULL,'-0.2',NULL,0,NULL),(1162,237,0,0,NULL,NULL,0,NULL,NULL,1,'2013-11-22 14:53:40',245,2,0,NULL,'0','0',NULL,NULL,'0.0',NULL,'0.0',NULL,0,NULL),(1163,237,-7,-7,NULL,NULL,-1.4,NULL,NULL,1,'2013-11-22 14:53:40',271,3,1.4,NULL,'-7','-7',NULL,NULL,'-1.4',NULL,'1.4',NULL,0,NULL),(1164,237,-3,-3,NULL,NULL,-0.6,NULL,NULL,1,'2013-11-22 14:53:40',317,4,0.6,NULL,'-3','-3',NULL,NULL,'-0.6',NULL,'0.6',NULL,0,NULL),(1165,237,0,0,NULL,NULL,0,NULL,NULL,1,'2013-11-22 14:53:40',225,5,0,NULL,'0','0',NULL,NULL,'0.0',NULL,'0.0',NULL,0,NULL),(1166,237,0,0,NULL,NULL,0,NULL,NULL,1,'2013-11-22 14:53:40',237,6,0,NULL,'0','0',NULL,NULL,'0.0',NULL,'0.0',NULL,0,NULL),(1167,237,0,0,NULL,NULL,0,NULL,NULL,1,'2013-11-22 14:53:40',364,7,0,NULL,'0','0',NULL,NULL,'0.0',NULL,'0.0',NULL,0,NULL),(1168,237,-2,-2,NULL,NULL,-0.4,NULL,NULL,1,'2013-11-22 14:53:40',236,8,0.4,NULL,'-2','-2',NULL,NULL,'-0.4',NULL,'0.4',NULL,0,NULL),(1169,238,-8,-8,NULL,NULL,-1.6,NULL,NULL,1,'2013-11-22 14:55:08',363,1,1.6,NULL,'-8','-8',NULL,NULL,'-1.6',NULL,'1.6',NULL,0,NULL),(1170,238,8,8,NULL,NULL,1.6,NULL,NULL,1,'2013-11-22 14:55:08',306,2,-1.6,NULL,'8','8',NULL,NULL,'1.6',NULL,'-1.6',NULL,0,NULL),(1171,238,-2,-2,NULL,NULL,-0.4,NULL,NULL,1,'2013-11-22 14:55:08',247,3,0.4,NULL,'-2','-2',NULL,NULL,'-0.4',NULL,'0.4',NULL,0,NULL),(1172,238,-4,-4,NULL,NULL,-0.8,NULL,NULL,1,'2013-11-22 14:55:08',239,4,0.8,NULL,'-4','-4',NULL,NULL,'-0.8',NULL,'0.8',NULL,0,NULL),(1173,238,2,2,NULL,NULL,0.2,NULL,NULL,1,'2013-11-22 14:55:08',235,5,-0.2,NULL,'2','2','','','0.2','','-0.2','',0,NULL),(1174,238,0,0,NULL,NULL,0,NULL,NULL,1,'2013-11-22 14:55:08',248,6,0,NULL,'0','0',NULL,NULL,'0.0',NULL,'0.0',NULL,0,NULL),(1175,238,-6,-6,NULL,NULL,-1.2,NULL,NULL,1,'2013-11-22 14:55:08',368,7,1.2,NULL,'-6','-6',NULL,NULL,'-1.2',NULL,'1.2',NULL,0,NULL),(1176,238,2,2,NULL,NULL,0.4,NULL,NULL,1,'2013-11-22 14:55:08',270,8,-0.4,NULL,'2','2',NULL,NULL,'0.4',NULL,'-0.4',NULL,0,NULL),(1177,239,-5,-5,NULL,NULL,-1,NULL,NULL,1,'2013-11-22 14:57:43',242,1,1,NULL,'-5','-5',NULL,NULL,'-1.0',NULL,'1.0',NULL,0,NULL),(1178,239,3,3,NULL,NULL,0.3,NULL,NULL,1,'2013-11-22 14:57:43',241,2,-0.3,NULL,'3','3',NULL,NULL,'0.3',NULL,'-0.3',NULL,0,NULL),(1179,239,0,0,NULL,NULL,0,NULL,NULL,1,'2013-11-22 14:57:43',319,3,0,NULL,'0','0',NULL,NULL,'0.0',NULL,'0.0',NULL,0,NULL),(1180,239,-2,-2,NULL,NULL,-0.4,NULL,NULL,1,'2013-11-22 14:57:43',244,4,0.4,NULL,'-2','-2',NULL,NULL,'-0.4',NULL,'0.4',NULL,0,NULL),(1181,239,0,0,NULL,NULL,0,NULL,NULL,1,'2013-11-22 14:57:43',250,5,0,NULL,'0','0',NULL,NULL,'0.0',NULL,'0.0',NULL,0,NULL),(1182,239,0,0,NULL,NULL,0,NULL,NULL,1,'2013-11-22 14:57:43',223,6,0,NULL,'0','0',NULL,NULL,'0.0',NULL,'0.0',NULL,0,NULL),(1183,239,-3,-3,NULL,NULL,-0.6,NULL,NULL,1,'2013-11-22 14:57:43',224,7,0.6,NULL,'-3','-3',NULL,NULL,'-0.6',NULL,'0.6',NULL,0,NULL),(1184,240,NULL,NULL,NULL,NULL,NULL,NULL,NULL,1,'2013-11-22 15:00:53',298,1,NULL,NULL,'%','%',NULL,NULL,NULL,NULL,NULL,NULL,2,NULL),(1185,240,NULL,NULL,NULL,NULL,NULL,NULL,NULL,1,'2013-11-22 15:00:53',277,2,NULL,NULL,'%','%',NULL,NULL,NULL,NULL,NULL,NULL,2,NULL),(1186,240,-10,-10,NULL,NULL,-1,NULL,NULL,1,'2013-11-22 15:00:53',286,3,1,NULL,'-10','-10',NULL,NULL,'-1.0',NULL,'1.0',NULL,0,NULL),(1187,240,NULL,NULL,NULL,NULL,NULL,NULL,NULL,1,'2013-11-22 15:00:53',285,4,NULL,NULL,'%','%',NULL,NULL,NULL,NULL,NULL,NULL,2,NULL),(1188,240,NULL,NULL,NULL,NULL,NULL,NULL,NULL,1,'2013-11-22 15:00:53',293,5,NULL,NULL,'%','%',NULL,NULL,NULL,NULL,NULL,NULL,2,NULL),(1189,240,NULL,NULL,NULL,NULL,NULL,NULL,NULL,1,'2013-11-22 15:00:53',282,6,NULL,NULL,'%','%',NULL,NULL,NULL,NULL,NULL,NULL,2,NULL),(1190,240,NULL,NULL,NULL,NULL,NULL,NULL,NULL,1,'2013-11-22 15:00:53',288,7,NULL,NULL,'%','%',NULL,NULL,NULL,NULL,NULL,NULL,2,NULL),(1191,240,NULL,NULL,NULL,NULL,NULL,NULL,NULL,1,'2013-11-22 15:00:53',283,8,NULL,NULL,'%','%',NULL,NULL,NULL,NULL,NULL,NULL,2,NULL),(1192,241,5,5,NULL,NULL,0.5,NULL,NULL,1,'2013-11-22 15:02:35',275,1,-0.5,NULL,'5','5',NULL,NULL,'0.5',NULL,'-0.5',NULL,0,NULL),(1193,241,-12,-12,NULL,NULL,-1.2,NULL,NULL,1,'2013-11-22 15:02:35',276,2,1.2,NULL,'-12','-12',NULL,NULL,'-1.2',NULL,'1.2',NULL,0,NULL),(1194,241,NULL,NULL,NULL,NULL,NULL,NULL,NULL,1,'2013-11-22 15:02:35',290,3,NULL,NULL,'%','%',NULL,NULL,NULL,NULL,NULL,NULL,2,NULL),(1195,241,-20,-20,NULL,NULL,-2,NULL,NULL,1,'2013-11-22 15:02:35',278,4,2,NULL,'-20','-20',NULL,NULL,'-2.0',NULL,'2.0',NULL,0,NULL),(1196,242,NULL,NULL,NULL,NULL,NULL,NULL,NULL,1,'2013-11-22 15:19:02',287,1,NULL,NULL,'%','%',NULL,NULL,NULL,NULL,NULL,NULL,2,NULL),(1197,242,-1,-1,NULL,NULL,-0.1,NULL,NULL,1,'2013-11-22 15:19:02',251,2,0.1,NULL,'-1','-1',NULL,NULL,'-0.1',NULL,'0.1',NULL,0,NULL),(1198,242,NULL,NULL,NULL,NULL,NULL,NULL,NULL,1,'2013-11-22 15:19:02',312,3,NULL,NULL,'%','%',NULL,NULL,NULL,NULL,NULL,NULL,2,NULL),(1199,242,NULL,NULL,NULL,NULL,NULL,NULL,NULL,1,'2013-11-22 15:19:02',311,4,NULL,NULL,'%','%',NULL,NULL,NULL,NULL,NULL,NULL,2,NULL),(1200,242,19,19,NULL,NULL,1.9,NULL,NULL,1,'2013-11-22 15:19:02',313,5,-1.9,NULL,'19','19',NULL,NULL,'1.9',NULL,'-1.9',NULL,0,NULL),(1201,242,NULL,NULL,NULL,NULL,NULL,NULL,NULL,1,'2013-11-22 15:19:02',300,6,NULL,NULL,'%','%',NULL,NULL,NULL,NULL,NULL,NULL,2,NULL),(1202,242,NULL,NULL,NULL,NULL,NULL,NULL,NULL,1,'2013-11-22 15:19:02',301,7,NULL,NULL,'%','%',NULL,NULL,NULL,NULL,NULL,NULL,2,NULL),(1204,243,NULL,NULL,NULL,NULL,NULL,NULL,NULL,1,'2013-11-22 15:20:06',292,1,NULL,NULL,'%','%',NULL,NULL,NULL,NULL,NULL,NULL,2,NULL),(1205,243,NULL,NULL,NULL,NULL,NULL,NULL,NULL,1,'2013-11-22 15:20:06',289,2,NULL,NULL,'%','%',NULL,NULL,NULL,NULL,NULL,NULL,2,NULL),(1206,244,-10,-10,NULL,NULL,-0.1,NULL,NULL,1,'2013-11-22 15:57:10',351,1,0.1,NULL,'-10','-10',NULL,NULL,'-0.10',NULL,'0.10',NULL,0,NULL),(1207,245,8,8,NULL,NULL,0.4,NULL,NULL,1,'2013-11-22 15:58:35',359,1,-0.4,NULL,'8','8',NULL,NULL,'0.40',NULL,'-0.40',NULL,0,NULL),(1208,245,-18,-18,NULL,NULL,-0.9,NULL,NULL,1,'2013-11-22 15:58:35',356,2,0.9,NULL,'-18','-18',NULL,NULL,'-0.90',NULL,'0.90',NULL,0,NULL),(1209,245,-5,-5,NULL,NULL,-0.5,NULL,NULL,1,'2013-11-22 15:58:35',354,3,0.5,NULL,'-5','-5','','','-0.5','','0.5','',0,NULL),(1210,245,-4,-4,NULL,NULL,-0.4,NULL,NULL,1,'2013-11-22 15:58:35',353,4,0.4,NULL,'-4','-4','','','-0.4','','0.4','',0,NULL),(1211,245,-8,-8,NULL,NULL,-0.8,NULL,NULL,1,'2013-11-22 15:58:35',355,5,0.8,NULL,'-8','-8','','','-0.8','','0.8','',0,NULL),(1212,245,9,9,NULL,NULL,0.45,NULL,NULL,1,'2013-11-22 15:58:35',358,6,-0.45,NULL,'9','9',NULL,NULL,'0.45',NULL,'-0.45',NULL,0,NULL),(1213,245,3,3,NULL,NULL,0.15,NULL,NULL,1,'2013-11-22 15:58:35',360,7,-0.15,NULL,'3','3',NULL,NULL,'0.15',NULL,'-0.15',NULL,0,NULL),(1214,245,2,2,NULL,NULL,0.1,NULL,NULL,1,'2013-11-22 15:58:35',357,8,-0.1,NULL,'2','2',NULL,NULL,'0.10',NULL,'-0.10',NULL,0,NULL),(1215,246,-5,-5,NULL,NULL,-0.25,NULL,NULL,1,'2013-11-22 15:59:11',362,1,0.25,NULL,'-5','-5',NULL,NULL,'-0.25',NULL,'0.25',NULL,0,NULL),(1216,246,-5,-5,NULL,NULL,-0.25,NULL,NULL,1,'2013-11-22 15:59:11',361,2,0.25,NULL,'-5','-5',NULL,NULL,'-0.25',NULL,'0.25',NULL,0,NULL),(1217,247,4,4,NULL,NULL,0.4,NULL,NULL,1,'2013-11-22 16:11:59',346,1,-0.4,NULL,'4','4',NULL,NULL,'0.4',NULL,'-0.4',NULL,0,NULL),(1218,247,0,0,NULL,NULL,0,NULL,NULL,1,'2013-11-22 16:11:59',344,2,0,NULL,'0','0',NULL,NULL,'0.0',NULL,'0.0',NULL,0,NULL),(1219,247,-1,-1,NULL,NULL,-0.1,NULL,NULL,1,'2013-11-22 16:11:59',334,3,0.1,NULL,'-1','-1',NULL,NULL,'-0.1',NULL,'0.1',NULL,0,NULL),(1220,247,0,0,NULL,NULL,0,NULL,NULL,1,'2013-11-22 16:11:59',339,4,0,NULL,'0','0',NULL,NULL,'0.0',NULL,'0.0',NULL,0,NULL),(1221,247,2,2,NULL,NULL,0.2,NULL,NULL,1,'2013-11-22 16:11:59',347,5,-0.2,NULL,'2','2',NULL,NULL,'0.2',NULL,'-0.2',NULL,0,NULL),(1222,247,0,0,NULL,NULL,0,NULL,NULL,1,'2013-11-22 16:11:59',335,6,0,NULL,'0','0',NULL,NULL,'0.0',NULL,'0.0',NULL,0,NULL),(1223,247,-7,-7,NULL,NULL,-0.7,NULL,NULL,1,'2013-11-22 16:11:59',332,7,0.7,NULL,'-7','-7',NULL,NULL,'-0.7',NULL,'0.7',NULL,0,NULL),(1224,247,-4,-4,NULL,NULL,-0.4,NULL,NULL,1,'2013-11-22 16:11:59',342,8,0.4,NULL,'-4','-4',NULL,NULL,'-0.4',NULL,'0.4',NULL,0,NULL),(1225,248,0,0,NULL,NULL,0,NULL,NULL,1,'2013-11-22 16:17:13',336,1,0,NULL,'0','0',NULL,NULL,'0.0',NULL,'0.0',NULL,0,NULL),(1227,248,0,0,NULL,NULL,0,NULL,NULL,1,'2013-11-22 16:17:13',348,3,0,NULL,'0','0',NULL,NULL,'0.0',NULL,'0.0',NULL,0,NULL),(1228,248,-2,-2,NULL,NULL,-0.2,NULL,NULL,1,'2013-11-22 16:17:13',343,4,0.2,NULL,'-2','-2',NULL,NULL,'-0.2',NULL,'0.2',NULL,0,NULL),(1229,248,0,0,NULL,NULL,0,NULL,NULL,1,'2013-11-22 16:17:13',350,5,0,NULL,'0','0',NULL,NULL,'0.0',NULL,'0.0',NULL,0,NULL),(1230,248,-8,-8,NULL,NULL,-0.8,NULL,NULL,1,'2013-11-22 16:17:13',331,6,0.8,NULL,'-8','-8',NULL,NULL,'-0.8',NULL,'0.8',NULL,0,NULL),(1231,248,-5,-5,NULL,NULL,-0.5,NULL,NULL,1,'2013-11-22 16:17:13',333,7,0.5,NULL,'-5','-5',NULL,NULL,'-0.5',NULL,'0.5',NULL,0,NULL),(1232,248,-1,-1,NULL,NULL,-0.1,NULL,NULL,1,'2013-11-22 16:17:13',340,8,0.1,NULL,'-1','-1',NULL,NULL,'-0.1',NULL,'0.1',NULL,0,NULL),(1233,249,-4,-4,NULL,NULL,-0.4,NULL,NULL,1,'2013-11-22 16:18:02',341,1,0.4,NULL,'-4','-4',NULL,NULL,'-0.4',NULL,'0.4',NULL,0,NULL),(1234,249,-2,-2,NULL,NULL,-0.2,NULL,NULL,1,'2013-11-22 16:18:02',337,2,0.2,NULL,'-2','-2',NULL,NULL,'-0.2',NULL,'0.2',NULL,0,NULL),(1235,249,-8,-8,NULL,NULL,-0.8,NULL,NULL,1,'2013-11-22 16:18:02',349,3,0.8,NULL,'-8','-8',NULL,NULL,'-0.8',NULL,'0.8',NULL,0,NULL),(1236,249,-2,-2,NULL,NULL,-0.2,NULL,NULL,1,'2013-11-22 16:18:02',345,4,0.2,NULL,'-2','-2',NULL,NULL,'-0.2',NULL,'0.2',NULL,0,NULL),(1237,249,-2,-2,NULL,NULL,-0.2,NULL,NULL,1,'2013-11-22 16:18:02',338,5,0.2,NULL,'-2','-2',NULL,NULL,'-0.2',NULL,'0.2',NULL,0,NULL),(1238,250,-30,-30,NULL,NULL,-3,NULL,NULL,1,'2013-11-22 16:53:51',290,1,3,NULL,'-30','-30',NULL,NULL,'-3.0',NULL,'3.0',NULL,0,NULL),(1239,250,-20,-20,NULL,NULL,-2,NULL,NULL,1,'2013-11-22 16:53:51',296,2,2,NULL,'-20','-20',NULL,NULL,'-2.0',NULL,'2.0',NULL,0,NULL),(1240,250,13,13,NULL,NULL,1.3,NULL,NULL,1,'2013-11-22 16:53:51',275,3,-1.3,NULL,'13','13',NULL,NULL,'1.3',NULL,'-1.3',NULL,0,NULL),(1241,250,-40,-40,NULL,NULL,-4,NULL,NULL,1,'2013-11-22 16:53:51',282,4,4,NULL,'-40','-40',NULL,NULL,'-4.0',NULL,'4.0',NULL,0,NULL),(1242,250,-12,-12,NULL,NULL,-1.2,NULL,NULL,1,'2013-11-22 16:53:51',288,5,1.2,NULL,'-12','-12',NULL,NULL,'-1.2',NULL,'1.2',NULL,0,NULL),(1243,250,-37,-37,NULL,NULL,-3.7,NULL,NULL,1,'2013-11-22 16:53:51',298,6,3.7,NULL,'-37','-37',NULL,NULL,'-3.7',NULL,'3.7',NULL,0,NULL),(1244,250,-30,-30,NULL,NULL,-3,NULL,NULL,1,'2013-11-22 16:53:51',293,7,3,NULL,'-30','-30',NULL,NULL,'-3.0',NULL,'3.0',NULL,0,NULL),(1245,250,-4,-4,NULL,NULL,-0.4,NULL,NULL,1,'2013-11-22 16:53:51',291,8,0.4,NULL,'-4','-4',NULL,NULL,'-0.4',NULL,'0.4',NULL,0,NULL),(1246,251,-21,-21,NULL,NULL,-2.1,NULL,NULL,1,'2013-11-22 16:55:35',284,1,2.1,NULL,'-21','-21',NULL,NULL,'-2.1',NULL,'2.1',NULL,0,NULL),(1247,251,3,3,NULL,NULL,0.3,NULL,NULL,1,'2013-11-22 16:55:35',276,2,-0.3,NULL,'3','3',NULL,NULL,'0.3',NULL,'-0.3',NULL,0,NULL),(1248,251,0,0,NULL,NULL,0,NULL,NULL,1,'2013-11-22 16:55:35',278,3,0,NULL,'0','0',NULL,NULL,'0.0',NULL,'0.0',NULL,0,NULL),(1249,251,-31,-31,NULL,NULL,-3.1,NULL,NULL,1,'2013-11-22 16:55:35',285,4,3.1,NULL,'-31','-31',NULL,NULL,'-3.1',NULL,'3.1',NULL,0,NULL),(1250,251,-12,-12,NULL,NULL,-1.2,NULL,NULL,1,'2013-11-22 16:55:35',286,5,1.2,NULL,'-12','-12',NULL,NULL,'-1.2',NULL,'1.2',NULL,0,NULL),(1251,251,-2,-2,NULL,NULL,-0.2,NULL,NULL,1,'2013-11-22 16:55:35',272,6,0.2,NULL,'-2','-2',NULL,NULL,'-0.2',NULL,'0.2',NULL,0,NULL),(1252,251,0,0,NULL,NULL,0,NULL,NULL,1,'2013-11-22 16:55:35',274,7,0,NULL,'0','0',NULL,NULL,'0.0',NULL,'0.0',NULL,0,NULL),(1253,251,7,7,NULL,NULL,0.7,NULL,NULL,1,'2013-11-22 16:55:35',280,8,-0.7,NULL,'7','7',NULL,NULL,'0.7',NULL,'-0.7',NULL,0,NULL),(1254,252,-37,-37,NULL,NULL,-3.7,NULL,NULL,1,'2013-11-22 16:57:29',283,1,3.7,NULL,'-37','-37',NULL,NULL,'-3.7',NULL,'3.7',NULL,0,NULL),(1255,252,4,4,NULL,NULL,0.4,NULL,NULL,1,'2013-11-22 16:57:29',273,2,-0.4,NULL,'4','4',NULL,NULL,'0.4',NULL,'-0.4',NULL,0,NULL),(1256,252,-35,-35,NULL,NULL,-3.5,NULL,NULL,1,'2013-11-22 16:57:29',302,3,3.5,NULL,'-35','-35',NULL,NULL,'-3.5',NULL,'3.5',NULL,0,NULL),(1257,252,-30,-30,NULL,NULL,-3,NULL,NULL,1,'2013-11-22 16:57:29',297,4,3,NULL,'-30','-30',NULL,NULL,'-3.0',NULL,'3.0',NULL,0,NULL),(1258,252,-33,-33,NULL,NULL,-3.3,NULL,NULL,1,'2013-11-22 16:57:29',277,5,3.3,NULL,'-33','-33',NULL,NULL,'-3.3',NULL,'3.3',NULL,0,NULL),(1259,252,NULL,NULL,NULL,NULL,NULL,NULL,NULL,1,'2013-11-22 16:57:29',281,6,NULL,NULL,'/','/',NULL,NULL,NULL,NULL,NULL,NULL,1,NULL),(1260,252,-20,-20,NULL,NULL,-2,NULL,NULL,1,'2013-11-22 16:57:29',295,7,2,NULL,'-20','-20',NULL,NULL,'-2.0',NULL,'2.0',NULL,0,NULL),(1261,252,-28,-28,NULL,NULL,-2.8,NULL,NULL,1,'2013-11-22 16:57:29',299,8,2.8,NULL,'-28','-28',NULL,NULL,'-2.8',NULL,'2.8',NULL,0,NULL),(1262,253,-23,-23,NULL,NULL,-2.3,NULL,NULL,1,'2013-11-22 17:10:49',312,1,2.3,NULL,'-23','-23',NULL,NULL,'-2.3',NULL,'2.3',NULL,0,NULL),(1263,253,-5,-5,NULL,NULL,-0.5,NULL,NULL,1,'2013-11-22 17:10:49',314,2,0.5,NULL,'-5','-5',NULL,NULL,'-0.5',NULL,'0.5',NULL,0,NULL),(1264,253,-30,-30,NULL,NULL,-3,NULL,NULL,1,'2013-11-22 17:10:49',292,3,3,NULL,'-30','-30',NULL,NULL,'-3.0',NULL,'3.0',NULL,0,NULL),(1265,253,-40,-40,NULL,NULL,-4,NULL,NULL,1,'2013-11-22 17:10:49',300,4,4,NULL,'-40','-40',NULL,NULL,'-4.0',NULL,'4.0',NULL,0,NULL),(1266,253,-50,-50,NULL,NULL,-5,NULL,NULL,1,'2013-11-22 17:10:49',301,5,5,NULL,'-50','-50',NULL,NULL,'-5.0',NULL,'5.0',NULL,0,NULL),(1267,253,0,0,NULL,NULL,0,NULL,NULL,1,'2013-11-22 17:10:49',313,6,0,NULL,'0','0',NULL,NULL,'0.0',NULL,'0.0',NULL,0,NULL),(1268,253,-7,-7,NULL,NULL,-0.7,NULL,NULL,1,'2013-11-22 17:10:49',251,7,0.7,NULL,'-7','-7',NULL,NULL,'-0.7',NULL,'0.7',NULL,0,NULL),(1269,253,-30,-30,NULL,NULL,-3,NULL,NULL,1,'2013-11-22 17:10:49',287,8,3,NULL,'-30','-30',NULL,NULL,'-3.0',NULL,'3.0',NULL,0,NULL),(1270,254,-38,-38,NULL,NULL,-3.8,NULL,NULL,1,'2013-11-22 17:11:30',311,1,3.8,NULL,'-38','-38',NULL,NULL,'-3.8',NULL,'3.8',NULL,0,NULL),(1271,254,-30,-30,NULL,NULL,-3,NULL,NULL,1,'2013-11-22 17:11:30',289,2,3,NULL,'-30','-30',NULL,NULL,'-3.0',NULL,'3.0',NULL,0,NULL),(1272,255,2,2,NULL,NULL,0.2,NULL,NULL,1,'2013-11-22 17:48:35',256,1,-0.2,NULL,'2','2',NULL,NULL,'0.2',NULL,'-0.2',NULL,0,NULL),(1273,255,0,0,NULL,NULL,0,NULL,NULL,1,'2013-11-22 17:48:35',228,2,0,NULL,'0','0',NULL,NULL,'0.0',NULL,'0.0',NULL,0,NULL),(1274,255,-20,-20,NULL,NULL,-2,NULL,NULL,1,'2013-11-22 17:48:35',262,3,2,NULL,'-20','-20',NULL,NULL,'-2.0',NULL,'2.0',NULL,0,NULL),(1275,255,3,3,NULL,NULL,0.3,NULL,NULL,1,'2013-11-22 17:48:35',254,4,-0.3,NULL,'3','3',NULL,NULL,'0.3',NULL,'-0.3',NULL,0,NULL),(1276,255,-2,-2,NULL,NULL,-0.2,NULL,NULL,1,'2013-11-22 17:48:35',219,5,0.2,NULL,'-2','-2',NULL,NULL,'-0.2',NULL,'0.2',NULL,0,NULL),(1277,255,2,2,NULL,NULL,0.2,NULL,NULL,1,'2013-11-22 17:48:35',222,6,-0.2,NULL,'2','2',NULL,NULL,'0.2',NULL,'-0.2',NULL,0,NULL),(1278,255,0,0,NULL,NULL,0,NULL,NULL,1,'2013-11-22 17:48:35',234,7,0,NULL,'0','0',NULL,NULL,'0.0',NULL,'0.0',NULL,0,NULL),(1279,255,0,0,NULL,NULL,0,NULL,NULL,1,'2013-11-22 17:48:35',226,8,0,NULL,'0','0',NULL,NULL,'0.0',NULL,'0.0',NULL,0,NULL),(1280,256,-2,-2,NULL,NULL,-0.2,NULL,NULL,1,'2013-11-22 17:50:41',365,1,0.2,NULL,'-2','-2',NULL,NULL,'-0.2',NULL,'0.2',NULL,0,NULL),(1281,256,0,0,NULL,NULL,0,NULL,NULL,1,'2013-11-22 17:50:41',243,2,0,NULL,'0','0',NULL,NULL,'0.0',NULL,'0.0',NULL,0,NULL),(1283,256,0,0,NULL,NULL,0,NULL,NULL,1,'2013-11-22 17:50:41',220,4,0,NULL,'0','0',NULL,NULL,'0.0',NULL,'0.0',NULL,0,NULL),(1284,256,-2,-2,NULL,NULL,-0.2,NULL,NULL,1,'2013-11-22 17:50:41',249,5,0.2,NULL,'-2','-2',NULL,NULL,'-0.2',NULL,'0.2',NULL,0,NULL),(1285,257,0,0,NULL,NULL,0,NULL,NULL,1,'2013-11-22 17:54:21',278,1,0.1,NULL,'0','0',NULL,NULL,'0.0',NULL,'0.1',NULL,0,NULL),(1286,257,40,40,NULL,NULL,4,NULL,NULL,1,'2013-11-22 17:54:21',285,2,-3.9,NULL,'40','40',NULL,NULL,'4.0',NULL,'-3.9',NULL,0,NULL),(1287,257,18,18,NULL,NULL,1.8,NULL,NULL,1,'2013-11-22 17:54:21',275,3,-1.7,NULL,'18','18',NULL,NULL,'1.8',NULL,'-1.7',NULL,0,NULL),(1288,257,4,4,NULL,NULL,0.4,NULL,NULL,1,'2013-11-22 17:54:21',272,4,-0.3,NULL,'4','4',NULL,NULL,'0.4',NULL,'-0.3',NULL,0,NULL),(1289,257,11,11,NULL,NULL,1.1,NULL,NULL,1,'2013-11-22 17:54:21',282,5,-1,NULL,'11','11',NULL,NULL,'1.1',NULL,'-1.0',NULL,0,NULL),(1290,258,-4,-4,-3,-3,-0.2,-0.15,NULL,1,'2013-11-22 18:02:02',318,1,0.2,0.15,'-4','-4','-3','-3','-0.20','-0.15','0.20','0.15',0,0),(1291,258,0,0,-4,-4,0,-0.2,NULL,1,'2013-11-22 18:02:02',320,2,0,0.2,'0','0','-4','-4','0.00','-0.20','0.00','0.20',0,0),(1292,258,3,3,4,4,0.15,0.2,NULL,1,'2013-11-22 18:02:02',321,3,-0.15,-0.2,'3','3','4','4','0.15','0.20','-0.15','-0.20',0,0),(1293,258,-2,-2,0,0,-0.1,0,NULL,1,'2013-11-22 18:02:02',322,4,0.1,0,'-2','-2','0','0','-0.10','0.00','0.10','0.00',0,0),(1294,258,-4,-4,-4,-4,-0.2,-0.2,NULL,1,'2013-11-22 18:02:02',352,5,0.2,0.2,'-4','-4','-4','-4','-0.20','-0.20','0.20','0.20',0,0),(1295,258,-5,-5,-5,-5,-0.5,-0.5,NULL,1,'2013-11-22 18:02:02',369,6,0.5,0.5,'-5','-5','-5','-5','-0.5','-0.5','0.5','0.5',0,0),(1296,258,0,0,0,0,0,0,NULL,1,'2013-11-22 18:02:02',370,7,0,0,'0','0','0','0','0.0','0.0','0.0','0.0',0,0),(1297,259,2,2,NULL,NULL,0.2,NULL,NULL,1,'2013-11-22 18:03:02',229,1,-0.2,NULL,'2','2',NULL,NULL,'0.2',NULL,'-0.2',NULL,0,NULL),(1298,260,NULL,NULL,NULL,NULL,NULL,NULL,NULL,1,'2013-11-22 18:11:16',314,1,NULL,NULL,'%','%',NULL,NULL,NULL,NULL,NULL,NULL,2,NULL),(1299,261,0,0,8,8,0,0.4,NULL,1,'2013-12-04 15:19:07',431,1,0,-0.4,'0','0','8','8','0.00','0.40','0.00','-0.40',0,0),(1300,262,2,2,NULL,NULL,0.02,NULL,NULL,1,'2013-12-04 15:21:43',394,1,-0.05,NULL,'2','2',NULL,NULL,'0.02',NULL,'-0.05',NULL,0,NULL),(1301,262,-4,-4,NULL,NULL,-0.04,NULL,NULL,1,'2013-12-04 15:21:43',393,2,0.01,NULL,'-4','-4',NULL,NULL,'-0.04',NULL,'0.01',NULL,0,NULL),(1302,262,-4,-4,NULL,NULL,-0.2,NULL,NULL,1,'2013-12-04 15:21:43',403,3,0.15,NULL,'-4','-4',NULL,NULL,'-0.20',NULL,'0.15',NULL,0,NULL),(1303,263,0,0,NULL,NULL,0,NULL,NULL,1,'2013-12-04 15:39:38',410,1,-0.1,NULL,'0','0',NULL,NULL,'0.0',NULL,'-0.1',NULL,0,NULL),(1304,263,8,8,NULL,NULL,0.8,NULL,NULL,1,'2013-12-04 15:39:38',409,2,-0.9,NULL,'8','8',NULL,NULL,'0.8',NULL,'-0.9',NULL,0,NULL),(1305,264,0,0,NULL,NULL,0,NULL,NULL,1,'2013-12-04 15:41:49',400,1,0.2,NULL,'0','0',NULL,NULL,'0.0',NULL,'0.2',NULL,0,NULL),(1306,264,0,0,NULL,NULL,0,NULL,NULL,1,'2013-12-04 15:41:49',399,2,0.2,NULL,'0','0',NULL,NULL,'0.0',NULL,'0.2',NULL,0,NULL),(1307,264,-3,-3,NULL,NULL,-0.3,NULL,NULL,1,'2013-12-04 15:41:49',381,3,0.5,NULL,'-3','-3',NULL,NULL,'-0.3',NULL,'0.5',NULL,0,NULL),(1308,264,-3,-3,NULL,NULL,-0.3,NULL,NULL,1,'2013-12-04 15:41:49',378,4,0.5,NULL,'-3','-3',NULL,NULL,'-0.3',NULL,'0.5',NULL,0,NULL),(1309,264,-3,-3,NULL,NULL,-0.3,NULL,NULL,1,'2013-12-04 15:41:49',389,5,0.5,NULL,'-3','-3',NULL,NULL,'-0.3',NULL,'0.5',NULL,0,NULL),(1310,264,-3,-3,NULL,NULL,-0.3,NULL,NULL,1,'2013-12-04 15:41:49',375,6,0.5,NULL,'-3','-3',NULL,NULL,'-0.3',NULL,'0.5',NULL,0,NULL),(1311,264,-3,-3,NULL,NULL,-0.3,NULL,NULL,1,'2013-12-04 15:41:49',387,7,0.5,NULL,'-3','-3',NULL,NULL,'-0.3',NULL,'0.5',NULL,0,NULL),(1312,264,0,0,NULL,NULL,0,NULL,NULL,1,'2013-12-04 15:41:49',374,8,0.2,NULL,'0','0',NULL,NULL,'0.0',NULL,'0.2',NULL,0,NULL),(1313,265,0,0,NULL,NULL,0,NULL,NULL,1,'2013-12-04 15:48:14',379,1,0.2,NULL,'0','0',NULL,NULL,'0.0',NULL,'0.2',NULL,0,NULL),(1314,265,0,0,NULL,NULL,0,NULL,NULL,1,'2013-12-04 15:48:14',397,2,0.2,NULL,'0','0',NULL,NULL,'0.0',NULL,'0.2',NULL,0,NULL),(1315,265,NULL,NULL,NULL,NULL,NULL,NULL,NULL,1,'2013-12-04 15:48:14',384,3,NULL,NULL,'/','/',NULL,NULL,NULL,NULL,NULL,NULL,1,NULL),(1316,266,8,8,NULL,NULL,0.4,NULL,NULL,1,'2013-12-04 16:21:19',382,1,-0.2,NULL,'8','8',NULL,NULL,'0.40',NULL,'-0.20',NULL,0,NULL),(1317,266,4,4,NULL,NULL,0.8,NULL,NULL,1,'2013-12-04 16:21:19',396,2,-0.6,NULL,'4','4',NULL,NULL,'0.8',NULL,'-0.6',NULL,0,NULL),(1318,266,7,7,NULL,NULL,0.7,NULL,NULL,1,'2013-12-04 16:21:19',383,3,-0.5,NULL,'7','7',NULL,NULL,'0.7',NULL,'-0.5',NULL,0,NULL),(1319,266,0,0,NULL,NULL,0,NULL,NULL,1,'2013-12-04 16:21:19',388,4,0.2,NULL,'0','0',NULL,NULL,'0.0',NULL,'0.2',NULL,0,NULL),(1320,266,0,0,NULL,NULL,0,NULL,NULL,1,'2013-12-04 16:21:19',390,5,0.2,NULL,'0','0',NULL,NULL,'0.0',NULL,'0.2',NULL,0,NULL),(1321,266,0,0,NULL,NULL,0,NULL,NULL,1,'2013-12-04 16:21:19',391,6,0.2,NULL,'0','0',NULL,NULL,'0.0',NULL,'0.2',NULL,0,NULL),(1322,266,3,3,NULL,NULL,0.6,NULL,NULL,1,'2013-12-04 16:21:19',395,7,-0.4,NULL,'3','3',NULL,NULL,'0.6',NULL,'-0.4',NULL,0,NULL),(1323,266,-2,-2,NULL,NULL,-0.4,NULL,NULL,1,'2013-12-04 16:21:19',402,8,0.6,NULL,'-2','-2',NULL,NULL,'-0.4',NULL,'0.6',NULL,0,NULL),(1324,267,0,0,NULL,NULL,0,NULL,NULL,1,'2013-12-04 16:27:50',424,1,0.04,NULL,'0','0',NULL,NULL,'0.00',NULL,'0.04',NULL,0,NULL),(1325,267,5,5,NULL,NULL,0.25,NULL,NULL,1,'2013-12-04 16:27:50',430,2,-0.2,NULL,'5','5',NULL,NULL,'0.25',NULL,'-0.20',NULL,0,NULL),(1326,267,3,3,NULL,NULL,0.15,NULL,NULL,1,'2013-12-04 16:27:50',426,3,-0.1,NULL,'3','3',NULL,NULL,'0.15',NULL,'-0.10',NULL,0,NULL),(1327,267,2,2,NULL,NULL,0.2,NULL,NULL,1,'2013-12-04 16:27:50',425,4,-0.2,NULL,'2','2',NULL,NULL,'0.2',NULL,'-0.2',NULL,0,NULL),(1328,268,3,3,NULL,NULL,0.03,NULL,NULL,1,'2013-12-04 16:32:02',394,1,-0.03,NULL,'3','3',NULL,NULL,'0.03',NULL,'-0.03',NULL,0,NULL),(1329,268,14,14,NULL,NULL,0.14,NULL,NULL,1,'2013-12-04 16:32:02',393,2,-0.14,NULL,'14','14',NULL,NULL,'0.14',NULL,'-0.14',NULL,0,NULL),(1330,268,-8,-8,NULL,NULL,-1.6,NULL,NULL,1,'2013-12-04 16:32:02',419,3,1.6,NULL,'-8','-8',NULL,NULL,'-1.6',NULL,'1.6',NULL,0,NULL),(1331,268,-3,-3,NULL,NULL,-0.15,NULL,NULL,1,'2013-12-04 16:32:02',403,4,0.15,NULL,'-3','-3',NULL,NULL,'-0.15',NULL,'0.15',NULL,0,NULL),(1332,268,0,0,NULL,NULL,0,NULL,NULL,1,'2013-12-04 16:32:02',420,5,0,NULL,'0','0',NULL,NULL,'0.0',NULL,'0.0',NULL,0,NULL),(1333,268,-2,-2,NULL,NULL,-0.2,NULL,NULL,1,'2013-12-04 16:32:02',423,6,0.2,NULL,'-2','-2',NULL,NULL,'-0.2',NULL,'0.2',NULL,0,NULL),(1334,268,0,0,NULL,NULL,0,NULL,NULL,1,'2013-12-04 16:32:02',421,7,0,NULL,'0','0',NULL,NULL,'0.0',NULL,'0.0',NULL,0,NULL),(1335,268,NULL,NULL,NULL,NULL,NULL,NULL,NULL,1,'2013-12-04 16:32:02',418,8,NULL,NULL,'%','%',NULL,NULL,NULL,NULL,NULL,NULL,2,NULL),(1336,269,10,10,NULL,NULL,2,NULL,NULL,1,'2013-12-04 16:42:55',422,1,-2,NULL,'10','10',NULL,NULL,'2.0',NULL,'-2.0',NULL,0,NULL),(1337,269,NULL,NULL,NULL,NULL,NULL,NULL,NULL,1,'2013-12-04 16:42:55',413,2,NULL,NULL,'%','%',NULL,NULL,NULL,NULL,NULL,NULL,2,NULL),(1338,269,0,0,NULL,NULL,0,NULL,NULL,1,'2013-12-04 16:42:55',412,3,0,NULL,'0','0',NULL,NULL,'0.0',NULL,'0.0',NULL,0,NULL),(1339,269,0,0,NULL,NULL,0,NULL,NULL,1,'2013-12-04 16:42:55',411,4,0,NULL,'0','0',NULL,NULL,'0.00',NULL,'0.00',NULL,0,NULL),(1340,269,-2,-2,NULL,NULL,-0.2,NULL,NULL,1,'2013-12-04 16:42:55',414,5,0.2,NULL,'-2','-2',NULL,NULL,'-0.2',NULL,'0.2',NULL,0,NULL),(1341,269,NULL,NULL,NULL,NULL,NULL,NULL,NULL,1,'2013-12-04 16:42:55',428,7,NULL,NULL,'%','%',NULL,NULL,NULL,NULL,NULL,NULL,2,NULL),(1342,269,0,0,NULL,NULL,0,NULL,NULL,1,'2013-12-04 16:42:55',427,8,0,NULL,'0','0',NULL,NULL,'0.00',NULL,'0.00',NULL,0,NULL),(1343,270,10,10,NULL,NULL,1,NULL,NULL,1,'2013-12-04 16:47:07',404,1,-1.1,NULL,'10','10',NULL,NULL,'1.0',NULL,'-1.1',NULL,0,NULL),(1344,270,0,0,NULL,NULL,0,NULL,NULL,1,'2013-12-04 16:47:07',405,2,-0.1,NULL,'0','0',NULL,NULL,'0.0',NULL,'-0.1',NULL,0,NULL),(1345,271,-8,-8,NULL,NULL,-1.6,NULL,NULL,1,'2013-12-04 16:52:01',385,1,1.8,NULL,'-8','-8',NULL,NULL,'-1.6',NULL,'1.8',NULL,0,NULL),(1346,271,0,0,NULL,NULL,0,NULL,NULL,1,'2013-12-04 16:52:01',386,2,0.2,NULL,'0','0',NULL,NULL,'0.0',NULL,'0.2',NULL,0,NULL),(1347,271,4,4,NULL,NULL,0.8,NULL,NULL,1,'2013-12-04 16:52:01',392,3,-0.6,NULL,'4','4',NULL,NULL,'0.8',NULL,'-0.6',NULL,0,NULL),(1348,271,7,7,NULL,NULL,1.4,NULL,NULL,1,'2013-12-04 16:52:01',377,4,-1.2,NULL,'7','7',NULL,NULL,'1.4',NULL,'-1.2',NULL,0,NULL),(1349,271,-2,-2,NULL,NULL,-0.4,NULL,NULL,1,'2013-12-04 16:52:01',376,5,0.6,NULL,'-2','-2',NULL,NULL,'-0.4',NULL,'0.6',NULL,0,NULL),(1350,271,-5,-5,NULL,NULL,-1,NULL,NULL,1,'2013-12-04 16:52:01',398,6,1.2,NULL,'-5','-5',NULL,NULL,'-1.0',NULL,'1.2',NULL,0,NULL),(1351,271,0,0,NULL,NULL,0,NULL,NULL,1,'2013-12-04 16:52:01',372,7,0.2,NULL,'0','0',NULL,NULL,'0.0',NULL,'0.2',NULL,0,NULL),(1352,271,3,3,NULL,NULL,0.6,NULL,NULL,1,'2013-12-04 16:52:01',371,8,-0.4,NULL,'3','3',NULL,NULL,'0.6',NULL,'-0.4',NULL,0,NULL),(1353,272,-5,-5,NULL,NULL,-1,NULL,NULL,1,'2013-12-04 16:54:56',380,1,1.2,NULL,'-5','-5',NULL,NULL,'-1.0',NULL,'1.2',NULL,0,NULL),(1354,272,0,0,NULL,NULL,0,NULL,NULL,1,'2013-12-04 16:54:56',407,2,0.2,NULL,'0','0',NULL,NULL,'0.0',NULL,'0.2',NULL,0,NULL),(1355,273,10,10,NULL,NULL,1,NULL,NULL,1,'2013-12-04 16:58:38',409,1,-1.1,NULL,'10','10',NULL,NULL,'1.0',NULL,'-1.1',NULL,0,NULL),(1356,273,0,0,NULL,NULL,0,NULL,NULL,1,'2013-12-04 16:58:38',410,2,-0.1,NULL,'0','0',NULL,NULL,'0.0',NULL,'-0.1',NULL,0,NULL),(1357,274,-8,-8,0,0,-0.4,0,NULL,1,'2013-12-04 16:59:51',431,1,0.4,0,'-8','-8','0','0','-0.40','0.00','0.40','0.00',0,0),(1358,275,10,10,NULL,NULL,1,NULL,NULL,1,'2013-12-04 17:25:43',409,1,-1.1,NULL,'10','10',NULL,NULL,'1.0',NULL,'-1.1',NULL,0,NULL),(1359,275,0,0,NULL,NULL,0,NULL,NULL,1,'2013-12-04 17:25:43',410,2,-0.1,NULL,'0','0',NULL,NULL,'0.0',NULL,'-0.1',NULL,0,NULL),(1360,275,0,0,NULL,NULL,0,NULL,NULL,1,'2013-12-04 17:25:43',405,3,-0.1,NULL,'0','0',NULL,NULL,'0.0',NULL,'-0.1',NULL,0,NULL),(1361,275,10,10,NULL,NULL,1,NULL,NULL,1,'2013-12-04 17:25:43',404,4,-1.1,NULL,'10','10',NULL,NULL,'1.0',NULL,'-1.1',NULL,0,NULL),(1362,276,2,2,NULL,NULL,0.4,NULL,NULL,1,'2013-12-05 10:03:30',407,1,-0.4,NULL,'2','2',NULL,NULL,'0.4',NULL,'-0.4',NULL,0,NULL),(1363,277,0,0,NULL,NULL,0,NULL,NULL,1,'2013-12-05 10:12:21',411,1,0,NULL,'0','0',NULL,NULL,'0.00',NULL,'0.00',NULL,0,NULL),(1364,277,10,10,NULL,NULL,0.5,NULL,NULL,1,'2013-12-05 10:12:21',413,2,-0.5,NULL,'10','10',NULL,NULL,'0.50',NULL,'-0.50',NULL,0,NULL),(1365,277,-4,-4,NULL,NULL,-0.4,NULL,NULL,1,'2013-12-05 10:12:21',414,3,0.4,NULL,'-4','-4',NULL,NULL,'-0.4',NULL,'0.4',NULL,0,NULL),(1366,277,-3,-3,NULL,NULL,-0.3,NULL,NULL,1,'2013-12-05 10:12:21',412,4,0.3,NULL,'-3','-3',NULL,NULL,'-0.3',NULL,'0.3',NULL,0,NULL),(1367,278,0,0,NULL,NULL,0,NULL,NULL,1,'2013-12-05 11:04:49',420,1,0,NULL,'0','0',NULL,NULL,'0.0',NULL,'0.0',NULL,0,NULL),(1368,278,NULL,NULL,NULL,NULL,NULL,NULL,NULL,1,'2013-12-05 11:04:49',418,2,NULL,NULL,'%','%',NULL,NULL,NULL,NULL,NULL,NULL,2,NULL),(1369,278,-7,-7,NULL,NULL,-1.4,NULL,NULL,1,'2013-12-05 11:04:49',419,3,1.4,NULL,'-7','-7',NULL,NULL,'-1.4',NULL,'1.4',NULL,0,NULL),(1370,278,-2,-2,NULL,NULL,-0.2,NULL,NULL,1,'2013-12-05 11:04:49',423,4,0.2,NULL,'-2','-2',NULL,NULL,'-0.2',NULL,'0.2',NULL,0,NULL),(1371,278,8,8,NULL,NULL,1.6,NULL,NULL,1,'2013-12-05 11:04:49',422,5,-1.6,NULL,'8','8',NULL,NULL,'1.6',NULL,'-1.6',NULL,0,NULL),(1372,278,0,0,NULL,NULL,0,NULL,NULL,1,'2013-12-05 11:04:49',421,6,0,NULL,'0','0',NULL,NULL,'0.0',NULL,'0.0',NULL,0,NULL),(1373,279,2,2,NULL,NULL,0.02,NULL,NULL,1,'2013-12-05 11:07:36',394,1,0.01,NULL,'2','2',NULL,NULL,'0.02',NULL,'0.01',NULL,0,NULL),(1374,279,23,23,NULL,NULL,0.23,NULL,NULL,1,'2013-12-05 11:07:36',393,2,-0.2,NULL,'23','23',NULL,NULL,'0.23',NULL,'-0.20',NULL,0,NULL),(1375,280,3,3,NULL,NULL,0.6,NULL,NULL,1,'2013-12-05 11:12:30',407,1,-0.6,NULL,'3','3',NULL,NULL,'0.6',NULL,'-0.6',NULL,0,NULL),(1376,281,-5,-5,-2,-2,-0.25,-0.1,NULL,1,'2013-12-05 11:30:44',432,1,0.3,0.15,'-5','-5','-2','-2','-0.25','-0.10','0.30','0.15',0,0),(1377,282,10,10,NULL,NULL,0.1,NULL,NULL,1,'2013-12-05 11:32:31',394,1,-0.08,NULL,'10','10',NULL,NULL,'0.10',NULL,'-0.08',NULL,0,NULL),(1378,282,20,20,NULL,NULL,0.2,NULL,NULL,1,'2013-12-05 11:32:31',393,2,-0.18,NULL,'20','20',NULL,NULL,'0.20',NULL,'-0.18',NULL,0,NULL),(1379,283,0,0,NULL,NULL,0,NULL,NULL,1,'2013-12-05 14:35:21',403,1,0,NULL,'0','0',NULL,NULL,'0.00',NULL,'0.00',NULL,0,NULL),(1380,283,-7,-7,NULL,NULL,-1.4,NULL,NULL,1,'2013-12-05 14:35:21',419,2,1.4,NULL,'-7','-7',NULL,NULL,'-1.4',NULL,'1.4',NULL,0,NULL),(1381,283,12,12,NULL,NULL,1.2,NULL,NULL,1,'2013-12-05 14:35:21',418,3,-1.2,NULL,'12','12',NULL,NULL,'1.2',NULL,'-1.2',NULL,0,NULL),(1382,283,10,10,NULL,NULL,2,NULL,NULL,1,'2013-12-05 14:35:21',422,4,-2,NULL,'10','10',NULL,NULL,'2.0',NULL,'-2.0',NULL,0,NULL),(1383,283,-2,-2,NULL,NULL,-0.2,NULL,NULL,1,'2013-12-05 14:35:21',423,5,0.2,NULL,'-2','-2',NULL,NULL,'-0.2',NULL,'0.2',NULL,0,NULL),(1384,283,0,0,NULL,NULL,0,NULL,NULL,1,'2013-12-05 14:35:21',420,6,0,NULL,'0','0',NULL,NULL,'0.0',NULL,'0.0',NULL,0,NULL),(1385,283,2,2,NULL,NULL,0.2,NULL,NULL,1,'2013-12-05 14:35:21',421,7,-0.2,NULL,'2','2',NULL,NULL,'0.2',NULL,'-0.2',NULL,0,NULL),(1386,284,-10,-10,NULL,NULL,-1,NULL,NULL,1,'2013-12-05 14:38:24',390,1,1,NULL,'-10','-10',NULL,NULL,'-1.0',NULL,'1.0',NULL,0,NULL),(1387,284,-3,-3,NULL,NULL,-0.6,NULL,NULL,1,'2013-12-05 14:38:24',395,2,0.6,NULL,'-3','-3',NULL,NULL,'-0.6',NULL,'0.6',NULL,0,NULL),(1388,284,1,1,NULL,NULL,0.1,NULL,NULL,1,'2013-12-05 14:38:24',383,3,-0.1,NULL,'1','1',NULL,NULL,'0.1',NULL,'-0.1',NULL,0,NULL),(1389,284,-9,-9,NULL,NULL,-0.9,NULL,NULL,1,'2013-12-05 14:38:24',391,4,0.9,NULL,'-9','-9',NULL,NULL,'-0.9',NULL,'0.9',NULL,0,NULL),(1390,284,-8,-8,NULL,NULL,-1.6,NULL,NULL,1,'2013-12-05 14:38:24',402,5,1.6,NULL,'-8','-8',NULL,NULL,'-1.6',NULL,'1.6',NULL,0,NULL),(1391,284,-9,-9,NULL,NULL,-0.9,NULL,NULL,1,'2013-12-05 14:38:24',388,6,0.9,NULL,'-9','-9',NULL,NULL,'-0.9',NULL,'0.9',NULL,0,NULL),(1392,284,16,16,NULL,NULL,0.8,NULL,NULL,1,'2013-12-05 14:38:24',382,7,-0.8,NULL,'16','16',NULL,NULL,'0.80',NULL,'-0.80',NULL,0,NULL),(1393,284,2,2,NULL,NULL,0.4,NULL,NULL,1,'2013-12-05 14:38:24',396,8,-0.4,NULL,'2','2',NULL,NULL,'0.4',NULL,'-0.4',NULL,0,NULL),(1394,285,-1,-1,NULL,NULL,-0.01,NULL,NULL,1,'2013-12-05 14:44:31',394,1,0.08,NULL,'-1','-1',NULL,NULL,'-0.01',NULL,'0.08',NULL,0,NULL),(1395,285,10,10,NULL,NULL,0.1,NULL,NULL,1,'2013-12-05 14:44:31',393,2,-0.03,NULL,'10','10',NULL,NULL,'0.10',NULL,'-0.03',NULL,0,NULL),(1396,286,-2,-2,NULL,NULL,-0.4,NULL,NULL,1,'2013-12-05 14:55:24',380,1,0.4,NULL,'-2','-2',NULL,NULL,'-0.4',NULL,'0.4',NULL,0,NULL),(1397,286,-2,-2,NULL,NULL,-0.4,NULL,NULL,1,'2013-12-05 14:55:24',392,2,0.4,NULL,'-2','-2',NULL,NULL,'-0.4',NULL,'0.4',NULL,0,NULL),(1398,286,40,40,NULL,NULL,8,NULL,NULL,1,'2013-12-05 14:55:24',371,3,-8,NULL,'40','40',NULL,NULL,'8.0',NULL,'-8.0',NULL,0,NULL),(1399,286,-1,-1,NULL,NULL,-0.2,NULL,NULL,1,'2013-12-05 14:55:24',386,4,0.2,NULL,'-1','-1',NULL,NULL,'-0.2',NULL,'0.2',NULL,0,NULL),(1400,286,48,48,NULL,NULL,9.6,NULL,NULL,1,'2013-12-05 14:55:24',372,5,-9.6,NULL,'48','48',NULL,NULL,'9.6',NULL,'-9.6',NULL,0,NULL),(1401,286,-2,-2,NULL,NULL,-0.4,NULL,NULL,1,'2013-12-05 14:55:24',398,6,0.4,NULL,'-2','-2',NULL,NULL,'-0.4',NULL,'0.4',NULL,0,NULL),(1402,286,23,23,NULL,NULL,4.6,NULL,NULL,1,'2013-12-05 14:55:24',377,7,-4.6,NULL,'23','23',NULL,NULL,'4.6',NULL,'-4.6',NULL,0,NULL),(1403,286,-30,-30,NULL,NULL,-6,NULL,NULL,1,'2013-12-05 14:55:24',385,8,6,NULL,'-30','-30',NULL,NULL,'-6.0',NULL,'6.0',NULL,0,NULL),(1404,287,-3,-3,NULL,NULL,-0.6,NULL,NULL,1,'2013-12-05 14:55:50',376,1,0.6,NULL,'-3','-3',NULL,NULL,'-0.6',NULL,'0.6',NULL,0,NULL),(1405,288,0,0,NULL,NULL,0,NULL,NULL,1,'2013-12-05 14:57:33',417,1,0,NULL,'0','0',NULL,NULL,'0.0',NULL,'0.0',NULL,0,NULL),(1406,288,2,2,NULL,NULL,0.4,NULL,NULL,1,'2013-12-05 14:57:33',415,2,-0.4,NULL,'2','2',NULL,NULL,'0.4',NULL,'-0.4',NULL,0,NULL),(1407,288,0,0,NULL,NULL,0,NULL,NULL,1,'2013-12-05 14:57:33',416,3,0,NULL,'0','0',NULL,NULL,'0.0',NULL,'0.0',NULL,0,NULL),(1408,288,-5,-5,-3,-3,-0.25,-0.15,NULL,1,'2013-12-05 14:57:33',432,4,0.25,0.15,'-5','-5','-3','-3','-0.25','-0.15','0.25','0.15',0,0),(1409,288,-3,-3,2,2,-0.15,0.1,NULL,1,'2013-12-05 14:57:33',431,5,0.15,-0.1,'-3','-3','2','2','-0.15','0.10','0.15','-0.10',0,0),(1410,289,0,0,NULL,NULL,0,NULL,NULL,1,'2013-12-05 14:59:59',387,1,0.1,NULL,'0','0',NULL,NULL,'0.0',NULL,'0.1',NULL,0,NULL),(1411,289,0,0,NULL,NULL,0,NULL,NULL,1,'2013-12-05 14:59:59',379,2,0.1,NULL,'0','0',NULL,NULL,'0.0',NULL,'0.1',NULL,0,NULL),(1412,289,-2,-2,NULL,NULL,-0.2,NULL,NULL,1,'2013-12-05 14:59:59',375,3,0.3,NULL,'-2','-2',NULL,NULL,'-0.2',NULL,'0.3',NULL,0,NULL),(1413,289,0,0,NULL,NULL,0,NULL,NULL,1,'2013-12-05 14:59:59',389,4,0.1,NULL,'0','0',NULL,NULL,'0.0',NULL,'0.1',NULL,0,NULL),(1414,289,0,0,NULL,NULL,0,NULL,NULL,1,'2013-12-05 14:59:59',374,5,0.1,NULL,'0','0',NULL,NULL,'0.0',NULL,'0.1',NULL,0,NULL),(1415,289,1,1,NULL,NULL,0.1,NULL,NULL,1,'2013-12-05 14:59:59',397,6,0,NULL,'1','1',NULL,NULL,'0.1',NULL,'0.0',NULL,0,NULL),(1416,289,0,0,NULL,NULL,0,NULL,NULL,1,'2013-12-05 14:59:59',400,7,0.1,NULL,'0','0',NULL,NULL,'0.0',NULL,'0.1',NULL,0,NULL),(1417,289,0,0,NULL,NULL,0,NULL,NULL,1,'2013-12-05 14:59:59',381,8,0.1,NULL,'0','0',NULL,NULL,'0.0',NULL,'0.1',NULL,0,NULL),(1418,290,4,4,NULL,NULL,0.4,NULL,NULL,1,'2013-12-05 15:00:44',399,1,-0.3,NULL,'4','4',NULL,NULL,'0.4',NULL,'-0.3',NULL,0,NULL),(1419,290,-3,-3,NULL,NULL,-0.3,NULL,NULL,1,'2013-12-05 15:00:44',378,2,0.4,NULL,'-3','-3',NULL,NULL,'-0.3',NULL,'0.4',NULL,0,NULL),(1420,290,30,30,NULL,NULL,3,NULL,NULL,1,'2013-12-05 15:00:44',384,3,-2.9,NULL,'30','30',NULL,NULL,'3.0',NULL,'-2.9',NULL,0,NULL),(1421,291,39,39,NULL,NULL,3.9,NULL,NULL,1,'2013-12-05 15:11:33',401,1,-3.8,NULL,'39','39',NULL,NULL,'3.9',NULL,'-3.8',NULL,0,NULL),(1422,291,13,13,NULL,NULL,1.3,NULL,NULL,1,'2013-12-05 15:11:33',373,2,-1.2,NULL,'13','13',NULL,NULL,'1.3',NULL,'-1.2',NULL,0,NULL),(1423,292,-10,-10,-10,-10,-0.5,-0.5,NULL,1,'2013-12-05 15:42:51',432,1,0.5,0.5,'-10','-10','-10','-10','-0.50','-0.50','0.50','0.50',0,0),(1424,293,2,2,NULL,NULL,0.2,NULL,NULL,1,'2013-12-05 15:46:53',408,1,-0.1,NULL,'2','2',NULL,NULL,'0.2',NULL,'-0.1',NULL,0,NULL),(1425,294,-60,-60,NULL,NULL,-12,NULL,NULL,1,'2013-12-05 15:48:36',406,1,12,NULL,'-60','-60',NULL,NULL,'-12.0',NULL,'12.0',NULL,0,NULL),(1426,295,-17,-17,NULL,NULL,-3.4,NULL,NULL,1,'2013-12-05 16:21:26',377,1,3.4,NULL,'-17','-17',NULL,NULL,'-3.4',NULL,'3.4',NULL,0,NULL),(1427,295,-1,-1,NULL,NULL,-0.2,NULL,NULL,1,'2013-12-05 16:21:26',380,2,0.2,NULL,'-1','-1',NULL,NULL,'-0.2',NULL,'0.2',NULL,0,NULL),(1428,295,3,3,NULL,NULL,0.6,NULL,NULL,1,'2013-12-05 16:21:26',386,3,-0.6,NULL,'3','3',NULL,NULL,'0.6',NULL,'-0.6',NULL,0,NULL),(1429,295,NULL,NULL,0,0,0,0,NULL,1,'2013-12-05 16:21:26',371,4,0,0,'%','%','0','0','0','0','0','0',2,0),(1430,295,-9,-9,NULL,NULL,-1.8,NULL,NULL,1,'2013-12-05 16:21:26',376,5,1.8,NULL,'-9','-9',NULL,NULL,'-1.8',NULL,'1.8',NULL,0,NULL),(1431,295,NULL,NULL,0,0,0,0,NULL,1,'2013-12-05 16:21:26',372,6,0,0,'%','%','0','0','0','0','0','0',2,0),(1432,295,-68,-68,NULL,NULL,-13.6,NULL,NULL,1,'2013-12-05 16:21:26',385,7,13.6,NULL,'-68','-68',NULL,NULL,'-13.6',NULL,'13.6',NULL,0,NULL),(1433,295,1,1,NULL,NULL,0.2,NULL,NULL,1,'2013-12-05 16:21:26',392,8,-0.2,NULL,'1','1',NULL,NULL,'0.2',NULL,'-0.2',NULL,0,NULL),(1434,296,-2,-2,NULL,NULL,-0.4,NULL,NULL,1,'2013-12-05 16:22:01',398,1,0.4,NULL,'-2','-2',NULL,NULL,'-0.4',NULL,'0.4',NULL,0,NULL),(1435,296,3,3,NULL,NULL,0.6,NULL,NULL,1,'2013-12-05 16:22:01',433,2,-0.6,NULL,'3','3',NULL,NULL,'0.6',NULL,'-0.6',NULL,0,NULL),(1436,297,2,2,NULL,NULL,0.2,NULL,NULL,1,'2013-12-05 16:26:30',417,1,-0.2,NULL,'2','2',NULL,NULL,'0.2',NULL,'-0.2',NULL,0,NULL),(1437,297,2,2,NULL,NULL,0.4,NULL,NULL,1,'2013-12-05 16:26:30',415,2,-0.4,NULL,'2','2',NULL,NULL,'0.4',NULL,'-0.4',NULL,0,NULL),(1438,297,2,2,NULL,NULL,0.2,NULL,NULL,1,'2013-12-05 16:26:30',416,3,-0.2,NULL,'2','2',NULL,NULL,'0.2',NULL,'-0.2',NULL,0,NULL),(1439,298,-30,-30,NULL,NULL,-3,NULL,NULL,1,'2013-12-05 16:33:21',401,1,3,NULL,'-30','-30',NULL,NULL,'-3.0',NULL,'3.0',NULL,0,NULL),(1440,298,-16,-16,NULL,NULL,-1.6,NULL,NULL,1,'2013-12-05 16:33:21',373,2,1.6,NULL,'-16','-16',NULL,NULL,'-1.6',NULL,'1.6',NULL,0,NULL),(1441,299,2,2,NULL,NULL,0.2,NULL,NULL,1,'2013-12-06 10:46:17',434,1,-0.1,NULL,'2','2',NULL,NULL,'0.2',NULL,'-0.1',NULL,0,NULL),(1442,300,3,3,NULL,NULL,0.6,NULL,NULL,1,'2013-12-06 10:46:45',433,1,-0.4,NULL,'3','3',NULL,NULL,'0.6',NULL,'-0.4',NULL,0,NULL),(1443,301,4,4,NULL,NULL,0.4,NULL,NULL,1,'2013-12-06 10:56:11',434,1,-0.2,NULL,'4','4',NULL,NULL,'0.4',NULL,'-0.2',NULL,0,NULL),(1444,302,-2,-2,NULL,NULL,-0.2,NULL,NULL,1,'2013-12-06 11:18:20',410,1,0.1,NULL,'-2','-2',NULL,NULL,'-0.2',NULL,'0.1',NULL,0,NULL),(1445,302,0,0,NULL,NULL,0,NULL,NULL,1,'2013-12-06 11:18:20',405,2,-0.1,NULL,'0','0',NULL,NULL,'0.0',NULL,'-0.1',NULL,0,NULL),(1446,302,10,10,NULL,NULL,1,NULL,NULL,1,'2013-12-06 11:18:20',404,3,-1.1,NULL,'10','10',NULL,NULL,'1.0',NULL,'-1.1',NULL,0,NULL),(1447,302,10,10,NULL,NULL,1,NULL,NULL,1,'2013-12-06 11:18:20',409,4,-1.1,NULL,'10','10',NULL,NULL,'1.0',NULL,'-1.1',NULL,0,NULL),(1448,303,1,1,NULL,NULL,0.2,NULL,NULL,1,'2013-12-06 11:20:41',395,1,-0.2,NULL,'1','1',NULL,NULL,'0.2',NULL,'-0.2',NULL,0,NULL),(1449,303,-3,-3,NULL,NULL,-0.6,NULL,NULL,1,'2013-12-06 11:20:41',402,2,0.6,NULL,'-3','-3',NULL,NULL,'-0.6',NULL,'0.6',NULL,0,NULL),(1450,303,4,4,NULL,NULL,0.4,NULL,NULL,1,'2013-12-06 11:20:41',390,3,-0.4,NULL,'4','4',NULL,NULL,'0.4',NULL,'-0.4',NULL,0,NULL),(1451,303,-1,-1,NULL,NULL,-0.1,NULL,NULL,1,'2013-12-06 11:20:41',399,4,0.1,NULL,'-1','-1',NULL,NULL,'-0.1',NULL,'0.1',NULL,0,NULL),(1452,303,2,2,NULL,NULL,0.2,NULL,NULL,1,'2013-12-06 11:20:41',401,5,-0.2,NULL,'2','2',NULL,NULL,'0.2',NULL,'-0.2',NULL,0,NULL),(1453,303,0,0,NULL,NULL,0,NULL,NULL,1,'2013-12-06 11:20:41',388,6,0,NULL,'0','0',NULL,NULL,'0.0',NULL,'0.0',NULL,0,NULL),(1454,303,0,0,NULL,NULL,0,NULL,NULL,1,'2013-12-06 11:20:41',383,7,0,NULL,'0','0',NULL,NULL,'0.0',NULL,'0.0',NULL,0,NULL),(1455,303,-6,-6,NULL,NULL,-0.6,NULL,NULL,1,'2013-12-06 11:20:41',387,8,0.6,NULL,'-6','-6',NULL,NULL,'-0.6',NULL,'0.6',NULL,0,NULL),(1456,304,-2,-2,NULL,NULL,-0.2,NULL,NULL,1,'2013-12-06 11:22:31',434,1,0.2,NULL,'-2','-2',NULL,NULL,'-0.2',NULL,'0.2',NULL,0,NULL),(1457,304,0,0,NULL,NULL,0,NULL,NULL,1,'2013-12-06 11:22:31',373,2,0,NULL,'0','0',NULL,NULL,'0.0',NULL,'0.0',NULL,0,NULL),(1458,304,0,0,NULL,NULL,0,NULL,NULL,1,'2013-12-06 11:22:31',391,3,0,NULL,'0','0',NULL,NULL,'0.0',NULL,'0.0',NULL,0,NULL),(1459,304,0,0,NULL,NULL,0,NULL,NULL,1,'2013-12-06 11:22:31',400,4,0,NULL,'0','0',NULL,NULL,'0.0',NULL,'0.0',NULL,0,NULL),(1460,304,0,0,NULL,NULL,0,NULL,NULL,1,'2013-12-06 11:22:31',397,5,0,NULL,'0','0',NULL,NULL,'0.0',NULL,'0.0',NULL,0,NULL),(1461,304,-2,-2,NULL,NULL,-0.2,NULL,NULL,1,'2013-12-06 11:22:31',374,6,0.2,NULL,'-2','-2',NULL,NULL,'-0.2',NULL,'0.2',NULL,0,NULL),(1462,304,7,7,NULL,NULL,0.07,NULL,NULL,1,'2013-12-06 11:22:31',394,7,-0.07,NULL,'7','7',NULL,NULL,'0.07',NULL,'-0.07',NULL,0,NULL),(1463,304,18,18,NULL,NULL,0.18,NULL,NULL,1,'2013-12-06 11:22:31',393,8,-0.18,NULL,'18','18',NULL,NULL,'0.18',NULL,'-0.18',NULL,0,NULL),(1464,305,0,0,NULL,NULL,0,NULL,NULL,1,'2013-12-06 11:23:45',375,1,0,NULL,'0','0',NULL,NULL,'0.0',NULL,'0.0',NULL,0,NULL),(1465,305,0,0,NULL,NULL,0,NULL,NULL,1,'2013-12-06 11:23:45',389,2,0,NULL,'0','0',NULL,NULL,'0.0',NULL,'0.0',NULL,0,NULL),(1466,305,0,0,NULL,NULL,0,NULL,NULL,1,'2013-12-06 11:23:45',378,3,0,NULL,'0','0',NULL,NULL,'0.0',NULL,'0.0',NULL,0,NULL),(1467,305,-2,-2,NULL,NULL,-0.2,NULL,NULL,1,'2013-12-06 11:23:45',379,4,0.2,NULL,'-2','-2',NULL,NULL,'-0.2',NULL,'0.2',NULL,0,NULL),(1468,305,-3,-3,NULL,NULL,-0.3,NULL,NULL,1,'2013-12-06 11:23:45',381,5,0.3,NULL,'-3','-3',NULL,NULL,'-0.3',NULL,'0.3',NULL,0,NULL),(1469,305,-8,-8,NULL,NULL,-0.8,NULL,NULL,1,'2013-12-06 11:23:45',384,6,0.8,NULL,'-8','-8',NULL,NULL,'-0.8',NULL,'0.8',NULL,0,NULL),(1470,305,0,0,NULL,NULL,0,NULL,NULL,1,'2013-12-06 11:23:45',396,7,0,NULL,'0','0',NULL,NULL,'0.0',NULL,'0.0',NULL,0,NULL),(1471,306,-4,-4,NULL,NULL,-0.8,NULL,NULL,1,'2013-12-06 11:38:49',433,1,0.8,NULL,'-4','-4',NULL,NULL,'-0.8',NULL,'0.8',NULL,0,NULL),(1472,306,3,3,NULL,NULL,0.6,NULL,NULL,1,'2013-12-06 11:38:49',392,2,-0.6,NULL,'3','3',NULL,NULL,'0.6',NULL,'-0.6',NULL,0,NULL),(1473,306,0,0,NULL,NULL,0,NULL,NULL,1,'2013-12-06 11:38:49',380,3,0,NULL,'0','0',NULL,NULL,'0.0',NULL,'0.0',NULL,0,NULL),(1474,306,0,0,NULL,NULL,0,NULL,NULL,1,'2013-12-06 11:38:49',386,4,0,NULL,'0','0',NULL,NULL,'0.0',NULL,'0.0',NULL,0,NULL),(1475,306,0,0,NULL,NULL,0,NULL,NULL,1,'2013-12-06 11:38:49',385,5,0,NULL,'0','0',NULL,NULL,'0.0',NULL,'0.0',NULL,0,NULL),(1476,306,0,0,NULL,NULL,0,NULL,NULL,1,'2013-12-06 11:38:49',376,6,0,NULL,'0','0',NULL,NULL,'0.0',NULL,'0.0',NULL,0,NULL),(1477,306,0,0,NULL,NULL,0,NULL,NULL,1,'2013-12-06 11:38:49',398,7,0,NULL,'0','0',NULL,NULL,'0.0',NULL,'0.0',NULL,0,NULL),(1478,306,2,2,NULL,NULL,0.4,NULL,NULL,1,'2013-12-06 11:38:49',372,8,-0.4,NULL,'2','2',NULL,NULL,'0.4',NULL,'-0.4',NULL,0,NULL),(1479,307,1,1,NULL,NULL,0.2,NULL,NULL,1,'2013-12-06 11:39:24',371,1,-0.2,NULL,'1','1','','','0.2','','-0.2','',0,NULL),(1480,307,10,10,NULL,NULL,2,NULL,NULL,1,'2013-12-06 11:39:24',377,2,-2,NULL,'10','10',NULL,NULL,'2.0',NULL,'-2.0',NULL,0,NULL),(1481,308,-5,-5,0,0,-0.25,0,NULL,1,'2013-12-06 11:51:49',431,1,0.25,0,'-5','-5','0','0','-0.25','0.00','0.25','0.00',0,0),(1482,308,-5,-5,-8,-8,-0.25,-0.4,NULL,1,'2013-12-06 11:51:49',432,2,0.25,0.4,'-5','-5','-8','-8','-0.25','-0.40','0.25','0.40',0,0),(1483,309,10,10,NULL,NULL,0.1,NULL,NULL,1,'2013-12-18 10:13:59',458,1,-0.14,NULL,'10','10',NULL,NULL,'0.10',NULL,'-0.14',NULL,0,NULL),(1484,309,17,17,NULL,NULL,0.17,NULL,NULL,1,'2013-12-18 10:13:59',459,2,-0.21,NULL,'17','17',NULL,NULL,'0.17',NULL,'-0.21',NULL,0,NULL),(1485,309,-17,-17,NULL,NULL,-0.17,NULL,NULL,1,'2013-12-18 10:13:59',447,3,0.13,NULL,'-17','-17',NULL,NULL,'-0.17',NULL,'0.13',NULL,0,NULL),(1486,310,10,10,NULL,NULL,0.1,NULL,NULL,1,'2013-12-18 10:23:54',458,1,-0.07,NULL,'10','10',NULL,NULL,'0.10',NULL,'-0.07',NULL,0,NULL),(1487,311,-3,-3,NULL,NULL,-0.3,NULL,NULL,1,'2013-12-18 10:28:04',440,1,0.5,NULL,'-3','-3',NULL,NULL,'-0.3',NULL,'0.5',NULL,0,NULL),(1488,311,-4,-4,NULL,NULL,-0.4,NULL,NULL,1,'2013-12-18 10:28:04',445,2,0.6,NULL,'-4','-4',NULL,NULL,'-0.4',NULL,'0.6',NULL,0,NULL),(1489,311,0,0,NULL,NULL,0,NULL,NULL,1,'2013-12-18 10:28:04',443,3,0.2,NULL,'0','0',NULL,NULL,'0.0',NULL,'0.2',NULL,0,NULL),(1490,311,0,0,NULL,NULL,0,NULL,NULL,1,'2013-12-18 10:28:04',448,4,0.2,NULL,'0','0',NULL,NULL,'0.0',NULL,'0.2',NULL,0,NULL),(1491,311,0,0,NULL,NULL,0,NULL,NULL,1,'2013-12-18 10:28:04',435,5,0.2,NULL,'0','0',NULL,NULL,'0.0',NULL,'0.2',NULL,0,NULL),(1492,311,1,1,NULL,NULL,0.1,NULL,NULL,1,'2013-12-18 10:28:04',452,6,0.1,NULL,'1','1',NULL,NULL,'0.1',NULL,'0.1',NULL,0,NULL),(1493,311,0,0,NULL,NULL,0,NULL,NULL,1,'2013-12-18 10:28:04',450,7,0.2,NULL,'0','0',NULL,NULL,'0.0',NULL,'0.2',NULL,0,NULL),(1494,311,1,1,NULL,NULL,0.1,NULL,NULL,1,'2013-12-18 10:28:04',453,8,0.1,NULL,'1','1',NULL,NULL,'0.1',NULL,'0.1',NULL,0,NULL),(1495,312,3,3,NULL,NULL,0.3,NULL,NULL,1,'2013-12-18 10:40:00',451,1,-0.1,NULL,'3','3',NULL,NULL,'0.3',NULL,'-0.1',NULL,0,NULL),(1496,312,3,3,NULL,NULL,0.3,NULL,NULL,1,'2013-12-18 10:40:00',449,2,-0.1,NULL,'3','3',NULL,NULL,'0.3',NULL,'-0.1',NULL,0,NULL),(1497,312,1,1,NULL,NULL,0.2,NULL,NULL,1,'2013-12-18 10:40:00',436,3,0,NULL,'1','1',NULL,NULL,'0.2',NULL,'0.0',NULL,0,NULL),(1498,312,0,0,NULL,NULL,0,NULL,NULL,1,'2013-12-18 10:40:00',439,4,0.2,NULL,'0','0',NULL,NULL,'0.0',NULL,'0.2',NULL,0,NULL),(1499,312,0,0,NULL,NULL,0,NULL,NULL,1,'2013-12-18 10:40:00',438,5,0.2,NULL,'0','0',NULL,NULL,'0.0',NULL,'0.2',NULL,0,NULL),(1500,312,10,10,NULL,NULL,2,NULL,NULL,1,'2013-12-18 10:40:00',437,6,-1.8,NULL,'10','10',NULL,NULL,'2.0',NULL,'-1.8',NULL,0,NULL),(1501,312,-2,-2,NULL,NULL,-0.4,NULL,NULL,1,'2013-12-18 10:40:00',454,7,0.6,NULL,'-2','-2',NULL,NULL,'-0.4',NULL,'0.6',NULL,0,NULL),(1502,312,0,0,NULL,NULL,0,NULL,NULL,1,'2013-12-18 10:40:00',455,8,0.2,NULL,'0','0',NULL,NULL,'0.0',NULL,'0.2',NULL,0,NULL),(1503,313,0,0,NULL,NULL,0,NULL,NULL,1,'2013-12-18 10:44:49',455,1,0.2,NULL,'0','0',NULL,NULL,'0.0',NULL,'0.2',NULL,0,NULL),(1504,313,0,0,NULL,NULL,0,NULL,NULL,1,'2013-12-18 10:44:49',446,2,0.2,NULL,'0','0',NULL,NULL,'0.0',NULL,'0.2',NULL,0,NULL),(1505,313,-2,-2,NULL,NULL,-0.4,NULL,NULL,1,'2013-12-18 10:44:49',441,4,0.6,NULL,'-2','-2',NULL,NULL,'-0.4',NULL,'0.6',NULL,0,NULL),(1506,313,6,6,NULL,NULL,1.2,NULL,NULL,1,'2013-12-18 10:44:49',444,5,-1,NULL,'6','6',NULL,NULL,'1.2',NULL,'-1.0',NULL,0,NULL),(1507,314,2,2,5,5,0.1,0.25,NULL,1,'2013-12-18 10:45:36',463,1,-0.1,-0.25,'2','2','5','5','0.10','0.25','-0.10','-0.25',0,0),(1508,314,-2,-2,5,5,-0.1,0.25,NULL,1,'2013-12-18 10:45:36',464,2,0.1,-0.25,'-2','-2','5','5','-0.10','0.25','0.10','-0.25',0,0),(1509,314,10,10,20,20,0.5,1,NULL,1,'2013-12-18 10:45:36',460,3,-0.5,-1,'10','10','20','20','0.50','1.00','-0.50','-1.00',0,0),(1510,314,10,10,20,20,0.5,1,NULL,1,'2013-12-18 10:45:36',461,4,-0.5,-1,'10','10','20','20','0.50','1.00','-0.50','-1.00',0,0),(1511,314,0,0,-5,-5,0,-0.25,NULL,1,'2013-12-18 10:45:36',465,5,0,0.25,'0','0','-5','-5','0.00','-0.25','0.00','0.25',0,0),(1512,315,-7,-7,NULL,NULL,-0.07,NULL,NULL,1,'2013-12-18 10:54:05',458,1,0.07,NULL,'-7','-7',NULL,NULL,'-0.07',NULL,'0.07',NULL,0,NULL),(1513,315,17,17,NULL,NULL,0.17,NULL,NULL,1,'2013-12-18 10:54:05',459,2,-0.17,NULL,'17','17',NULL,NULL,'0.17',NULL,'-0.17',NULL,0,NULL),(1514,315,-7,-7,NULL,NULL,-0.07,NULL,NULL,1,'2013-12-18 10:54:05',447,3,0.07,NULL,'-7','-7',NULL,NULL,'-0.07',NULL,'0.07',NULL,0,NULL),(1515,316,0,0,-5,-5,0,-0.25,NULL,1,'2013-12-18 11:00:09',465,1,0,0.25,'0','0','-5','-5','0.00','-0.25','0.00','0.25',0,0),(1516,317,-8,-8,NULL,NULL,-0.08,NULL,NULL,1,'2013-12-18 11:01:54',458,1,0.13,NULL,'-8','-8',NULL,NULL,'-0.08',NULL,'0.13',NULL,0,NULL),(1517,318,10,10,NULL,NULL,0.1,NULL,NULL,1,'2013-12-18 11:08:57',462,1,0,NULL,'10','10',NULL,NULL,'0.10',NULL,'0.00',NULL,0,NULL),(1518,319,-10,-10,-10,-10,-0.5,-0.5,NULL,1,'2013-12-18 11:11:51',464,1,0.5,0.5,'-10','-10','-10','-10','-0.50','-0.50','0.50','0.50',0,0),(1519,319,0,0,5,5,0,0.25,NULL,1,'2013-12-18 11:11:51',460,2,0,-0.25,'0','0','5','5','0.00','0.25','0.00','-0.25',0,0),(1520,319,-10,-10,-5,-5,-0.5,-0.25,NULL,1,'2013-12-18 11:11:51',463,3,0.5,0.25,'-10','-10','-5','-5','-0.50','-0.25','0.50','0.25',0,0),(1521,319,0,0,8,8,0,0.4,NULL,1,'2013-12-18 11:11:51',461,4,0,-0.4,'0','0','8','8','0.00','0.40','0.00','-0.40',0,0),(1522,320,-5,-5,-7,-7,-0.25,-0.35,NULL,1,'2013-12-18 11:20:26',465,1,0.25,0.35,'-5','-5','-7','-7','-0.25','-0.35','0.25','0.35',0,0),(1523,321,22,22,NULL,NULL,0.22,NULL,NULL,1,'2013-12-18 11:22:53',459,1,-0.17,NULL,'22','22',NULL,NULL,'0.22',NULL,'-0.17',NULL,0,NULL),(1524,321,10,10,NULL,NULL,0.1,NULL,NULL,1,'2013-12-18 11:22:53',447,2,-0.05,NULL,'10','10',NULL,NULL,'0.10',NULL,'-0.05',NULL,0,NULL),(1525,321,0,0,NULL,NULL,0,NULL,NULL,1,'2013-12-18 11:22:53',456,3,0.05,NULL,'0','0',NULL,NULL,'0.00',NULL,'0.05',NULL,0,NULL),(1526,321,0,0,NULL,NULL,0,NULL,NULL,1,'2013-12-18 11:22:53',457,4,0.05,NULL,'0','0',NULL,NULL,'0.00',NULL,'0.05',NULL,0,NULL),(1527,322,-46,-46,NULL,NULL,-0.46,NULL,NULL,1,'2013-12-18 12:30:26',458,1,0.45,NULL,'-46','-46',NULL,NULL,'-0.46',NULL,'0.45',NULL,0,NULL),(1528,323,10,10,NULL,NULL,0.1,NULL,NULL,1,'2013-12-18 12:34:19',459,1,-0.03,NULL,'10','10',NULL,NULL,'0.10',NULL,'-0.03',NULL,0,NULL),(1529,323,0,0,NULL,NULL,0,NULL,NULL,1,'2013-12-18 12:34:19',447,2,0.07,NULL,'0','0',NULL,NULL,'0.00',NULL,'0.07',NULL,0,NULL),(1530,323,10,10,NULL,NULL,0.1,NULL,NULL,1,'2013-12-18 12:34:19',462,3,-0.03,NULL,'10','10',NULL,NULL,'0.10',NULL,'-0.03',NULL,0,NULL),(1531,324,2,2,NULL,NULL,0.2,NULL,NULL,1,'2013-12-18 12:39:59',435,1,-0.1,NULL,'2','2',NULL,NULL,'0.2',NULL,'-0.1',NULL,0,NULL),(1532,324,0,0,NULL,NULL,0,NULL,NULL,1,'2013-12-18 12:39:59',443,2,0.1,NULL,'0','0',NULL,NULL,'0.0',NULL,'0.1',NULL,0,NULL),(1533,324,0,0,NULL,NULL,0,NULL,NULL,1,'2013-12-18 12:39:59',440,3,0.1,NULL,'0','0',NULL,NULL,'0.0',NULL,'0.1',NULL,0,NULL),(1534,324,0,0,NULL,NULL,0,NULL,NULL,1,'2013-12-18 12:39:59',448,4,0.1,NULL,'0','0',NULL,NULL,'0.0',NULL,'0.1',NULL,0,NULL),(1535,324,0,0,NULL,NULL,0,NULL,NULL,1,'2013-12-18 12:39:59',445,5,0.1,NULL,'0','0',NULL,NULL,'0.0',NULL,'0.1',NULL,0,NULL),(1536,324,5,5,NULL,NULL,0.5,NULL,NULL,1,'2013-12-18 12:39:59',450,6,-0.4,NULL,'5','5',NULL,NULL,'0.5',NULL,'-0.4',NULL,0,NULL),(1537,324,5,5,NULL,NULL,0.5,NULL,NULL,1,'2013-12-18 12:39:59',452,7,-0.4,NULL,'5','5',NULL,NULL,'0.5',NULL,'-0.4',NULL,0,NULL),(1538,324,4,4,NULL,NULL,0.4,NULL,NULL,1,'2013-12-18 12:39:59',453,8,-0.3,NULL,'4','4',NULL,NULL,'0.4',NULL,'-0.3',NULL,0,NULL),(1539,325,3,3,NULL,NULL,0.3,NULL,NULL,1,'2013-12-18 12:40:47',451,1,-0.2,NULL,'3','3',NULL,NULL,'0.3',NULL,'-0.2',NULL,0,NULL),(1540,325,5,5,NULL,NULL,0.5,NULL,NULL,1,'2013-12-18 12:40:47',449,2,-0.4,NULL,'5','5',NULL,NULL,'0.5',NULL,'-0.4',NULL,0,NULL),(1541,326,13,13,NULL,NULL,0.13,NULL,NULL,1,'2013-12-18 12:45:15',459,1,-0.09,NULL,'13','13',NULL,NULL,'0.13',NULL,'-0.09',NULL,0,NULL),(1542,326,7,7,NULL,NULL,0.07,NULL,NULL,1,'2013-12-18 12:45:15',447,2,-0.03,NULL,'7','7',NULL,NULL,'0.07',NULL,'-0.03',NULL,0,NULL),(1543,327,8,8,NULL,NULL,1.6,NULL,NULL,1,'2013-12-18 12:49:36',442,1,-1.6,NULL,'8','8',NULL,NULL,'1.6',NULL,'-1.6',NULL,0,NULL),(1544,327,0,0,NULL,NULL,0,NULL,NULL,1,'2013-12-18 12:49:36',436,2,0,NULL,'0','0',NULL,NULL,'0.0',NULL,'0.0',NULL,0,NULL),(1545,327,0,0,NULL,NULL,0,NULL,NULL,1,'2013-12-18 12:49:36',444,3,0,NULL,'0','0',NULL,NULL,'0.0',NULL,'0.0',NULL,0,NULL),(1546,327,2,2,NULL,NULL,0.4,NULL,NULL,1,'2013-12-18 12:49:36',439,4,-0.4,NULL,'2','2',NULL,NULL,'0.4',NULL,'-0.4',NULL,0,NULL),(1547,327,-3,-3,NULL,NULL,-0.6,NULL,NULL,1,'2013-12-18 12:49:36',441,5,0.6,NULL,'-3','-3',NULL,NULL,'-0.6',NULL,'0.6',NULL,0,NULL),(1548,327,-2,-2,NULL,NULL,-0.4,NULL,NULL,1,'2013-12-18 12:49:36',454,6,0.4,NULL,'-2','-2',NULL,NULL,'-0.4',NULL,'0.4',NULL,0,NULL),(1549,327,0,0,NULL,NULL,0,NULL,NULL,1,'2013-12-18 12:49:36',446,7,0,NULL,'0','0',NULL,NULL,'0.0',NULL,'0.0',NULL,0,NULL),(1550,327,30,30,NULL,NULL,6,NULL,NULL,1,'2013-12-18 12:49:36',437,8,-6,NULL,'30','30',NULL,NULL,'6.0',NULL,'-6.0',NULL,0,NULL),(1551,328,0,0,NULL,NULL,0,NULL,NULL,1,'2013-12-18 12:50:19',455,1,0,NULL,'0','0',NULL,NULL,'0.0',NULL,'0.0',NULL,0,NULL),(1552,328,30,30,NULL,NULL,6,NULL,NULL,1,'2013-12-18 12:50:19',438,2,-6,NULL,'30','30',NULL,NULL,'6.0',NULL,'-6.0',NULL,0,NULL),(1553,329,5,5,18,18,0.25,0.9,NULL,1,'2013-12-18 13:53:21',461,1,-0.2,-0.85,'5','5','18','18','0.25','0.90','-0.20','-0.85',0,0),(1554,329,5,5,10,10,0.25,0.5,NULL,1,'2013-12-18 13:53:21',460,2,-0.2,-0.45,'5','5','10','10','0.25','0.50','-0.20','-0.45',0,0),(1555,329,-8,-8,-3,-3,-0.4,-0.15,NULL,1,'2013-12-18 13:53:21',464,3,0.45,0.2,'-8','-8','-3','-3','-0.40','-0.15','0.45','0.20',0,0),(1556,329,-5,-5,0,0,-0.25,0,NULL,1,'2013-12-18 13:53:21',463,4,0.3,0.05,'-5','-5','0','0','-0.25','0.00','0.30','0.05',0,0),(1557,330,-2,-2,-8,-8,-0.1,-0.4,NULL,1,'2013-12-18 13:54:38',465,1,0.15,0.45,'-2','-2','-8','-8','-0.10','-0.40','0.15','0.45',0,0),(1558,331,0,0,NULL,NULL,0,NULL,NULL,1,'2013-12-18 13:55:52',462,1,0.15,NULL,'0','0',NULL,NULL,'0.00',NULL,'0.15',NULL,0,NULL),(1559,332,4,4,NULL,NULL,0.8,NULL,NULL,1,'2013-12-18 15:22:33',437,1,-0.8,NULL,'4','4',NULL,NULL,'0.8',NULL,'-0.8',NULL,0,NULL),(1560,332,10,10,NULL,NULL,0.5,NULL,NULL,1,'2013-12-18 15:22:33',457,2,-0.5,NULL,'10','10',NULL,NULL,'0.50',NULL,'-0.50',NULL,0,NULL),(1561,332,-12,-12,NULL,NULL,-0.6,NULL,NULL,1,'2013-12-18 15:22:33',456,3,0.6,NULL,'-12','-12',NULL,NULL,'-0.60',NULL,'0.60',NULL,0,NULL),(1562,332,2,2,NULL,NULL,0.4,NULL,NULL,1,'2013-12-18 15:22:33',455,4,-0.4,NULL,'2','2',NULL,NULL,'0.4',NULL,'-0.4',NULL,0,NULL),(1563,332,3,3,NULL,NULL,0.6,NULL,NULL,1,'2013-12-18 15:22:33',438,5,-0.6,NULL,'3','3',NULL,NULL,'0.6',NULL,'-0.6',NULL,0,NULL),(1564,332,-3,-3,NULL,NULL,-0.3,NULL,NULL,1,'2013-12-18 15:22:33',440,6,0.3,NULL,'-3','-3',NULL,NULL,'-0.3',NULL,'0.3',NULL,0,NULL),(1565,332,2,2,NULL,NULL,0.2,NULL,NULL,1,'2013-12-18 15:22:33',448,7,-0.2,NULL,'2','2',NULL,NULL,'0.2',NULL,'-0.2',NULL,0,NULL),(1566,332,-4,-4,NULL,NULL,-0.4,NULL,NULL,1,'2013-12-18 15:22:33',451,8,0.4,NULL,'-4','-4',NULL,NULL,'-0.4',NULL,'0.4',NULL,0,NULL),(1567,333,-2,-2,NULL,NULL,-0.4,NULL,NULL,1,'2013-12-18 15:24:31',446,1,0.4,NULL,'-2','-2',NULL,NULL,'-0.4',NULL,'0.4',NULL,0,NULL),(1568,333,0,0,NULL,NULL,0,NULL,NULL,1,'2013-12-18 15:24:31',454,2,0,NULL,'0','0',NULL,NULL,'0.0',NULL,'0.0',NULL,0,NULL),(1569,333,11,11,NULL,NULL,0.11,NULL,NULL,1,'2013-12-18 15:24:31',459,3,-0.11,NULL,'11','11',NULL,NULL,'0.11',NULL,'-0.11',NULL,0,NULL),(1570,333,0,0,NULL,NULL,0,NULL,NULL,1,'2013-12-18 15:24:31',458,4,0,NULL,'0','0',NULL,NULL,'0.00',NULL,'0.00',NULL,0,NULL),(1571,333,0,0,NULL,NULL,0,NULL,NULL,1,'2013-12-18 15:24:31',447,5,0,NULL,'0','0',NULL,NULL,'0.00',NULL,'0.00',NULL,0,NULL),(1572,333,-2,-2,NULL,NULL,-0.2,NULL,NULL,1,'2013-12-18 15:24:31',435,6,0.2,NULL,'-2','-2',NULL,NULL,'-0.2',NULL,'0.2',NULL,0,NULL),(1573,333,0,0,NULL,NULL,0,NULL,NULL,1,'2013-12-18 15:24:31',450,7,0,NULL,'0','0',NULL,NULL,'0.0',NULL,'0.0',NULL,0,NULL),(1574,333,0,0,NULL,NULL,0,NULL,NULL,1,'2013-12-18 15:24:31',443,8,0,NULL,'0','0',NULL,NULL,'0.0',NULL,'0.0',NULL,0,NULL),(1575,334,1,1,NULL,NULL,0.1,NULL,NULL,1,'2013-12-18 15:25:22',449,1,-0.1,NULL,'1','1',NULL,NULL,'0.1',NULL,'-0.1',NULL,0,NULL),(1576,334,-3,-3,NULL,NULL,-0.3,NULL,NULL,1,'2013-12-18 15:25:22',452,2,0.3,NULL,'-3','-3',NULL,NULL,'-0.3',NULL,'0.3',NULL,0,NULL),(1577,334,-3,-3,NULL,NULL,-0.3,NULL,NULL,1,'2013-12-18 15:25:22',445,3,0.3,NULL,'-3','-3',NULL,NULL,'-0.3',NULL,'0.3',NULL,0,NULL),(1578,334,0,0,NULL,NULL,0,NULL,NULL,1,'2013-12-18 15:25:22',453,4,0,NULL,'0','0',NULL,NULL,'0.0',NULL,'0.0',NULL,0,NULL),(1579,335,0,0,NULL,NULL,0,NULL,NULL,1,'2013-12-18 15:26:22',462,1,0.03,NULL,'0','0',NULL,NULL,'0.00',NULL,'0.03',NULL,0,NULL),(1580,336,-8,-8,NULL,NULL,-1.6,NULL,NULL,1,'2013-12-18 15:28:19',441,1,1.6,NULL,'-8','-8',NULL,NULL,'-1.6',NULL,'1.6',NULL,0,NULL),(1581,336,10,10,NULL,NULL,2,NULL,NULL,1,'2013-12-18 15:28:19',442,2,-2,NULL,'10','10',NULL,NULL,'2.0',NULL,'-2.0',NULL,0,NULL),(1582,336,-5,-5,NULL,NULL,-1,NULL,NULL,1,'2013-12-18 15:28:19',439,3,1,NULL,'-5','-5',NULL,NULL,'-1.0',NULL,'1.0',NULL,0,NULL),(1583,336,0,0,NULL,NULL,0,NULL,NULL,1,'2013-12-18 15:28:19',444,4,0,NULL,'0','0',NULL,NULL,'0.0',NULL,'0.0',NULL,0,NULL),(1584,336,-2,-2,NULL,NULL,-0.4,NULL,NULL,1,'2013-12-18 15:28:19',436,5,0.4,NULL,'-2','-2',NULL,NULL,'-0.4',NULL,'0.4',NULL,0,NULL),(1585,337,2,2,NULL,NULL,0.4,NULL,NULL,1,'2013-12-18 15:55:21',439,1,-0.4,NULL,'2','2',NULL,NULL,'0.4',NULL,'-0.4',NULL,0,NULL),(1586,337,3,3,NULL,NULL,0.6,NULL,NULL,1,'2013-12-18 15:55:21',436,2,-0.6,NULL,'3','3',NULL,NULL,'0.6',NULL,'-0.6',NULL,0,NULL),(1587,337,2,2,NULL,NULL,0.4,NULL,NULL,1,'2013-12-18 15:55:21',442,3,-0.4,NULL,'2','2',NULL,NULL,'0.4',NULL,'-0.4',NULL,0,NULL),(1588,337,-3,-3,NULL,NULL,-0.6,NULL,NULL,1,'2013-12-18 15:55:21',444,4,0.6,NULL,'-3','-3',NULL,NULL,'-0.6',NULL,'0.6',NULL,0,NULL),(1589,337,-5,-5,NULL,NULL,-1,NULL,NULL,1,'2013-12-18 15:55:21',441,5,1,NULL,'-5','-5',NULL,NULL,'-1.0',NULL,'1.0',NULL,0,NULL),(1590,338,-2,-2,NULL,NULL,-0.02,NULL,NULL,1,'2013-12-18 15:55:57',462,1,0.04,NULL,'-2','-2',NULL,NULL,'-0.02',NULL,'0.04',NULL,0,NULL),(1591,339,-1,-1,NULL,NULL,-0.05,NULL,NULL,1,'2013-12-18 16:01:23',456,1,0.05,NULL,'-1','-1',NULL,NULL,'-0.05',NULL,'0.05',NULL,0,NULL),(1592,339,20,20,NULL,NULL,1,NULL,NULL,1,'2013-12-18 16:01:23',457,2,-1,NULL,'20','20',NULL,NULL,'1.00',NULL,'-1.00',NULL,0,NULL),(1593,340,0,0,2,2,0,0.1,NULL,1,'2013-12-18 16:06:15',460,1,0,-0.1,'0','0','2','2','0.00','0.10','0.00','-0.10',0,0),(1594,340,0,0,4,4,0,0.2,NULL,1,'2013-12-18 16:06:15',461,2,0,-0.2,'0','0','4','4','0.00','0.20','0.00','-0.20',0,0),(1595,340,-5,-5,-2,-2,-0.25,-0.1,NULL,1,'2013-12-18 16:06:15',463,3,0.25,0.1,'-5','-5','-2','-2','-0.25','-0.10','0.25','0.10',0,0),(1596,340,-4,-4,-4,-4,-0.2,-0.2,NULL,1,'2013-12-18 16:06:15',464,4,0.2,0.2,'-4','-4','-4','-4','-0.20','-0.20','0.20','0.20',0,0),(1597,340,-2,-2,-4,-4,-0.1,-0.2,NULL,1,'2013-12-18 16:06:15',465,5,0.1,0.2,'-2','-2','-4','-4','-0.10','-0.20','0.10','0.20',0,0),(1598,341,0,0,NULL,NULL,0,NULL,NULL,1,'2013-12-18 16:51:41',462,1,0,NULL,'0','0',NULL,NULL,'0.00',NULL,'0.00',NULL,0,NULL),(1599,342,0,0,NULL,NULL,0,NULL,NULL,1,'2014-01-03 16:35:31',536,1,0,NULL,'0','0',NULL,NULL,'0.00',NULL,'0.00',NULL,0,NULL),(1600,342,-4,-4,NULL,NULL,-0.04,NULL,NULL,1,'2014-01-03 16:35:31',530,2,0.04,NULL,'-4','-4',NULL,NULL,'-0.04',NULL,'0.04',NULL,0,NULL),(1601,342,-10,-10,NULL,NULL,-0.1,NULL,NULL,1,'2014-01-03 16:35:31',516,3,0.1,NULL,'-10','-10',NULL,NULL,'-0.10',NULL,'0.10',NULL,0,NULL),(1602,342,0,0,NULL,NULL,0,NULL,NULL,1,'2014-01-03 16:35:31',515,4,0,NULL,'0','0',NULL,NULL,'0.00',NULL,'0.00',NULL,0,NULL),(1603,342,1,1,NULL,NULL,0.01,NULL,NULL,1,'2014-01-03 16:35:31',476,5,-0.01,NULL,'1','1',NULL,NULL,'0.01',NULL,'-0.01',NULL,0,NULL),(1604,342,40,40,NULL,NULL,0.4,NULL,NULL,1,'2014-01-03 16:35:31',481,6,-0.4,NULL,'40','40',NULL,NULL,'0.40',NULL,'-0.40',NULL,0,NULL),(1605,343,0,0,NULL,NULL,0,NULL,NULL,1,'2014-01-03 16:38:26',495,1,0,NULL,'0','0',NULL,NULL,'0.0',NULL,'0.0',NULL,0,NULL),(1606,343,0,0,NULL,NULL,0,NULL,NULL,1,'2014-01-03 16:38:26',547,2,0,NULL,'0','0',NULL,NULL,'0.0',NULL,'0.0',NULL,0,NULL),(1607,343,3,3,NULL,NULL,0.3,NULL,NULL,1,'2014-01-03 16:38:26',484,3,-0.3,NULL,'3','3',NULL,NULL,'0.3',NULL,'-0.3',NULL,0,NULL),(1608,343,0,0,NULL,NULL,0,NULL,NULL,1,'2014-01-03 16:38:26',486,4,0,NULL,'0','0',NULL,NULL,'0.0',NULL,'0.0',NULL,0,NULL),(1609,343,-13,-13,NULL,NULL,-1.3,NULL,NULL,1,'2014-01-03 16:38:26',469,5,1.3,NULL,'-13','-13',NULL,NULL,'-1.3',NULL,'1.3',NULL,0,NULL),(1610,343,-2,-2,NULL,NULL,-0.2,NULL,NULL,1,'2014-01-03 16:38:26',518,6,0.2,NULL,'-2','-2',NULL,NULL,'-0.2',NULL,'0.2',NULL,0,NULL),(1611,343,3,3,NULL,NULL,0.3,NULL,NULL,1,'2014-01-03 16:38:26',502,7,-0.3,NULL,'3','3',NULL,NULL,'0.3',NULL,'-0.3',NULL,0,NULL),(1612,343,2,2,NULL,NULL,0.2,NULL,NULL,1,'2014-01-03 16:38:26',504,8,-0.2,NULL,'2','2',NULL,NULL,'0.2',NULL,'-0.2',NULL,0,NULL),(1613,344,0,0,NULL,NULL,0,NULL,NULL,1,'2014-01-03 16:41:34',499,1,0,NULL,'0','0',NULL,NULL,'0.0',NULL,'0.0',NULL,0,NULL),(1614,344,0,0,NULL,NULL,0,NULL,NULL,1,'2014-01-03 16:41:34',466,2,0,NULL,'0','0',NULL,NULL,'0.0',NULL,'0.0',NULL,0,NULL),(1615,344,0,0,NULL,NULL,0,NULL,NULL,1,'2014-01-03 16:41:34',503,3,0,NULL,'0','0',NULL,NULL,'0.0',NULL,'0.0',NULL,0,NULL),(1616,344,-2,-2,NULL,NULL,-0.2,NULL,NULL,1,'2014-01-03 16:41:34',514,4,0.2,NULL,'-2','-2',NULL,NULL,'-0.2',NULL,'0.2',NULL,0,NULL),(1617,344,1,1,NULL,NULL,0.1,NULL,NULL,1,'2014-01-03 16:41:34',497,5,-0.1,NULL,'1','1',NULL,NULL,'0.1',NULL,'-0.1',NULL,0,NULL),(1618,344,-3,-3,NULL,NULL,-0.3,NULL,NULL,1,'2014-01-03 16:41:34',510,6,0.3,NULL,'-3','-3',NULL,NULL,'-0.3',NULL,'0.3',NULL,0,NULL),(1619,344,4,4,NULL,NULL,0.4,NULL,NULL,1,'2014-01-03 16:41:34',494,7,-0.4,NULL,'4','4',NULL,NULL,'0.4',NULL,'-0.4',NULL,0,NULL),(1620,344,-3,-3,NULL,NULL,-0.3,NULL,NULL,1,'2014-01-03 16:41:34',501,8,0.3,NULL,'-3','-3',NULL,NULL,'-0.3',NULL,'0.3',NULL,0,NULL),(1621,345,2,2,NULL,NULL,0.02,NULL,NULL,1,'2014-01-03 16:46:42',537,1,-0.02,NULL,'2','2',NULL,NULL,'0.02',NULL,'-0.02',NULL,0,NULL),(1622,346,10,10,10,10,0.5,0.5,NULL,1,'2014-01-03 16:50:08',540,1,-0.5,-0.5,'10','10','10','10','0.50','0.50','-0.50','-0.50',0,0),(1623,346,7,7,10,10,0.35,0.5,NULL,1,'2014-01-03 16:50:08',539,2,-0.35,-0.5,'7','7','10','10','0.35','0.50','-0.35','-0.50',0,0),(1624,346,3,3,2,2,0.15,0.1,NULL,1,'2014-01-03 16:50:08',546,3,-0.15,-0.1,'3','3','2','2','0.15','0.10','-0.15','-0.10',0,0),(1625,346,2,2,0,0,0.1,0,NULL,1,'2014-01-03 16:50:08',545,4,-0.1,0,'2','2','0','0','0.10','0.00','-0.10','0.00',0,0),(1626,347,10,10,NULL,NULL,2,NULL,NULL,1,'2014-01-03 17:07:45',520,1,-2,NULL,'10','10',NULL,NULL,'2.0',NULL,'-2.0',NULL,0,NULL),(1627,347,0,0,NULL,NULL,0,NULL,NULL,1,'2014-01-03 17:07:45',512,2,0,NULL,'0','0',NULL,NULL,'0.0',NULL,'0.0',NULL,0,NULL),(1628,347,-2,-2,NULL,NULL,-0.2,NULL,NULL,1,'2014-01-03 17:07:45',479,3,0.2,NULL,'-2','-2',NULL,NULL,'-0.2',NULL,'0.2',NULL,0,NULL),(1629,347,0,0,NULL,NULL,0,NULL,NULL,1,'2014-01-03 17:07:45',470,4,0,NULL,'0','0',NULL,NULL,'0.0',NULL,'0.0',NULL,0,NULL),(1630,347,2,2,NULL,NULL,0.1,NULL,NULL,1,'2014-01-03 17:07:45',521,5,-0.1,NULL,'2','2',NULL,NULL,'0.10',NULL,'-0.10',NULL,0,NULL),(1631,347,2,2,NULL,NULL,0.1,NULL,NULL,1,'2014-01-03 17:07:45',522,6,-0.1,NULL,'2','2',NULL,NULL,'0.10',NULL,'-0.10',NULL,0,NULL),(1632,347,3,3,NULL,NULL,0.3,NULL,NULL,1,'2014-01-03 17:07:45',513,7,-0.3,NULL,'3','3',NULL,NULL,'0.3',NULL,'-0.3',NULL,0,NULL),(1633,347,0,0,NULL,NULL,0,NULL,NULL,1,'2014-01-03 17:07:45',511,8,0,NULL,'0','0',NULL,NULL,'0.0',NULL,'0.0',NULL,0,NULL),(1634,348,17,17,NULL,NULL,0.85,NULL,NULL,1,'2014-01-03 17:11:28',549,1,-0.85,NULL,'17','17',NULL,NULL,'0.85',NULL,'-0.85',NULL,0,NULL),(1635,348,0,0,NULL,NULL,0,NULL,NULL,1,'2014-01-03 17:11:28',532,2,0,NULL,'0','0',NULL,NULL,'0.0',NULL,'0.0',NULL,0,NULL),(1636,348,2,2,NULL,NULL,0.4,NULL,NULL,1,'2014-01-03 17:11:28',480,3,-0.4,NULL,'2','2',NULL,NULL,'0.4',NULL,'-0.4',NULL,0,NULL),(1637,348,-1,-1,NULL,NULL,-0.2,NULL,NULL,1,'2014-01-03 17:11:28',496,4,0.2,NULL,'-1','-1',NULL,NULL,'-0.2',NULL,'0.2',NULL,0,NULL),(1638,348,20,20,NULL,NULL,1,NULL,NULL,1,'2014-01-03 17:11:28',482,5,-1,NULL,'20','20',NULL,NULL,'1.00',NULL,'-1.00',NULL,0,NULL),(1639,348,0,0,NULL,NULL,0,NULL,NULL,1,'2014-01-03 17:11:28',519,6,0,NULL,'0','0',NULL,NULL,'0.0',NULL,'0.0',NULL,0,NULL),(1640,348,5,5,NULL,NULL,1,NULL,NULL,1,'2014-01-03 17:11:28',487,7,-1,NULL,'5','5',NULL,NULL,'1.0',NULL,'-1.0',NULL,0,NULL),(1641,348,6,6,NULL,NULL,1.2,NULL,NULL,1,'2014-01-03 17:11:28',483,8,-1.2,NULL,'6','6',NULL,NULL,'1.2',NULL,'-1.2',NULL,0,NULL),(1642,349,10,10,NULL,NULL,0.1,NULL,NULL,1,'2014-01-03 17:24:10',475,1,-0.08,NULL,'10','10',NULL,NULL,'0.10',NULL,'-0.08',NULL,0,NULL),(1643,349,13,13,NULL,NULL,0.13,NULL,NULL,1,'2014-01-03 17:24:10',476,2,-0.11,NULL,'13','13',NULL,NULL,'0.13',NULL,'-0.11',NULL,0,NULL),(1644,349,22,22,NULL,NULL,0.22,NULL,NULL,1,'2014-01-03 17:24:10',481,3,-0.2,NULL,'22','22',NULL,NULL,'0.22',NULL,'-0.20',NULL,0,NULL),(1645,349,-5,-5,NULL,NULL,-0.05,NULL,NULL,1,'2014-01-03 17:24:10',536,4,0.07,NULL,'-5','-5',NULL,NULL,'-0.05',NULL,'0.07',NULL,0,NULL),(1646,349,10,10,NULL,NULL,0.1,NULL,NULL,1,'2014-01-03 17:24:10',515,5,-0.08,NULL,'10','10',NULL,NULL,'0.10',NULL,'-0.08',NULL,0,NULL),(1647,349,6,6,NULL,NULL,0.06,NULL,NULL,1,'2014-01-03 17:24:10',516,6,-0.04,NULL,'6','6',NULL,NULL,'0.06',NULL,'-0.04',NULL,0,NULL),(1648,349,-6,-6,NULL,NULL,-0.06,NULL,NULL,1,'2014-01-03 17:24:10',530,7,0.08,NULL,'-6','-6',NULL,NULL,'-0.06',NULL,'0.08',NULL,0,NULL),(1649,350,0,0,NULL,NULL,0,NULL,NULL,1,'2014-01-03 17:28:35',500,1,0,NULL,'0','0',NULL,NULL,'0.0',NULL,'0.0',NULL,0,NULL),(1650,350,0,0,NULL,NULL,0,NULL,NULL,1,'2014-01-03 17:28:35',493,2,0,NULL,'0','0',NULL,NULL,'0.0',NULL,'0.0',NULL,0,NULL),(1651,350,-2,-2,NULL,NULL,-0.4,NULL,NULL,1,'2014-01-03 17:28:35',472,3,0.4,NULL,'-2','-2',NULL,NULL,'-0.4',NULL,'0.4',NULL,0,NULL),(1652,350,0,0,NULL,NULL,0,NULL,NULL,1,'2014-01-03 17:28:35',492,4,0,NULL,'0','0',NULL,NULL,'0.0',NULL,'0.0',NULL,0,NULL),(1653,350,0,0,NULL,NULL,0,NULL,NULL,1,'2014-01-03 17:28:35',490,5,0,NULL,'0','0',NULL,NULL,'0.0',NULL,'0.0',NULL,0,NULL),(1654,350,-7,-7,NULL,NULL,-1.4,NULL,NULL,1,'2014-01-03 17:28:35',488,6,1.4,NULL,'-7','-7',NULL,NULL,'-1.4',NULL,'1.4',NULL,0,NULL),(1655,350,0,0,NULL,NULL,0,NULL,NULL,1,'2014-01-03 17:28:35',473,7,0,NULL,'0','0',NULL,NULL,'0.0',NULL,'0.0',NULL,0,NULL),(1656,350,0,0,NULL,NULL,0,NULL,NULL,1,'2014-01-03 17:28:35',506,8,0,NULL,'0','0',NULL,NULL,'0.0',NULL,'0.0',NULL,0,NULL),(1657,351,0,0,NULL,NULL,0,NULL,NULL,1,'2014-01-03 17:30:19',489,1,0,NULL,'0','0',NULL,NULL,'0.0',NULL,'0.0',NULL,0,NULL),(1658,351,10,10,NULL,NULL,2,NULL,NULL,1,'2014-01-03 17:30:19',468,2,-2,NULL,'10','10',NULL,NULL,'2.0',NULL,'-2.0',NULL,0,NULL),(1659,351,3,3,NULL,NULL,0.6,NULL,NULL,1,'2014-01-03 17:30:19',474,3,-0.6,NULL,'3','3',NULL,NULL,'0.6',NULL,'-0.6',NULL,0,NULL),(1660,351,0,0,NULL,NULL,0,NULL,NULL,1,'2014-01-03 17:30:19',485,4,0,NULL,'0','0',NULL,NULL,'0.0',NULL,'0.0',NULL,0,NULL),(1661,351,0,0,NULL,NULL,0,NULL,NULL,1,'2014-01-03 17:30:19',523,5,0,NULL,'0','0',NULL,NULL,'0.0',NULL,'0.0',NULL,0,NULL),(1662,351,0,0,NULL,NULL,0,NULL,NULL,1,'2014-01-03 17:30:19',524,6,0,NULL,'0','0',NULL,NULL,'0.0',NULL,'0.0',NULL,0,NULL),(1663,351,2,2,NULL,NULL,0.4,NULL,NULL,1,'2014-01-03 17:30:19',505,7,-0.4,NULL,'2','2',NULL,NULL,'0.4',NULL,'-0.4',NULL,0,NULL),(1664,351,-2,-2,NULL,NULL,-0.4,NULL,NULL,1,'2014-01-03 17:30:19',491,8,0.4,NULL,'-2','-2',NULL,NULL,'-0.4',NULL,'0.4',NULL,0,NULL),(1665,352,0,0,-5,-5,0,-0.25,NULL,1,'2014-01-03 17:30:42',543,1,0,0.25,'0','0','-5','-5','0.00','-0.25','0.00','0.25',0,0),(1666,352,-8,-8,-8,-8,-0.4,-0.4,NULL,1,'2014-01-03 17:30:42',542,2,0.4,0.4,'-8','-8','-8','-8','-0.40','-0.40','0.40','0.40',0,0),(1667,352,10,10,10,10,0.5,0.5,NULL,1,'2014-01-03 17:30:42',544,3,-0.5,-0.5,'10','10','10','10','0.50','0.50','-0.50','-0.50',0,0),(1668,352,10,10,10,10,0.5,0.5,NULL,1,'2014-01-03 17:30:42',535,4,-0.5,-0.5,'10','10','10','10','0.50','0.50','-0.50','-0.50',0,0),(1669,353,NULL,NULL,NULL,NULL,NULL,NULL,NULL,1,'2014-01-03 17:36:29',508,1,NULL,NULL,'/','/',NULL,NULL,NULL,NULL,NULL,NULL,1,NULL),(1670,353,8,8,NULL,NULL,0.4,NULL,NULL,1,'2014-01-03 17:36:29',509,2,-0.4,NULL,'8','8',NULL,NULL,'0.40',NULL,'-0.40',NULL,0,NULL),(1671,353,9,9,NULL,NULL,0.45,NULL,NULL,1,'2014-01-03 17:36:29',507,3,-0.45,NULL,'9','9',NULL,NULL,'0.45',NULL,'-0.45',NULL,0,NULL),(1672,353,10,10,NULL,NULL,0.1,NULL,NULL,1,'2014-01-03 17:36:29',537,4,-0.09,NULL,'10','10',NULL,NULL,'0.10',NULL,'-0.09',NULL,0,NULL),(1673,354,7,7,NULL,NULL,1.4,NULL,NULL,1,'2014-01-03 17:39:26',498,1,-1.4,NULL,'7','7',NULL,NULL,'1.4',NULL,'-1.4',NULL,0,NULL),(1674,354,3,3,NULL,NULL,0.6,NULL,NULL,1,'2014-01-03 17:39:26',548,2,-0.6,NULL,'3','3',NULL,NULL,'0.6',NULL,'-0.6',NULL,0,NULL),(1675,355,10,10,NULL,NULL,0.1,NULL,NULL,1,'2014-01-04 12:17:49',515,1,-0.02,NULL,'10','10',NULL,NULL,'0.10',NULL,'-0.02',NULL,0,NULL),(1676,355,12,12,NULL,NULL,0.12,NULL,NULL,1,'2014-01-04 12:17:49',475,2,-0.04,NULL,'12','12',NULL,NULL,'0.12',NULL,'-0.04',NULL,0,NULL),(1677,355,21,21,NULL,NULL,0.21,NULL,NULL,1,'2014-01-04 12:17:49',481,3,-0.13,NULL,'21','21',NULL,NULL,'0.21',NULL,'-0.13',NULL,0,NULL),(1678,355,20,20,NULL,NULL,0.2,NULL,NULL,1,'2014-01-04 12:17:49',530,4,-0.12,NULL,'20','20',NULL,NULL,'0.20',NULL,'-0.12',NULL,0,NULL),(1679,355,5,5,NULL,NULL,0.05,NULL,NULL,1,'2014-01-04 12:17:49',536,5,0.03,NULL,'5','5',NULL,NULL,'0.05',NULL,'0.03',NULL,0,NULL),(1680,355,21,21,NULL,NULL,0.21,NULL,NULL,1,'2014-01-04 12:17:49',516,6,-0.13,NULL,'21','21',NULL,NULL,'0.21',NULL,'-0.13',NULL,0,NULL),(1681,355,10,10,NULL,NULL,0.1,NULL,NULL,1,'2014-01-04 12:17:49',476,7,-0.02,NULL,'10','10',NULL,NULL,'0.10',NULL,'-0.02',NULL,0,NULL),(1682,356,4,4,NULL,NULL,0.2,NULL,NULL,1,'2014-01-04 12:29:25',507,1,-0.15,NULL,'4','4',NULL,NULL,'0.20',NULL,'-0.15',NULL,0,NULL),(1683,356,7,7,NULL,NULL,0.35,NULL,NULL,1,'2014-01-04 12:29:25',509,2,-0.3,NULL,'7','7',NULL,NULL,'0.35',NULL,'-0.30',NULL,0,NULL),(1684,356,5,5,NULL,NULL,0.05,NULL,NULL,1,'2014-01-04 12:29:25',537,3,0.02,NULL,'5','5',NULL,NULL,'0.05',NULL,'0.02',NULL,0,NULL),(1685,357,2,2,NULL,NULL,0.02,NULL,NULL,1,'2014-01-04 12:32:36',531,1,0.09,NULL,'2','2',NULL,NULL,'0.02',NULL,'0.09',NULL,0,NULL),(1686,358,-7,-7,-3,-3,-0.35,-0.15,NULL,1,'2014-01-04 12:37:35',541,1,0.35,0.15,'-7','-7','-3','-3','-0.35','-0.15','0.35','0.15',0,0),(1687,358,-10,-10,-7,-7,-0.5,-0.35,NULL,1,'2014-01-04 12:37:35',539,2,0.5,0.35,'-10','-10','-7','-7','-0.50','-0.35','0.50','0.35',0,0),(1688,358,-10,-10,0,0,-0.5,0,NULL,1,'2014-01-04 12:37:35',540,3,0.5,0,'-10','-10','0','0','-0.50','0.00','0.50','0.00',0,0),(1689,358,-8,-8,-7,-7,-0.4,-0.35,NULL,1,'2014-01-04 12:37:35',546,4,0.4,0.35,'-8','-8','-7','-7','-0.40','-0.35','0.40','0.35',0,0),(1690,359,0,0,0,0,0,0,NULL,1,'2014-01-04 12:51:06',545,1,0,0,'0','0','0','0','0.00','0.00','0.00','0.00',0,0),(1691,359,-8,-8,-10,-10,-0.4,-0.5,NULL,1,'2014-01-04 12:51:06',542,2,0.4,0.5,'-8','-8','-10','-10','-0.40','-0.50','0.40','0.50',0,0),(1692,359,-2,-2,3,3,-0.1,0.15,NULL,1,'2014-01-04 12:51:06',535,3,0.1,-0.15,'-2','-2','3','3','-0.10','0.15','0.10','-0.15',0,0),(1693,359,-4,-4,-10,-10,-0.2,-0.5,NULL,1,'2014-01-04 12:51:06',543,4,0.2,0.5,'-4','-4','-10','-10','-0.20','-0.50','0.20','0.50',0,0),(1694,360,-5,-5,NULL,NULL,-0.25,NULL,NULL,1,'2014-01-04 12:52:23',517,1,0.25,NULL,'-5','-5',NULL,NULL,'-0.25',NULL,'0.25',NULL,0,NULL),(1695,361,0,0,2,2,0,0.1,NULL,1,'2014-01-04 12:57:21',544,1,0,-0.1,'0','0','2','2','0.00','0.10','0.00','-0.10',0,0),(1696,361,5,5,5,5,0.25,0.25,NULL,1,'2014-01-04 12:57:21',534,2,-0.25,-0.25,'5','5','5','5','0.25','0.25','-0.25','-0.25',0,0),(1697,361,2,2,3,3,0.2,0.3,NULL,1,'2014-01-04 12:57:21',538,3,-0.2,-0.3,'2','2','3','3','0.2','0.3','-0.2','-0.3',0,0),(1698,362,3,3,NULL,NULL,0.03,NULL,NULL,1,'2014-01-04 13:01:05',530,1,0.04,NULL,'3','3',NULL,NULL,'0.03',NULL,'0.04',NULL,0,NULL),(1699,362,37,37,NULL,NULL,0.37,NULL,NULL,1,'2014-01-04 13:01:05',516,2,-0.3,NULL,'37','37',NULL,NULL,'0.37',NULL,'-0.30',NULL,0,NULL),(1700,362,10,10,NULL,NULL,0.1,NULL,NULL,1,'2014-01-04 13:01:05',475,3,-0.03,NULL,'10','10',NULL,NULL,'0.10',NULL,'-0.03',NULL,0,NULL),(1701,362,16,16,NULL,NULL,0.16,NULL,NULL,1,'2014-01-04 13:01:05',476,4,-0.09,NULL,'16','16',NULL,NULL,'0.16',NULL,'-0.09',NULL,0,NULL),(1702,362,-3,-3,NULL,NULL,-0.03,NULL,NULL,1,'2014-01-04 13:01:05',536,5,0.1,NULL,'-3','-3',NULL,NULL,'-0.03',NULL,'0.10',NULL,0,NULL),(1703,362,20,20,NULL,NULL,0.2,NULL,NULL,1,'2014-01-04 13:01:05',481,6,-0.13,NULL,'20','20',NULL,NULL,'0.20',NULL,'-0.13',NULL,0,NULL),(1704,362,0,0,NULL,NULL,0,NULL,NULL,1,'2014-01-04 13:01:05',515,7,0.07,NULL,'0','0',NULL,NULL,'0.00',NULL,'0.07',NULL,0,NULL),(1705,362,3,3,NULL,NULL,0.03,NULL,NULL,1,'2014-01-04 13:01:05',537,8,0.04,NULL,'3','3',NULL,NULL,'0.03',NULL,'0.04',NULL,0,NULL),(1706,363,-3,-3,NULL,NULL,-0.3,NULL,NULL,1,'2014-01-04 13:20:52',529,1,0.4,NULL,'-3','-3',NULL,NULL,'-0.3',NULL,'0.4',NULL,0,NULL),(1707,363,3,3,NULL,NULL,0.3,NULL,NULL,1,'2014-01-04 13:20:52',528,2,-0.2,NULL,'3','3',NULL,NULL,'0.3',NULL,'-0.2',NULL,0,NULL),(1708,363,-8,-8,NULL,NULL,-0.8,NULL,NULL,1,'2014-01-04 13:20:52',533,3,0.9,NULL,'-8','-8',NULL,NULL,'-0.8',NULL,'0.9',NULL,0,NULL),(1709,363,-6,-6,NULL,NULL,-0.6,NULL,NULL,1,'2014-01-04 13:20:52',471,4,0.7,NULL,'-6','-6',NULL,NULL,'-0.6',NULL,'0.7',NULL,0,NULL),(1710,363,0,0,NULL,NULL,0,NULL,NULL,1,'2014-01-04 13:20:52',478,5,0.1,NULL,'0','0',NULL,NULL,'0.0',NULL,'0.1',NULL,0,NULL),(1711,363,0,0,NULL,NULL,0,NULL,NULL,1,'2014-01-04 13:20:52',467,6,0.05,NULL,'0','0',NULL,NULL,'0.00',NULL,'0.05',NULL,0,NULL),(1712,363,3,3,NULL,NULL,0.3,NULL,NULL,1,'2014-01-04 13:20:52',527,7,-0.2,NULL,'3','3',NULL,NULL,'0.3',NULL,'-0.2',NULL,0,NULL),(1713,363,2,2,NULL,NULL,0.2,NULL,NULL,1,'2014-01-04 13:20:52',525,8,-0.1,NULL,'2','2',NULL,NULL,'0.2',NULL,'-0.1',NULL,0,NULL),(1714,364,2,2,NULL,NULL,0.2,NULL,NULL,1,'2014-01-04 13:21:51',526,1,-0.1,NULL,'2','2',NULL,NULL,'0.2',NULL,'-0.1',NULL,0,NULL),(1715,364,2,2,NULL,NULL,0.2,NULL,NULL,1,'2014-01-04 13:21:51',477,2,-0.1,NULL,'2','2',NULL,NULL,'0.2',NULL,'-0.1',NULL,0,NULL),(1716,365,22,22,NULL,NULL,0.22,NULL,NULL,1,'2014-01-04 13:27:08',476,1,-0.18,NULL,'22','22',NULL,NULL,'0.22',NULL,'-0.18',NULL,0,NULL),(1717,365,7,7,NULL,NULL,0.07,NULL,NULL,1,'2014-01-04 13:27:08',475,2,-0.03,NULL,'7','7',NULL,NULL,'0.07',NULL,'-0.03',NULL,0,NULL),(1718,365,10,10,NULL,NULL,0.1,NULL,NULL,1,'2014-01-04 13:27:08',516,3,-0.06,NULL,'10','10',NULL,NULL,'0.10',NULL,'-0.06',NULL,0,NULL),(1719,365,3,3,NULL,NULL,0.03,NULL,NULL,1,'2014-01-04 13:27:08',530,4,0.01,NULL,'3','3',NULL,NULL,'0.03',NULL,'0.01',NULL,0,NULL),(1720,365,0,0,NULL,NULL,0,NULL,NULL,1,'2014-01-04 13:27:08',536,5,0.04,NULL,'0','0',NULL,NULL,'0.00',NULL,'0.04',NULL,0,NULL),(1721,365,18,18,NULL,NULL,0.18,NULL,NULL,1,'2014-01-04 13:27:08',515,6,-0.14,NULL,'18','18',NULL,NULL,'0.18',NULL,'-0.14',NULL,0,NULL),(1722,365,10,10,NULL,NULL,0.1,NULL,NULL,1,'2014-01-04 13:27:08',481,7,-0.06,NULL,'10','10',NULL,NULL,'0.10',NULL,'-0.06',NULL,0,NULL),(1723,365,6,6,NULL,NULL,0.06,NULL,NULL,1,'2014-01-04 13:27:08',537,8,-0.02,NULL,'6','6',NULL,NULL,'0.06',NULL,'-0.02',NULL,0,NULL),(1724,366,-2,-2,NULL,NULL,-0.2,NULL,NULL,1,'2014-01-04 13:30:32',479,1,0.3,NULL,'-2','-2',NULL,NULL,'-0.2',NULL,'0.3',NULL,0,NULL),(1725,366,-10,-10,NULL,NULL,-1,NULL,NULL,1,'2014-01-04 13:30:32',469,2,1.1,NULL,'-10','-10',NULL,NULL,'-1.0',NULL,'1.1',NULL,0,NULL),(1726,366,1,1,NULL,NULL,0.1,NULL,NULL,1,'2014-01-04 13:30:32',470,3,0,NULL,'1','1',NULL,NULL,'0.1',NULL,'0.0',NULL,0,NULL),(1727,366,0,0,NULL,NULL,0,NULL,NULL,1,'2014-01-04 13:30:32',503,4,0.1,NULL,'0','0',NULL,NULL,'0.0',NULL,'0.1',NULL,0,NULL),(1728,366,0,0,NULL,NULL,0,NULL,NULL,1,'2014-01-04 13:30:32',504,5,0.1,NULL,'0','0',NULL,NULL,'0.0',NULL,'0.1',NULL,0,NULL),(1729,366,3,3,NULL,NULL,0.3,NULL,NULL,1,'2014-01-04 13:30:32',511,6,-0.2,NULL,'3','3',NULL,NULL,'0.3',NULL,'-0.2',NULL,0,NULL),(1730,366,0,0,NULL,NULL,0,NULL,NULL,1,'2014-01-04 13:30:32',502,7,0.1,NULL,'0','0',NULL,NULL,'0.0',NULL,'0.1',NULL,0,NULL),(1731,366,0,0,NULL,NULL,0,NULL,NULL,1,'2014-01-04 13:30:32',497,8,0.1,NULL,'0','0',NULL,NULL,'0.0',NULL,'0.1',NULL,0,NULL),(1732,367,-7,-7,NULL,NULL,-0.7,NULL,NULL,1,'2014-01-04 13:31:29',513,1,0.8,NULL,'-7','-7',NULL,NULL,'-0.7',NULL,'0.8',NULL,0,NULL),(1733,367,0,0,NULL,NULL,0,NULL,NULL,1,'2014-01-04 13:31:29',521,2,0.05,NULL,'0','0',NULL,NULL,'0.00',NULL,'0.05',NULL,0,NULL),(1734,367,-8,-8,NULL,NULL,-0.8,NULL,NULL,1,'2014-01-04 13:31:29',514,3,0.9,NULL,'-8','-8',NULL,NULL,'-0.8',NULL,'0.9',NULL,0,NULL),(1735,367,0,0,NULL,NULL,0,NULL,NULL,1,'2014-01-04 13:31:29',486,4,0.1,NULL,'0','0',NULL,NULL,'0.0',NULL,'0.1',NULL,0,NULL),(1736,368,3,3,NULL,NULL,0.15,NULL,NULL,1,'2014-01-04 13:33:40',517,1,-0.15,NULL,'3','3',NULL,NULL,'0.15',NULL,'-0.15',NULL,0,NULL),(1737,369,-7,-7,NULL,NULL,-0.7,NULL,NULL,1,'2014-01-04 13:38:31',471,1,0.7,NULL,'-7','-7',NULL,NULL,'-0.7',NULL,'0.7',NULL,0,NULL),(1738,369,4,4,NULL,NULL,0.4,NULL,NULL,1,'2014-01-04 13:38:31',478,2,-0.4,NULL,'4','4',NULL,NULL,'0.4',NULL,'-0.4',NULL,0,NULL),(1739,369,0,0,NULL,NULL,0,NULL,NULL,1,'2014-01-04 13:38:31',467,3,0.05,NULL,'0','0',NULL,NULL,'0.00',NULL,'0.05',NULL,0,NULL),(1740,369,2,2,NULL,NULL,0.2,NULL,NULL,1,'2014-01-04 13:38:31',477,4,-0.2,NULL,'2','2',NULL,NULL,'0.2',NULL,'-0.2',NULL,0,NULL),(1741,370,0,0,NULL,NULL,0,NULL,NULL,1,'2014-01-04 13:42:54',466,1,0.1,NULL,'0','0',NULL,NULL,'0.0',NULL,'0.1',NULL,0,NULL),(1742,370,0,0,NULL,NULL,0,NULL,NULL,1,'2014-01-04 13:42:54',495,2,0.1,NULL,'0','0',NULL,NULL,'0.0',NULL,'0.1',NULL,0,NULL),(1743,370,0,0,NULL,NULL,0,NULL,NULL,1,'2014-01-04 13:42:54',518,3,0.1,NULL,'0','0',NULL,NULL,'0.0',NULL,'0.1',NULL,0,NULL),(1744,370,5,5,NULL,NULL,0.5,NULL,NULL,1,'2014-01-04 13:42:54',499,4,-0.4,NULL,'5','5',NULL,NULL,'0.5',NULL,'-0.4',NULL,0,NULL),(1745,370,1,1,NULL,NULL,0.1,NULL,NULL,1,'2014-01-04 13:42:54',484,5,0,NULL,'1','1',NULL,NULL,'0.1',NULL,'0.0',NULL,0,NULL),(1746,370,-1,-1,NULL,NULL,-0.1,NULL,NULL,1,'2014-01-04 13:42:54',547,6,0.2,NULL,'-1','-1',NULL,NULL,'-0.1',NULL,'0.2',NULL,0,NULL),(1747,370,0,0,NULL,NULL,0,NULL,NULL,1,'2014-01-04 13:42:54',522,7,0.05,NULL,'0','0',NULL,NULL,'0.00',NULL,'0.05',NULL,0,NULL),(1748,370,-3,-3,NULL,NULL,-0.3,NULL,NULL,1,'2014-01-04 13:42:54',510,8,0.4,NULL,'-3','-3',NULL,NULL,'-0.3',NULL,'0.4',NULL,0,NULL),(1749,371,-7,-7,NULL,NULL,-0.7,NULL,NULL,1,'2014-01-04 13:44:24',501,1,0.8,NULL,'-7','-7',NULL,NULL,'-0.7',NULL,'0.8',NULL,0,NULL),(1750,371,0,0,NULL,NULL,0,NULL,NULL,1,'2014-01-04 13:44:24',494,2,0.1,NULL,'0','0',NULL,NULL,'0.0',NULL,'0.1',NULL,0,NULL),(1751,372,0,0,-7,-7,0,-0.35,NULL,1,'2014-01-04 13:59:57',543,1,0.05,0.4,'0','0','-7','-7','0.00','-0.35','0.05','0.40',0,0),(1752,372,3,3,8,8,0.15,0.4,NULL,1,'2014-01-04 13:59:57',544,2,-0.1,-0.35,'3','3','8','8','0.15','0.40','-0.10','-0.35',0,0),(1753,372,7,7,3,3,0.35,0.15,NULL,1,'2014-01-04 13:59:57',534,3,-0.3,-0.1,'7','7','3','3','0.35','0.15','-0.30','-0.10',0,0),(1754,372,8,8,3,3,0.8,0.3,NULL,1,'2014-01-04 13:59:57',538,4,-0.8,-0.3,'8','8','3','3','0.8','0.3','-0.8','-0.3',0,0),(1755,373,-2,-2,NULL,NULL,-0.4,NULL,NULL,1,'2014-01-04 14:02:15',480,1,0.4,NULL,'-2','-2',NULL,NULL,'-0.4',NULL,'0.4',NULL,0,NULL),(1756,373,-5,-5,NULL,NULL,-1,NULL,NULL,1,'2014-01-04 14:02:15',512,2,1,NULL,'-5','-5',NULL,NULL,'-1.0',NULL,'1.0',NULL,0,NULL),(1757,373,-4,-4,NULL,NULL,-0.8,NULL,NULL,1,'2014-01-04 14:02:15',483,3,0.8,NULL,'-4','-4',NULL,NULL,'-0.8',NULL,'0.8',NULL,0,NULL),(1758,373,-7,-7,NULL,NULL,-1.4,NULL,NULL,1,'2014-01-04 14:02:15',519,4,1.4,NULL,'-7','-7',NULL,NULL,'-1.4',NULL,'1.4',NULL,0,NULL),(1759,373,0,0,NULL,NULL,0,NULL,NULL,1,'2014-01-04 14:02:15',532,5,0,NULL,'0','0',NULL,NULL,'0.0',NULL,'0.0',NULL,0,NULL),(1760,373,NULL,NULL,NULL,NULL,NULL,NULL,NULL,1,'2014-01-04 14:02:15',520,6,NULL,NULL,'%','%',NULL,NULL,NULL,NULL,NULL,NULL,2,NULL),(1761,373,NULL,NULL,NULL,NULL,NULL,NULL,NULL,1,'2014-01-04 14:02:15',482,7,NULL,NULL,'%','%',NULL,NULL,NULL,NULL,NULL,NULL,2,NULL),(1762,373,-5,-5,NULL,NULL,-1,NULL,NULL,1,'2014-01-04 14:02:15',487,8,1,NULL,'-5','-5',NULL,NULL,'-1.0',NULL,'1.0',NULL,0,NULL),(1763,374,-4,-4,NULL,NULL,-0.8,NULL,NULL,1,'2014-01-04 14:03:05',496,1,0.8,NULL,'-4','-4',NULL,NULL,'-0.8',NULL,'0.8',NULL,0,NULL),(1764,374,NULL,NULL,NULL,NULL,NULL,NULL,NULL,1,'2014-01-04 14:03:05',549,2,NULL,NULL,'%','%',NULL,NULL,NULL,NULL,NULL,NULL,2,NULL),(1765,374,0,0,NULL,NULL,0,NULL,NULL,1,'2014-01-04 14:03:05',548,3,0,NULL,'0','0',NULL,NULL,'0.0',NULL,'0.0',NULL,0,NULL),(1766,374,0,0,NULL,NULL,0,NULL,NULL,1,'2014-01-04 14:03:05',498,4,0,NULL,'0','0',NULL,NULL,'0.0',NULL,'0.0',NULL,0,NULL),(1767,375,3,3,NULL,NULL,0.3,NULL,NULL,1,'2014-01-04 14:14:09',526,1,-0.3,NULL,'3','3',NULL,NULL,'0.3',NULL,'-0.3',NULL,0,NULL),(1768,375,0,0,NULL,NULL,0,NULL,NULL,1,'2014-01-04 14:14:09',525,2,0,NULL,'0','0',NULL,NULL,'0.0',NULL,'0.0',NULL,0,NULL),(1769,375,0,0,NULL,NULL,0,NULL,NULL,1,'2014-01-04 14:14:09',529,3,0,NULL,'0','0',NULL,NULL,'0.0',NULL,'0.0',NULL,0,NULL),(1770,375,2,2,NULL,NULL,0.2,NULL,NULL,1,'2014-01-04 14:14:09',528,4,-0.2,NULL,'2','2',NULL,NULL,'0.2',NULL,'-0.2',NULL,0,NULL),(1771,375,0,0,NULL,NULL,0,NULL,NULL,1,'2014-01-04 14:14:09',527,5,0,NULL,'0','0',NULL,NULL,'0.0',NULL,'0.0',NULL,0,NULL),(1772,376,7,7,NULL,NULL,0.07,NULL,NULL,1,'2014-01-04 14:19:05',531,1,0,NULL,'7','7',NULL,NULL,'0.07',NULL,'0.00',NULL,0,NULL),(1773,377,-8,-8,NULL,NULL,-1.6,NULL,NULL,1,'2014-01-04 14:29:53',491,1,1.6,NULL,'-8','-8',NULL,NULL,'-1.6',NULL,'1.6',NULL,0,NULL),(1774,377,-14,-14,NULL,NULL,-2.8,NULL,NULL,1,'2014-01-04 14:29:53',523,2,2.8,NULL,'-14','-14',NULL,NULL,'-2.8',NULL,'2.8',NULL,0,NULL),(1775,377,-20,-20,NULL,NULL,-4,NULL,NULL,1,'2014-01-04 14:29:53',492,3,4,NULL,'-20','-20',NULL,NULL,'-4.0',NULL,'4.0',NULL,0,NULL),(1776,377,-5,-5,NULL,NULL,-0.5,NULL,NULL,1,'2014-01-04 14:29:53',524,4,0.5,NULL,'-5','-5',NULL,NULL,'-0.5',NULL,'0.5',NULL,0,NULL),(1777,377,0,0,NULL,NULL,0,NULL,NULL,1,'2014-01-04 14:29:53',472,5,0,NULL,'0','0',NULL,NULL,'0.0',NULL,'0.0',NULL,0,NULL),(1778,377,-4,-4,NULL,NULL,-0.8,NULL,NULL,1,'2014-01-04 14:29:53',474,6,0.8,NULL,'-4','-4',NULL,NULL,'-0.8',NULL,'0.8',NULL,0,NULL),(1779,377,-10,-10,NULL,NULL,-2,NULL,NULL,1,'2014-01-04 14:29:53',493,7,2,NULL,'-10','-10',NULL,NULL,'-2.0',NULL,'2.0',NULL,0,NULL),(1780,377,-5,-5,NULL,NULL,-1,NULL,NULL,1,'2014-01-04 14:29:53',473,8,1,NULL,'-5','-5',NULL,NULL,'-1.0',NULL,'1.0',NULL,0,NULL),(1781,378,-10,-10,NULL,NULL,-2,NULL,NULL,1,'2014-01-04 14:31:30',505,1,2,NULL,'-10','-10',NULL,NULL,'-2.0',NULL,'2.0',NULL,0,NULL),(1782,378,-16,-16,NULL,NULL,-3.2,NULL,NULL,1,'2014-01-04 14:31:30',488,2,3.2,NULL,'-16','-16',NULL,NULL,'-3.2',NULL,'3.2',NULL,0,NULL),(1783,378,0,0,NULL,NULL,0,NULL,NULL,1,'2014-01-04 14:31:30',468,3,0,NULL,'0','0',NULL,NULL,'0.0',NULL,'0.0',NULL,0,NULL),(1784,378,-18,-18,NULL,NULL,-3.6,NULL,NULL,1,'2014-01-04 14:31:30',490,4,3.6,NULL,'-18','-18',NULL,NULL,'-3.6',NULL,'3.6',NULL,0,NULL),(1785,378,-3,-3,NULL,NULL,-0.6,NULL,NULL,1,'2014-01-04 14:31:30',485,5,0.6,NULL,'-3','-3',NULL,NULL,'-0.6',NULL,'0.6',NULL,0,NULL),(1786,378,-9,-9,NULL,NULL,-1.8,NULL,NULL,1,'2014-01-04 14:31:30',506,6,1.8,NULL,'-9','-9',NULL,NULL,'-1.8',NULL,'1.8',NULL,0,NULL),(1787,378,0,0,NULL,NULL,0,NULL,NULL,1,'2014-01-04 14:31:30',500,7,0,NULL,'0','0',NULL,NULL,'0.0',NULL,'0.0',NULL,0,NULL),(1788,378,-10,-10,NULL,NULL,-2,NULL,NULL,1,'2014-01-04 14:31:30',489,8,2,NULL,'-10','-10',NULL,NULL,'-2.0',NULL,'2.0',NULL,0,NULL),(1789,379,-8,-8,-8,-8,-0.4,-0.4,NULL,1,'2014-01-04 14:40:59',542,1,0.45,0.45,'-8','-8','-8','-8','-0.40','-0.40','0.45','0.45',0,0),(1790,379,-2,-2,2,2,-0.1,0.1,NULL,1,'2014-01-04 14:40:59',539,2,0.15,-0.05,'-2','-2','2','2','-0.10','0.10','0.15','-0.05',0,0),(1791,379,2,2,0,0,0.1,0,NULL,1,'2014-01-04 14:40:59',541,3,-0.05,0.05,'2','2','0','0','0.10','0.00','-0.05','0.05',0,0),(1792,379,-5,-5,3,3,-0.25,0.15,NULL,1,'2014-01-04 14:40:59',540,4,0.3,-0.1,'-5','-5','3','3','-0.25','0.15','0.30','-0.10',0,0),(1793,380,10,10,NULL,NULL,0.1,NULL,NULL,1,'2014-01-04 14:42:40',531,1,0.05,NULL,'10','10',NULL,NULL,'0.10',NULL,'0.05',NULL,0,NULL),(1794,381,0,0,NULL,NULL,0,NULL,NULL,1,'2014-01-04 14:55:59',517,1,0.05,NULL,'0','0',NULL,NULL,'0.00',NULL,'0.05',NULL,0,NULL),(1795,382,0,0,NULL,NULL,0,NULL,NULL,1,'2014-01-04 15:19:57',531,1,0.03,NULL,'0','0',NULL,NULL,'0.00',NULL,'0.03',NULL,0,NULL),(1796,383,-4,-4,6,6,-0.2,0.3,NULL,1,'2014-01-04 15:25:50',535,1,0.25,-0.25,'-4','-4','6','6','-0.20','0.30','0.25','-0.25',0,0),(1797,383,2,2,-4,-4,0.1,-0.2,NULL,1,'2014-01-04 15:25:50',546,2,-0.05,0.25,'2','2','-4','-4','0.10','-0.20','-0.05','0.25',0,0),(1798,383,0,0,-1,-1,0,-0.05,NULL,1,'2014-01-04 15:25:50',545,3,0.05,0.1,'0','0','-1','-1','0.00','-0.05','0.05','0.10',0,0),(1799,384,7,7,3,3,0.35,0.15,NULL,1,'2014-01-04 15:28:57',534,1,-0.35,-0.15,'7','7','3','3','0.35','0.15','-0.35','-0.15',0,0),(1800,384,4,4,3,3,0.4,0.3,NULL,1,'2014-01-04 15:28:57',538,2,-0.4,-0.3,'4','4','3','3','0.4','0.3','-0.4','-0.3',0,0),(1801,384,0,0,0,0,0,0,NULL,1,'2014-01-04 15:28:57',541,3,0,0,'0','0','0','0','0.00','0.00','0.00','0.00',0,0),(1802,385,-18,-18,NULL,NULL,-3.6,NULL,NULL,1,'2014-01-04 15:36:10',468,1,3.6,NULL,'-18','-18',NULL,NULL,'-3.6',NULL,'3.6',NULL,0,NULL),(1803,385,-13,-13,NULL,NULL,-2.6,NULL,NULL,1,'2014-01-04 15:36:10',490,2,2.6,NULL,'-13','-13',NULL,NULL,'-2.6',NULL,'2.6',NULL,0,NULL),(1804,385,8,8,NULL,NULL,1.6,NULL,NULL,1,'2014-01-04 15:36:10',489,3,-1.6,NULL,'8','8',NULL,NULL,'1.6',NULL,'-1.6',NULL,0,NULL),(1805,385,-17,-17,NULL,NULL,-3.4,NULL,NULL,1,'2014-01-04 15:36:10',523,4,3.4,NULL,'-17','-17',NULL,NULL,'-3.4',NULL,'3.4',NULL,0,NULL),(1806,385,0,0,NULL,NULL,0,NULL,NULL,1,'2014-01-04 15:36:10',500,5,0,NULL,'0','0',NULL,NULL,'0.0',NULL,'0.0',NULL,0,NULL),(1807,385,-28,-28,NULL,NULL,-5.6,NULL,NULL,1,'2014-01-04 15:36:10',491,6,5.6,NULL,'-28','-28',NULL,NULL,'-5.6',NULL,'5.6',NULL,0,NULL),(1808,385,14,14,NULL,NULL,2.8,NULL,NULL,1,'2014-01-04 15:36:10',488,7,-2.8,NULL,'14','14',NULL,NULL,'2.8',NULL,'-2.8',NULL,0,NULL),(1809,385,3,3,NULL,NULL,0.6,NULL,NULL,1,'2014-01-04 15:36:10',493,8,-0.6,NULL,'3','3',NULL,NULL,'0.6',NULL,'-0.6',NULL,0,NULL),(1810,386,3,3,NULL,NULL,0.6,NULL,NULL,1,'2014-01-04 15:37:33',485,1,-0.6,NULL,'3','3',NULL,NULL,'0.6',NULL,'-0.6',NULL,0,NULL),(1811,386,3,3,NULL,NULL,0.3,NULL,NULL,1,'2014-01-04 15:37:33',524,2,-0.3,NULL,'3','3',NULL,NULL,'0.3',NULL,'-0.3',NULL,0,NULL),(1812,386,10,10,NULL,NULL,2,NULL,NULL,1,'2014-01-04 15:37:33',472,3,-2,NULL,'10','10',NULL,NULL,'2.0',NULL,'-2.0',NULL,0,NULL),(1813,386,-8,-8,NULL,NULL,-1.6,NULL,NULL,1,'2014-01-04 15:37:33',505,4,1.6,NULL,'-8','-8',NULL,NULL,'-1.6',NULL,'1.6',NULL,0,NULL),(1814,386,-2,-2,NULL,NULL,-0.4,NULL,NULL,1,'2014-01-04 15:37:33',474,5,0.4,NULL,'-2','-2',NULL,NULL,'-0.4',NULL,'0.4',NULL,0,NULL),(1815,386,0,0,NULL,NULL,0,NULL,NULL,1,'2014-01-04 15:37:33',506,6,0,NULL,'0','0',NULL,NULL,'0.0',NULL,'0.0',NULL,0,NULL),(1816,386,4,4,NULL,NULL,0.8,NULL,NULL,1,'2014-01-04 15:37:33',492,7,-0.8,NULL,'4','4',NULL,NULL,'0.8',NULL,'-0.8',NULL,0,NULL),(1817,386,0,0,NULL,NULL,0,NULL,NULL,1,'2014-01-04 15:37:33',473,8,0,NULL,'0','0',NULL,NULL,'0.0',NULL,'0.0',NULL,0,NULL),(1818,387,-15,-15,NULL,NULL,-1.5,NULL,NULL,1,'2014-01-04 15:43:15',533,1,1.5,NULL,'-15','-15',NULL,NULL,'-1.5',NULL,'1.5',NULL,0,NULL),(1819,388,4,4,NULL,NULL,0.04,NULL,NULL,1,'2014-01-04 15:44:22',531,1,-0.02,NULL,'4','4',NULL,NULL,'0.04',NULL,'-0.02',NULL,0,NULL),(1820,388,-4,-4,NULL,NULL,-0.2,NULL,NULL,1,'2014-01-04 15:44:22',517,2,0.2,NULL,'-4','-4',NULL,NULL,'-0.20',NULL,'0.20',NULL,0,NULL),(1821,389,4,4,NULL,NULL,0.8,NULL,NULL,1,'2014-01-04 15:45:26',548,1,-0.8,NULL,'4','4',NULL,NULL,'0.8',NULL,'-0.8',NULL,0,NULL),(1822,389,2,2,NULL,NULL,0.4,NULL,NULL,1,'2014-01-04 15:45:26',498,2,-0.4,NULL,'2','2',NULL,NULL,'0.4',NULL,'-0.4',NULL,0,NULL),(1823,390,0,0,NULL,NULL,0,NULL,NULL,1,'2014-01-04 16:09:24',531,1,0,NULL,'0','0',NULL,NULL,'0.00',NULL,'0.00',NULL,0,NULL),(1824,391,0,0,NULL,NULL,0,NULL,NULL,1,'2014-01-04 16:26:01',475,1,-0.02,NULL,'0','0',NULL,NULL,'0.00',NULL,'-0.02',NULL,0,NULL),(1825,392,-2,-2,NULL,NULL,-0.2,NULL,NULL,1,'2014-01-05 15:22:21',477,1,0.2,NULL,'-2','-2',NULL,NULL,'-0.2',NULL,'0.2',NULL,0,NULL),(1826,392,-6,-6,NULL,NULL,-0.6,NULL,NULL,1,'2014-01-05 15:22:21',494,2,0.6,NULL,'-6','-6',NULL,NULL,'-0.6',NULL,'0.6',NULL,0,NULL),(1827,392,-10,-10,NULL,NULL,-0.5,NULL,NULL,1,'2014-01-05 15:22:21',521,3,0.5,NULL,'-10','-10',NULL,NULL,'-0.50',NULL,'0.50',NULL,0,NULL),(1828,392,0,0,NULL,NULL,0,NULL,NULL,1,'2014-01-05 15:22:21',466,4,0,NULL,'0','0',NULL,NULL,'0.0',NULL,'0.0',NULL,0,NULL),(1829,392,-9,-9,NULL,NULL,-0.9,NULL,NULL,1,'2014-01-05 15:22:21',514,5,0.9,NULL,'-9','-9',NULL,NULL,'-0.9',NULL,'0.9',NULL,0,NULL),(1830,392,0,0,NULL,NULL,0,NULL,NULL,1,'2014-01-05 15:22:21',499,6,0,NULL,'0','0',NULL,NULL,'0.0',NULL,'0.0',NULL,0,NULL),(1831,392,2,2,NULL,NULL,0.1,NULL,NULL,1,'2014-01-05 15:22:21',522,7,-0.1,NULL,'2','2',NULL,NULL,'0.10',NULL,'-0.10',NULL,0,NULL),(1832,392,0,0,NULL,NULL,0,NULL,NULL,1,'2014-01-05 15:22:21',526,8,0,NULL,'0','0',NULL,NULL,'0.0',NULL,'0.0',NULL,0,NULL),(1833,393,0,0,NULL,NULL,0,NULL,NULL,1,'2014-01-05 15:23:53',478,1,0,NULL,'0','0',NULL,NULL,'0.0',NULL,'0.0',NULL,0,NULL),(1834,393,-8,-8,NULL,NULL,-0.8,NULL,NULL,1,'2014-01-05 15:23:53',513,2,0.8,NULL,'-8','-8',NULL,NULL,'-0.8',NULL,'0.8',NULL,0,NULL),(1835,393,-19,-19,NULL,NULL,-0.19,NULL,NULL,1,'2014-01-05 15:23:53',515,3,0.19,NULL,'-19','-19',NULL,NULL,'-0.19',NULL,'0.19',NULL,0,NULL),(1836,393,10,10,NULL,NULL,0.1,NULL,NULL,1,'2014-01-05 15:23:53',475,4,-0.1,NULL,'10','10',NULL,NULL,'0.10',NULL,'-0.10',NULL,0,NULL),(1837,393,4,4,NULL,NULL,0.4,NULL,NULL,1,'2014-01-05 15:23:53',527,5,-0.4,NULL,'4','4',NULL,NULL,'0.4',NULL,'-0.4',NULL,0,NULL),(1838,393,50,50,NULL,NULL,0.5,NULL,NULL,1,'2014-01-05 15:23:53',481,6,-0.5,NULL,'50','50',NULL,NULL,'0.50',NULL,'-0.50',NULL,0,NULL),(1839,393,1,1,NULL,NULL,0.05,NULL,NULL,1,'2014-01-05 15:23:53',467,7,-0.05,NULL,'1','1',NULL,NULL,'0.05',NULL,'-0.05',NULL,0,NULL),(1840,393,0,0,NULL,NULL,0,NULL,NULL,1,'2014-01-05 15:23:53',516,8,0,NULL,'0','0',NULL,NULL,'0.00',NULL,'0.00',NULL,0,NULL),(1841,394,0,0,NULL,NULL,0,NULL,NULL,1,'2014-01-05 15:25:08',530,1,0,NULL,'0','0',NULL,NULL,'0.00',NULL,'0.00',NULL,0,NULL),(1842,394,0,0,NULL,NULL,0,NULL,NULL,1,'2014-01-05 15:25:08',536,2,0,NULL,'0','0',NULL,NULL,'0.00',NULL,'0.00',NULL,0,NULL),(1843,394,-1,-1,NULL,NULL,-0.1,NULL,NULL,1,'2014-01-05 15:25:08',533,3,0.1,NULL,'-1','-1',NULL,NULL,'-0.1',NULL,'0.1',NULL,0,NULL),(1844,394,-3,-3,NULL,NULL,-0.3,NULL,NULL,1,'2014-01-05 15:25:08',471,4,0.3,NULL,'-3','-3',NULL,NULL,'-0.3',NULL,'0.3',NULL,0,NULL),(1845,394,6,6,NULL,NULL,0.6,NULL,NULL,1,'2014-01-05 15:25:08',525,5,-0.6,NULL,'6','6',NULL,NULL,'0.6',NULL,'-0.6',NULL,0,NULL),(1846,394,2,2,NULL,NULL,0.2,NULL,NULL,1,'2014-01-05 15:25:08',486,6,-0.2,NULL,'2','2',NULL,NULL,'0.2',NULL,'-0.2',NULL,0,NULL),(1847,394,0,0,NULL,NULL,0,NULL,NULL,1,'2014-01-05 15:25:08',476,7,0,NULL,'0','0',NULL,NULL,'0.00',NULL,'0.00',NULL,0,NULL),(1848,395,-7,-7,NULL,NULL,-1.4,NULL,NULL,1,'2014-01-05 15:42:27',488,1,1.4,NULL,'-7','-7',NULL,NULL,'-1.4',NULL,'1.4',NULL,0,NULL),(1849,395,2,2,NULL,NULL,0.4,NULL,NULL,1,'2014-01-05 15:42:27',496,2,-0.4,NULL,'2','2',NULL,NULL,'0.4',NULL,'-0.4',NULL,0,NULL),(1850,395,0,0,NULL,NULL,0,NULL,NULL,1,'2014-01-05 15:42:27',473,3,0,NULL,'0','0',NULL,NULL,'0.0',NULL,'0.0',NULL,0,NULL),(1851,395,0,0,NULL,NULL,0,NULL,NULL,1,'2014-01-05 15:42:27',519,4,0,NULL,'0','0',NULL,NULL,'0.0',NULL,'0.0',NULL,0,NULL),(1852,395,0,0,NULL,NULL,0,NULL,NULL,1,'2014-01-05 15:42:27',480,5,0,NULL,'0','0',NULL,NULL,'0.0',NULL,'0.0',NULL,0,NULL),(1853,395,0,0,NULL,NULL,0,NULL,NULL,1,'2014-01-05 15:42:27',510,6,0,NULL,'0','0',NULL,NULL,'0.0',NULL,'0.0',NULL,0,NULL),(1854,395,-4,-4,NULL,NULL,-0.8,NULL,NULL,1,'2014-01-05 15:42:27',483,7,0.8,NULL,'-4','-4',NULL,NULL,'-0.8',NULL,'0.8',NULL,0,NULL),(1855,395,1,1,NULL,NULL,0.1,NULL,NULL,1,'2014-01-05 15:42:27',529,8,-0.1,NULL,'1','1',NULL,NULL,'0.1',NULL,'-0.1',NULL,0,NULL),(1856,396,0,0,NULL,NULL,0,NULL,NULL,1,'2014-01-05 15:44:03',520,1,0,NULL,'0','0',NULL,NULL,'0.0',NULL,'0.0',NULL,0,NULL),(1857,396,0,0,NULL,NULL,0,NULL,NULL,1,'2014-01-05 15:44:03',528,2,0,NULL,'0','0',NULL,NULL,'0.0',NULL,'0.0',NULL,0,NULL),(1858,396,4,4,NULL,NULL,0.8,NULL,NULL,1,'2014-01-05 15:44:03',487,3,-0.8,NULL,'4','4',NULL,NULL,'0.8',NULL,'-0.8',NULL,0,NULL),(1859,396,0,0,NULL,NULL,0,NULL,NULL,1,'2014-01-05 15:44:03',532,4,0,NULL,'0','0',NULL,NULL,'0.0',NULL,'0.0',NULL,0,NULL),(1860,396,-10,-10,NULL,NULL,-1,NULL,NULL,1,'2014-01-05 15:44:03',501,5,1,NULL,'-10','-10',NULL,NULL,'-1.0',NULL,'1.0',NULL,0,NULL),(1861,396,-5,-5,NULL,NULL,-0.5,NULL,NULL,1,'2014-01-05 15:44:03',479,6,0.5,NULL,'-5','-5',NULL,NULL,'-0.5',NULL,'0.5',NULL,0,NULL),(1862,396,-4,-4,NULL,NULL,-0.4,NULL,NULL,1,'2014-01-05 15:44:03',518,7,0.4,NULL,'-4','-4',NULL,NULL,'-0.4',NULL,'0.4',NULL,0,NULL),(1863,396,0,0,NULL,NULL,0,NULL,NULL,1,'2014-01-05 15:44:03',503,8,0,NULL,'0','0',NULL,NULL,'0.0',NULL,'0.0',NULL,0,NULL),(1864,397,-6,-6,NULL,NULL,-0.3,NULL,NULL,1,'2014-01-05 15:45:48',549,1,0.3,NULL,'-6','-6',NULL,NULL,'-0.30',NULL,'0.30',NULL,0,NULL),(1865,397,0,0,NULL,NULL,0,NULL,NULL,1,'2014-01-05 15:45:48',512,2,0,NULL,'0','0',NULL,NULL,'0.0',NULL,'0.0',NULL,0,NULL),(1866,397,0,0,NULL,NULL,0,NULL,NULL,1,'2014-01-05 15:45:48',484,3,0,NULL,'0','0',NULL,NULL,'0.0',NULL,'0.0',NULL,0,NULL),(1867,397,3,3,NULL,NULL,0.15,NULL,NULL,1,'2014-01-05 15:45:48',482,4,-0.15,NULL,'3','3',NULL,NULL,'0.15',NULL,'-0.15',NULL,0,NULL),(1868,397,4,4,NULL,NULL,0.4,NULL,NULL,1,'2014-01-05 15:45:48',511,5,-0.4,NULL,'4','4',NULL,NULL,'0.4',NULL,'-0.4',NULL,0,NULL),(1869,397,0,0,NULL,NULL,0,NULL,NULL,1,'2014-01-05 15:45:48',497,6,0,NULL,'0','0',NULL,NULL,'0.0',NULL,'0.0',NULL,0,NULL),(1870,397,-2,-2,NULL,NULL,-0.2,NULL,NULL,1,'2014-01-05 15:45:48',504,7,0.2,NULL,'-2','-2',NULL,NULL,'-0.2',NULL,'0.2',NULL,0,NULL),(1871,397,0,0,NULL,NULL,0,NULL,NULL,1,'2014-01-05 15:45:48',547,8,0,NULL,'0','0',NULL,NULL,'0.0',NULL,'0.0',NULL,0,NULL),(1872,398,0,0,NULL,NULL,0,NULL,NULL,1,'2014-01-05 15:46:32',470,1,0,NULL,'0','0',NULL,NULL,'0.0',NULL,'0.0',NULL,0,NULL),(1873,398,-3,-3,NULL,NULL,-0.3,NULL,NULL,1,'2014-01-05 15:46:32',502,2,0.3,NULL,'-3','-3',NULL,NULL,'-0.3',NULL,'0.3',NULL,0,NULL),(1874,398,0,0,NULL,NULL,0,NULL,NULL,1,'2014-01-05 15:46:32',495,3,0,NULL,'0','0',NULL,NULL,'0.0',NULL,'0.0',NULL,0,NULL),(1875,398,-2,-2,NULL,NULL,-0.2,NULL,NULL,1,'2014-01-05 15:46:32',469,4,0.2,NULL,'-2','-2',NULL,NULL,'-0.2',NULL,'0.2',NULL,0,NULL),(1876,399,8,8,NULL,NULL,0.4,NULL,NULL,1,'2014-01-05 16:03:47',507,1,-0.4,NULL,'8','8',NULL,NULL,'0.40',NULL,'-0.40',NULL,0,NULL),(1877,399,4,4,NULL,NULL,0.2,NULL,NULL,1,'2014-01-05 16:03:47',509,2,-0.2,NULL,'4','4',NULL,NULL,'0.20',NULL,'-0.20',NULL,0,NULL),(1878,399,1,1,NULL,NULL,0.2,NULL,NULL,1,'2014-01-05 16:03:47',548,3,-0.2,NULL,'1','1',NULL,NULL,'0.2',NULL,'-0.2',NULL,0,NULL),(1879,399,-2,-2,NULL,NULL,-0.4,NULL,NULL,1,'2014-01-05 16:03:47',474,4,0.4,NULL,'-2','-2',NULL,NULL,'-0.4',NULL,'0.4',NULL,0,NULL),(1880,399,1,1,NULL,NULL,0.2,NULL,NULL,1,'2014-01-05 16:03:47',505,5,-0.2,NULL,'1','1',NULL,NULL,'0.2',NULL,'-0.2',NULL,0,NULL),(1881,399,-2,-2,NULL,NULL,-0.4,NULL,NULL,1,'2014-01-05 16:03:47',506,6,0.4,NULL,'-2','-2',NULL,NULL,'-0.4',NULL,'0.4',NULL,0,NULL),(1882,399,-4,-4,NULL,NULL,-0.8,NULL,NULL,1,'2014-01-05 16:03:47',490,7,0.8,NULL,'-4','-4',NULL,NULL,'-0.8',NULL,'0.8',NULL,0,NULL),(1883,399,0,0,NULL,NULL,0,NULL,NULL,1,'2014-01-05 16:03:47',523,8,0,NULL,'0','0',NULL,NULL,'0.0',NULL,'0.0',NULL,0,NULL),(1884,400,-4,-4,NULL,NULL,-0.8,NULL,NULL,1,'2014-01-05 16:05:11',493,1,0.8,NULL,'-4','-4',NULL,NULL,'-0.8',NULL,'0.8',NULL,0,NULL),(1885,400,0,0,NULL,NULL,0,NULL,NULL,1,'2014-01-05 16:05:11',485,2,0,NULL,'0','0',NULL,NULL,'0.0',NULL,'0.0',NULL,0,NULL),(1886,400,1,1,NULL,NULL,0.2,NULL,NULL,1,'2014-01-05 16:05:11',500,3,-0.2,NULL,'1','1',NULL,NULL,'0.2',NULL,'-0.2',NULL,0,NULL),(1887,400,-3,-3,NULL,NULL,-0.6,NULL,NULL,1,'2014-01-05 16:05:11',468,4,0.6,NULL,'-3','-3',NULL,NULL,'-0.6',NULL,'0.6',NULL,0,NULL),(1888,400,-9,-9,NULL,NULL,-0.9,NULL,NULL,1,'2014-01-05 16:05:11',524,5,0.9,NULL,'-9','-9',NULL,NULL,'-0.9',NULL,'0.9',NULL,0,NULL),(1889,400,-2,-2,NULL,NULL,-0.4,NULL,NULL,1,'2014-01-05 16:05:11',492,6,0.4,NULL,'-2','-2',NULL,NULL,'-0.4',NULL,'0.4',NULL,0,NULL),(1890,400,8,8,NULL,NULL,1.6,NULL,NULL,1,'2014-01-05 16:05:11',498,7,-1.6,NULL,'8','8',NULL,NULL,'1.6',NULL,'-1.6',NULL,0,NULL),(1891,400,0,0,NULL,NULL,0,NULL,NULL,1,'2014-01-05 16:05:11',472,8,0,NULL,'0','0',NULL,NULL,'0.0',NULL,'0.0',NULL,0,NULL),(1892,401,-2,-2,NULL,NULL,-0.4,NULL,NULL,1,'2014-01-05 16:09:55',489,1,0.4,NULL,'-2','-2',NULL,NULL,'-0.4',NULL,'0.4',NULL,0,NULL),(1893,401,-6,-6,NULL,NULL,-1.2,NULL,NULL,1,'2014-01-05 16:09:55',491,2,1.2,NULL,'-6','-6',NULL,NULL,'-1.2',NULL,'1.2',NULL,0,NULL),(1894,401,1,1,NULL,NULL,0.01,NULL,NULL,1,'2014-01-05 16:09:55',537,3,-0.01,NULL,'1','1',NULL,NULL,'0.01',NULL,'-0.01',NULL,0,NULL),(1895,402,3,3,2,2,0.15,0.1,NULL,1,'2014-01-05 17:08:57',534,1,-0.15,-0.1,'3','3','2','2','0.15','0.10','-0.15','-0.10',0,0),(1896,402,-1,-1,1,1,-0.05,0.05,NULL,1,'2014-01-05 17:08:57',535,2,0.05,-0.05,'-1','-1','1','1','-0.05','0.05','0.05','-0.05',0,0),(1897,402,1,1,2,2,0.1,0.2,NULL,1,'2014-01-05 17:08:57',538,3,-0.1,-0.2,'1','1','2','2','0.1','0.2','-0.1','-0.2',0,0),(1898,402,-2,-2,-4,-4,-0.1,-0.2,NULL,1,'2014-01-05 17:08:57',539,4,0.1,0.2,'-2','-2','-4','-4','-0.10','-0.20','0.10','0.20',0,0),(1899,403,-2,-2,0,0,-0.1,0,NULL,1,'2014-01-05 17:09:46',540,1,0.1,0,'-2','-2','0','0','-0.10','0.00','0.10','0.00',0,0),(1900,403,-4,-4,-2,-2,-0.2,-0.1,NULL,1,'2014-01-05 17:09:46',541,2,0.2,0.1,'-4','-4','-2','-2','-0.20','-0.10','0.20','0.10',0,0),(1901,403,-4,-4,-6,-6,-0.2,-0.3,NULL,1,'2014-01-05 17:09:46',542,3,0.2,0.3,'-4','-4','-6','-6','-0.20','-0.30','0.20','0.30',0,0),(1902,403,-2,-2,-4,-4,-0.1,-0.2,NULL,1,'2014-01-05 17:09:46',543,4,0.1,0.2,'-2','-2','-4','-4','-0.10','-0.20','0.10','0.20',0,0),(1903,404,0,0,1,1,0,0.05,NULL,1,'2014-01-05 17:10:09',544,1,0,-0.05,'0','0','1','1','0.00','0.05','0.00','-0.05',0,0),(1904,404,0,0,0,0,0,0,NULL,1,'2014-01-05 17:10:09',545,2,0,0,'0','0','0','0','0.00','0.00','0.00','0.00',0,0),(1905,404,-4,-4,-3,-3,-0.2,-0.15,NULL,1,'2014-01-05 17:10:09',546,3,0.2,0.15,'-4','-4','-3','-3','-0.20','-0.15','0.20','0.15',0,0);
/*!40000 ALTER TABLE `samplerecord` ENABLE KEYS */;
UNLOCK TABLES;

--
-- Table structure for table `standardtmpter`
--

DROP TABLE IF EXISTS `standardtmpter`;
/*!40101 SET @saved_cs_client     = @@character_set_client */;
/*!40101 SET character_set_client = utf8 */;
CREATE TABLE `standardtmpter` (
  `id` int(11) NOT NULL AUTO_INCREMENT,
  `tmterNo` varchar(100) DEFAULT NULL COMMENT '温度计编号',
  `certificateNo` varchar(100) DEFAULT NULL COMMENT '证书编号',
  `minTemp` double DEFAULT NULL COMMENT '最小温度',
  `maxTemp` double DEFAULT NULL COMMENT '最大温度',
  `miniScale` double DEFAULT NULL COMMENT '最小分度值',
  `createUserID` int(11) DEFAULT NULL,
  `createDate` datetime DEFAULT NULL,
  PRIMARY KEY (`id`)
) ENGINE=InnoDB AUTO_INCREMENT=17 DEFAULT CHARSET=utf8;
/*!40101 SET character_set_client = @saved_cs_client */;

--
-- Dumping data for table `standardtmpter`
--

LOCK TABLES `standardtmpter` WRITE;
/*!40000 ALTER TABLE `standardtmpter` DISABLE KEYS */;
INSERT INTO `standardtmpter` VALUES (1,'1-167','01350',-30,20,0.1,1,'2013-09-24 15:58:43'),(2,'2-211','01350',0,50,0.1,1,'2013-09-24 16:12:24'),(3,'3-373','01350',50,100,0.1,1,'2013-09-24 16:15:32'),(4,'45957','01350',100,150,0.1,1,'2013-09-24 16:22:02'),(5,'54182','01350',150,200,0.1,1,'2013-09-24 16:24:09'),(6,'66046','01350',200,250,0.1,1,'2013-09-24 16:25:39'),(7,'7-147','01350',250,300,0.1,1,'2013-09-24 16:27:24'),(9,'13779','1351',-30,20,0.1,1,'2013-09-26 16:19:36'),(10,'02-348','1351',0,50,0.1,1,'2013-09-26 16:20:52'),(11,'33428','1351',50,100,0.1,1,'2013-09-26 16:21:52'),(12,'44544','1351',100,150,0.1,1,'2013-09-26 16:22:44'),(13,'54132','1351',150,200,0.1,1,'2013-09-26 16:23:41'),(14,'65180','1351',200,250,0.1,1,'2013-09-26 16:25:24'),(15,'7-111','1351',250,300,0.1,1,'2013-09-26 16:26:43'),(16,'205','4643',-60,0,0.1,1,'2013-10-24 16:25:13');
/*!40000 ALTER TABLE `standardtmpter` ENABLE KEYS */;
UNLOCK TABLES;

--
-- Table structure for table `standardtmptercorrection`
--

DROP TABLE IF EXISTS `standardtmptercorrection`;
/*!40101 SET @saved_cs_client     = @@character_set_client */;
/*!40101 SET character_set_client = utf8 */;
CREATE TABLE `standardtmptercorrection` (
  `id` int(11) NOT NULL AUTO_INCREMENT,
  `standardTmpterId` int(11) DEFAULT NULL COMMENT '标准器ID',
  `value` int(11) DEFAULT NULL COMMENT '璁℃暟鍊',
  `correction` double DEFAULT NULL COMMENT '修正值',
  PRIMARY KEY (`id`)
) ENGINE=InnoDB AUTO_INCREMENT=108 DEFAULT CHARSET=utf8;
/*!40101 SET character_set_client = @saved_cs_client */;

--
-- Dumping data for table `standardtmptercorrection`
--

LOCK TABLES `standardtmptercorrection` WRITE;
/*!40000 ALTER TABLE `standardtmptercorrection` DISABLE KEYS */;
INSERT INTO `standardtmptercorrection` VALUES (1,1,-30,0.03),(2,1,-20,-0.01),(3,1,-10,0.06),(5,1,10,-0.02),(6,1,0,0.01),(7,1,20,0.01),(8,2,0,0),(9,2,10,0.13),(11,2,40,0),(12,2,50,0.07),(13,3,50,-0.01),(14,3,60,0.05),(15,3,70,0),(16,3,80,0),(17,3,90,0),(18,3,100,0),(19,4,100,0.09),(20,4,110,0.06),(21,4,120,0.04),(22,4,130,0.07),(23,4,140,0.08),(24,4,150,0.02),(25,5,150,0.03),(26,5,160,0.06),(27,5,170,0.05),(28,5,180,0.06),(29,5,192,-0.01),(30,5,200,0.04),(31,6,200,-0.05),(32,6,210,-0.11),(33,6,220,-0.04),(34,6,230,-0.06),(35,6,240,-0.05),(36,6,250,-0.03),(37,7,250,-0.22),(38,7,260,-0.28),(39,7,270,-0.23),(40,7,280,-0.25),(41,7,290,-0.3),(42,7,300,-0.25),(47,9,-30,0),(48,9,-20,-0.04),(49,9,-10,0.02),(50,9,0,0.01),(51,9,10,0),(52,9,20,0.02),(53,10,0,0.13),(54,10,10,0.15),(55,10,20,0.15),(56,10,30,0.15),(57,10,40,0.15),(58,10,50,0.15),(59,11,50,0.15),(60,11,60,0.12),(61,11,70,0.11),(62,11,80,0.13),(63,11,90,0.15),(64,11,100,0.13),(65,12,100,0.02),(66,12,110,0.05),(67,12,120,0.1),(68,12,130,0.02),(69,12,140,0.06),(70,12,150,0.07),(71,13,150,0.02),(72,13,160,0.08),(73,13,170,0.08),(74,13,180,0.03),(75,13,190,-0.06),(76,13,200,0.03),(77,14,200,-0.06),(78,14,210,0.05),(79,14,220,-0.03),(80,14,230,-0.04),(81,14,240,-0.04),(82,14,250,0.03),(83,15,250,-0.08),(84,15,260,0.02),(85,15,270,-0.1),(86,15,280,-0.06),(87,15,290,-0.13),(88,15,300,-0.18),(90,2,20,0.1),(91,2,30,0.07),(92,16,-60,0.15),(93,16,-50,0.1),(94,16,-40,0),(95,16,-30,0.12),(96,16,-20,-0.05),(97,16,-10,-0.04),(98,16,0,0.03),(99,2,37,0.02),(100,2,41,0),(101,2,2,0.03),(102,2,4,0.05),(103,2,5,0.07),(104,2,8,0.1),(105,2,25,0.09),(106,2,35,0.04),(107,16,-25,0.04);
/*!40000 ALTER TABLE `standardtmptercorrection` ENABLE KEYS */;
UNLOCK TABLES;

--
-- Table structure for table `tempregister`
--

DROP TABLE IF EXISTS `tempregister`;
/*!40101 SET @saved_cs_client     = @@character_set_client */;
/*!40101 SET character_set_client = utf8 */;
CREATE TABLE `tempregister` (
  `id` int(11) NOT NULL AUTO_INCREMENT COMMENT 'ID',
  `unit` varchar(200) DEFAULT NULL COMMENT '送检单位',
  `tmerName` varchar(100) DEFAULT NULL COMMENT '温度计名称:水银温度计，煤油温度计，干湿温度计',
  `minTemp` varchar(50) DEFAULT NULL COMMENT '最小温度',
  `maxTemp` varchar(50) DEFAULT NULL COMMENT '最大温度',
  `miniScale` varchar(50) DEFAULT NULL COMMENT '最小分度值',
  `manufacturer` varchar(200) DEFAULT NULL COMMENT '生产厂家',
  `tmterNo` varchar(100) DEFAULT NULL COMMENT '温度计编号',
  `sampleNo` varchar(100) DEFAULT NULL COMMENT '样品编号',
  `certificateNo` varchar(100) DEFAULT NULL COMMENT '证书编号',
  `result` varchar(45) DEFAULT NULL COMMENT '检测结果：“待测”、“合格”、“不合格”、“断柱”、“损坏”',
  `createUserID` int(11) DEFAULT NULL COMMENT '创建人',
  `createDate` datetime DEFAULT NULL COMMENT '创建时间',
  `tempregisterpointName` varchar(100) DEFAULT NULL,
  `immersionType` varchar(100) DEFAULT NULL COMMENT '浸没方式(全浸、局浸)',
  `sensingLiquid` varchar(100) DEFAULT NULL COMMENT '感温液体(有机、汞基、水银)',
  `outMax` int(11) DEFAULT NULL COMMENT '上限超',
  `outMin` int(11) DEFAULT NULL COMMENT '下限超',
  PRIMARY KEY (`id`),
  UNIQUE KEY `id_UNIQUE` (`id`)
) ENGINE=InnoDB AUTO_INCREMENT=550 DEFAULT CHARSET=utf8;
/*!40101 SET character_set_client = @saved_cs_client */;

--
-- Dumping data for table `tempregister`
--

LOCK TABLES `tempregister` WRITE;
/*!40000 ALTER TABLE `tempregister` DISABLE KEYS */;
INSERT INTO `tempregister` VALUES (1,'弥勒市竹园镇蔗林食品厂','水银温度计','0','100','1','无','3757','131017050-2','','待测',1,'2013-10-21 14:34:10','普通0-100','竹节','水银',0,0),(2,'弥勒市竹园镇蔗林食品厂','水银温度计','0','300','2','北京玻璃研究所','1101','131017050-2','','待测',1,'2013-10-21 14:35:50','普通0-300','竹节','水银',0,0),(3,'寻甸天浩酒业有限公司','水银温度计','0','50','0.1','无','3759','131018052-3','','待测',1,'2013-10-21 14:40:06','0-50-0.1','全浸','水银',0,0),(4,'云南佳测环境检测科技有限公司','水银温度计','0','50','0.1','北京玻璃研究所','4528','131017008-7','','待测',1,'2013-10-21 14:42:49','0-50-0.1','全浸','水银',0,0),(5,'云南佳测环境检测科技有限公司','水银温度计','50','100','0.1','北京玻璃研究所','4529','131017008-7','','待测',1,'2013-10-21 14:43:27','精密50-100-0.1','全浸','水银',0,0),(6,'云南佳测环境检测科技有限公司','水银温度计','0','100','1','北京玻璃研究所','4201','131017008-7','','待测',1,'2013-10-21 14:44:02','普通0-100','局浸','水银',0,0),(7,'昆明廊山食品有限公司','水银温度计','0','100','1','无','3762','131017016-2','','待测',1,'2013-10-21 14:49:35','普通0-100','竹节','水银',0,0),(8,'昆明廊山食品有限公司','水银温度计','0','300','2','无','3763','131017016-2','','待测',1,'2013-10-21 14:50:46','普通0-300','竹节','水银',0,0),(9,'昆明圣宴食品有限公司','水银温度计','0','200','1','无','3764','131021012-1','','待测',1,'2013-10-21 14:51:56','普通0-200','竹节','水银',0,0),(10,'云南特安呐制药股份有限公司','水银温度计','0','300','2','北京玻璃研究所','3-9','131021007-1','','待测',1,'2013-10-21 14:54:55','普通0-300','竹节','水银',0,0),(11,'云南特安呐制药股份有限公司','水银温度计','0','300','2','北京玻璃研究所','3766','131021007-1','','待测',1,'2013-10-21 14:55:54','普通0-300','竹节','水银',0,0),(12,'云南特安呐制药股份有限公司','水银温度计','0','300','2','北京玻璃研究所','3767','131021007-1','','待测',1,'2013-10-21 14:56:01','普通0-300','竹节','水银',0,0),(13,'晋宁兴化精细化工科技发展有限责任公司','水银温度计','0','300','2','无','4214','131018049-1','','待测',1,'2013-10-21 14:59:11','普通0-300','竹节','水银',0,0),(14,'晋宁兴化精细化工科技发展有限责任公司','水银温度计','0','300','2','无','602','131018049-1','','待测',1,'2013-10-21 14:59:22','普通0-300','竹节','水银',0,0),(15,'玉溪滇中公路工程试验检测有限责任公司','有机液体温度计','0','100','1','无','3770','131018056-1','','待测',1,'2013-10-21 15:01:14','普通0-100','局浸','水银',0,0),(16,'玉溪滇中公路工程试验检测有限责任公司','有机液体温度计','0','200','2','无','3771','131018056-1','','待测',1,'2013-10-21 15:02:02','普通0-200','局浸','水银',0,0),(17,'云南中渊集团自备混凝土搅拌站','水银温度计','0','200','2','无','3772','131016033-2','','待测',1,'2013-10-21 15:04:04','普通0-200','竹节','水银',0,0),(18,'呈贡七甸乡成军卤腐厂','水银温度计','0','100','1','无','3773','131016035-3','','待测',1,'2013-10-21 15:06:14','普通0-100','竹节','水银',0,0),(19,'呈贡七甸乡成军卤腐厂','水银温度计','0','100','1','无','3774','131016035-3','','待测',1,'2013-10-21 15:07:26','普通0-100','竹节','水银',0,0),(20,'呈贡七甸乡成军卤腐厂','水银温度计','0','200','1','无','3775','131016035-3','','待测',1,'2013-10-21 15:07:52','普通0-200','竹节','水银',0,0),(21,'云南绿A生物工程有限公司','有机液体温度计','-50','50','1','无','3776','131016091-5','','断柱',1,'2013-10-21 15:13:20','自定义','全浸','有机',0,0),(22,'云南绿A生物工程有限公司','水银温度计','0','50','0.1','无','3777','131016091-5','','待测',1,'2013-10-21 15:13:56','0-50-0.1','全浸','水银',0,0),(23,'云南绿A生物工程有限公司','水银温度计','0','100','1','重庆体温计厂','3778','131016091-5','','待测',1,'2013-10-21 15:14:47','普通0-100','竹节','水银',0,0),(24,'云南绿A生物工程有限公司','水银温度计','0','100','1','重庆体温计厂','3779','131016091-5','','待测',1,'2013-10-21 15:15:26','普通0-100','竹节','水银',0,0),(25,'云南绿A生物工程有限公司','水银温度计','0','300','2','无','3780','131016091-5','','待测',1,'2013-10-21 15:16:05','普通0-300','竹节','水银',0,0),(26,'云南绿A生物工程有限公司','水银温度计','0','300','2','无','3781','131016091-5','','待测',1,'2013-10-21 15:16:13','普通0-300','竹节','水银',0,0),(27,'中铁五局沪昆铁路客运专线云南段项目经理部中心试验室','水银温度计','0','100','1','无','3782','131016016-6','','待测',1,'2013-10-21 15:20:47','普通0-100','全浸','水银',0,0),(28,'中铁五局沪昆铁路客运专线云南段项目经理部中心试验室','水银温度计','0','300','2','无','3783','131016016-6','','待测',1,'2013-10-21 15:21:11','普通0-300','全浸','水银',0,0),(29,'中铁五局沪昆铁路客运专线云南段项目经理部中心试验室','有机液体温度计','0','50','1','无','3784','131016016-6','','待测',1,'2013-10-21 15:21:49','普通0-50','全浸','有机',0,0),(30,'景谷天成顺宏古树茶厂','水银温度计','0','300','2','北京玻璃研究所','3785','131016074-4','','待测',1,'2013-10-21 15:24:06','普通0-300','竹节','水银',0,0),(31,'昆明铁路局疾病预防控制中心开远站','有机液体温度计','0','60','1','无','3786','131015045-9','','待测',1,'2013-10-21 15:26:43','自定义','全浸','有机',0,0),(32,'昆明铁路局疾病预防控制中心开远站','水银温度计','0','100','1','无','KF8','131015045-9','','待测',1,'2013-10-21 15:28:01','普通0-100','局浸','水银',0,0),(33,'昆明铁路局疾病预防控制中心开远站','水银温度计','0','100','1','无','3788','131015045-9','','待测',1,'2013-10-21 15:28:31','普通0-100','局浸','水银',0,0),(34,'昆明铁路局疾病预防控制中心开远站','水银温度计','0','100','1','无','3452','131015045-9','','待测',1,'2013-10-21 15:29:15','普通0-100','局浸','水银',0,0),(35,'昆明铁路局疾病预防控制中心开远站','水银温度计','-30','100','1','无','003','131015045-9','','待测',1,'2013-10-21 15:29:49','普通-30-100','全浸','水银',0,0),(36,'昆明铁路局疾病预防控制中心开远站','水银温度计','0','100','1','无','3790','131015045-9','','待测',1,'2013-10-21 15:30:34','普通0-100','局浸','水银',0,0),(37,'云南云钟工贸有限公司','水银温度计','0','300','2','无','3723','131015016-4','','待测',1,'2013-10-21 15:33:26','普通0-300','竹节','水银',0,0),(38,'昆明顺冉商贸有限公司','水银温度计','0','200','2','无','3792','131016004-1','','待测',1,'2013-10-21 15:35:37','普通0-200','竹节','水银',0,0),(39,'昆明市晋宁县疾病预防控制中心','水银温度计','0','50','0.1','无','3793','131016022-3','','待测',1,'2013-10-21 15:39:52','0-50-0.1','全浸','水银',0,0),(40,'昆明市晋宁县疾病预防控制中心','水银温度计','0','100','1','无','9','131016022-3','','待测',1,'2013-10-21 15:40:44','普通0-100','竹节','水银',0,0),(41,'昆明市晋宁县疾病预防控制中心','水银温度计','0','200','2','无','0359','131016022-3','','待测',1,'2013-10-21 15:41:02','普通0-200','竹节','水银',0,0),(42,'昆明市晋宁县疾病预防控制中心','水银温度计','0','100','1','无','3796','131016022-3','','待测',1,'2013-10-21 15:41:38','普通0-100','局浸','水银',0,0),(43,'寻甸塘子易隆味思源调味品厂','水银温度计','0','100','1','无','3797','131021033-1','','待测',1,'2013-10-21 15:43:37','普通0-100','局浸','水银',0,0),(44,'寻甸塘子易隆味思源调味品厂','水银温度计','0','200','1','无','3798','131021033-1','','待测',1,'2013-10-21 15:44:06','普通0-200','局浸','水银',0,0),(45,'云南省燃气计量检测所','水银温度计','0','50','0.1','无','3740','131021036-1','','待测',1,'2013-10-21 15:45:57','0-50-0.1','全浸','水银',0,0),(46,'云南省燃气计量检测所','水银温度计','0','50','0.1','无','3503','131021036-1','','待测',1,'2013-10-21 15:46:06','0-50-0.1','全浸','水银',0,0),(47,'中国石化销售华南分公司','水银温度计','-30','50','0.2','无','60','131016044-2','','待测',1,'2013-10-21 15:50:15','-30-50-0.2','全浸','水银',0,0),(48,'中国石化销售华南分公司','水银温度计','-30','50','0.2','无','95','131016044-2','','待测',1,'2013-10-21 15:52:04','-30-50-0.2','全浸','水银',0,0),(49,'中国石化销售华南分公司','水银温度计','-30','50','0.2','无','572','131016044-2','','待测',1,'2013-10-21 15:52:12','-30-50-0.2','全浸','水银',0,0),(50,'中国石化销售华南分公司','水银温度计','-30','50','0.2','无','297','131016044-2','','待测',1,'2013-10-21 15:52:23','-30-50-0.2','全浸','水银',0,0),(51,'中国石化销售华南分公司','水银温度计','-30','50','0.2','无','615','131016044-2','','待测',1,'2013-10-21 15:52:43','-30-50-0.2','全浸','水银',0,0),(52,'中国石化销售华南分公司','水银温度计','-30','50','0.2','无','505','131016044-2','','待测',1,'2013-10-21 15:52:49','-30-50-0.2','全浸','水银',0,0),(53,'中国石化销售华南分公司','水银温度计','-30','50','0.2','无','528','131016044-2','','待测',1,'2013-10-21 15:52:55','-30-50-0.2','全浸','水银',0,0),(54,'中国石化销售华南分公司','水银温度计','-30','50','0.2','无','617','131016044-2','','待测',1,'2013-10-21 15:53:01','-30-50-0.2','全浸','水银',0,0),(55,'中国石化销售华南分公司','水银温度计','-30','50','0.2','无','441','131016044-2','','待测',1,'2013-10-21 15:53:08','-30-50-0.2','全浸','水银',0,0),(56,'中国石化销售华南分公司','水银温度计','-30','50','0.2','无','1259','131016044-2','','待测',1,'2013-10-21 15:53:14','-30-50-0.2','全浸','水银',0,0),(57,'中国石化销售华南分公司','水银温度计','-30','50','0.2','无','533','131016044-2','','待测',1,'2013-10-21 15:53:22','-30-50-0.2','全浸','水银',0,0),(58,'中国石化销售华南分公司','水银温度计','-30','50','0.2','无','422','131016044-2','','待测',1,'2013-10-21 15:53:27','-30-50-0.2','全浸','水银',0,0),(59,'中国石化销售华南分公司','水银温度计','-30','50','0.2','无','1283','131016044-2','','待测',1,'2013-10-21 15:53:34','-30-50-0.2','全浸','水银',0,0),(60,'中国石化销售华南分公司','水银温度计','-30','50','0.2','无','532','131016044-2','','待测',1,'2013-10-21 15:53:45','-30-50-0.2','全浸','水银',0,0),(61,'昆明娃哈哈启力饮料有限公司','水银温度计','0','100','1','无','3815','131015038-1','','待测',1,'2013-10-21 15:58:30','普通0-100','全浸','水银',0,0),(62,'昆明娃哈哈启力饮料有限公司','水银温度计','0','100','1','无','3816','131015038-1','','待测',1,'2013-10-21 15:59:16','普通0-100','全浸','水银',0,0),(63,'昆明云林酱菜有限公司','水银温度计','0','100','1','无','3817','131015032-1','','待测',1,'2013-10-21 16:00:59','普通0-100','竹节','水银',0,0),(64,'云南东川长运印象葡萄酒有限公司','水银温度计','0','100','1','无','3818','131015031-3','','待测',1,'2013-10-21 16:03:35','普通0-100','竹节','水银',0,0),(65,'云南楚天工程检测有限公司','水银温度计','0','200','2','无','3448','131015004-9','','待测',1,'2013-10-21 16:05:21','普通0-200','竹节','水银',0,0),(66,'通威股份有限公司昆明分公司','水银温度计','0','300','2','重庆体温计厂','3820','131016008-3','','待测',1,'2013-10-21 16:11:27','普通0-300','竹节','水银',0,0),(67,'云南玫瑰鲜花食品科技有限公司','水银温度计','0','100','1','北京玻璃研究所','4949','131017033-1','','待测',1,'2013-10-21 16:13:49','普通0-100','竹节','水银',0,0),(68,'云南玫瑰鲜花食品科技有限公司','水银温度计','0','300','2','无','2582','131017033-1','','待测',1,'2013-10-21 16:14:14','普通0-300','竹节','水银',0,0),(69,'云南玫瑰鲜花食品科技有限公司','有机液体温度计','0','100','1','无','3823','131017033-1','','待测',1,'2013-10-21 16:16:31','普通0-100','全浸','有机',0,0),(70,'云南玫瑰鲜花食品科技有限公司','有机液体温度计','0','100','1','无','3824','131017033-1','','待测',1,'2013-10-21 16:17:29','普通0-100','全浸','有机',0,0),(71,'云南玫瑰鲜花食品科技有限公司','有机液体温度计','0','100','1','无','3825','131017033-1','','待测',1,'2013-10-21 16:17:35','普通0-100','全浸','有机',0,0),(72,'云南玫瑰鲜花食品科技有限公司','有机液体温度计','0','100','1','无','3826','131017033-1','','断柱',1,'2013-10-21 16:17:48','普通0-100','全浸','有机',0,0),(73,'省疾控中心','水银温度计','0','200','1','无','178','131016006-1','','待测',1,'2013-10-21 16:19:29','普通0-200','局浸','水银',0,0),(74,'省疾控中心','冰箱用最低温度计','-30','30','1','上海华辰医用仪表有限公司','0149','131016006-1','','待测',1,'2013-10-21 16:20:46','冰箱温度计-30-30','全浸','有机',0,0),(75,'昆明四创制药有限公司','水银温度计','0','100','1','无','3829','131016002-1','','待测',1,'2013-10-21 16:22:57','普通0-100','局浸','水银',0,0),(76,'昆明四创制药有限公司','水银温度计','0','100','1','无','3830','131016002-1','','待测',1,'2013-10-21 16:23:35','普通0-100','局浸','水银',0,0),(77,'云南鑫诚箭镞工程质量检测有限公司','干湿球温度计','-10','50','0.5','上海华辰医用仪表有限公司','3478','131017058-7','','待测',1,'2013-10-21 16:26:07','干湿球温度计','全浸','有机',0,0),(78,'云南宏固工程检测有限公司','干湿球温度计','-20','50','0.5','冀州市耀华器械仪表厂','2398','131015001-5','','待测',1,'2013-10-21 16:27:33','干湿球温度计','全浸','有机',0,0),(79,'景谷天成顺宏古树茶厂','干湿球温度计','-10','50','0.5','河北省武强县仪表厂','0001','131016074-3','','待测',1,'2013-10-21 16:28:31','干湿球温度计','全浸','有机',0,0),(80,'本院工程所','干湿球温度计','0','50','0.5','上海医用仪表厂','1042','131021037-1','','待测',1,'2013-10-21 16:29:19','干湿球温度计','全浸','有机',0,0),(81,'本院工程所','干湿球温度计','-10','50','0.5','上海医用仪表厂','012','131021037-1','','待测',1,'2013-10-21 16:40:14','干湿球温度计','全浸','有机',0,0),(82,'本院工程所','干湿球温度计','0','50','0.5','上海医用仪表厂','1044','131021037-1','','待测',1,'2013-10-21 16:40:43','干湿球温度计','全浸','有机',0,0),(83,'云县平安茶叶种植专业合作社','水银温度计','0','100','1','无','3837','131021058-1','','待测',1,'2013-10-22 14:50:22','普通0-100','竹节','水银',0,0),(84,'云县平安茶叶种植专业合作社','水银温度计','0','300','2','北京玻璃研究所','3838','131021058-1','','待测',1,'2013-10-22 14:50:40','普通0-300','竹节','水银',0,0),(85,'保山市疾病预防控制中心','水银温度计','-30','50','0.2','无','3839','131021049-1','','待测',1,'2013-10-22 14:52:49','-30-50-0.2','全浸','水银',0,0),(86,'保山市疾病预防控制中心','有机液体温度计','-80','60','1','无','3840','131021049-1','','待测',1,'2013-10-22 14:53:46','自定义','局浸','有机',0,0),(87,'贵州省盘县第二人民医院','水银温度计','-30','50','0.2','无','3841','131021050-1','','待测',1,'2013-10-22 14:55:41','-30-50-0.2','全浸','水银',0,0),(88,'昆明克林轻工责任有限公司','水银温度计','0','300','2','无','1001','131021046-12','','待测',1,'2013-10-22 14:57:17','普通0-300','局浸','水银',0,0),(89,'砚山县同和辣椒有限责任公司','有机液体温度计','0','100','1','无','3843','131021021-1','','待测',1,'2013-10-22 15:02:59','普通0-100','局浸','有机',0,0),(90,'砚山县同和辣椒有限责任公司','有机液体温度计','0','100','1','无','3844','131021021-1','','待测',1,'2013-10-22 15:03:10','普通0-100','局浸','有机',0,0),(91,'昆明华曦牧业集团有限公司','有机液体温度计','-50','50','1','无','3152','131022015-1','','待测',1,'2013-10-22 15:05:38','-50-50-1','局浸','有机',0,0),(92,'昆明华曦牧业集团有限公司','有机液体温度计','-50','50','1','无','3153','131022015-1','','待测',1,'2013-10-22 15:06:39','-50-50-1','局浸','有机',0,0),(93,'昆明华曦牧业集团有限公司','有机液体温度计','-50','50','1','无','3154','131022015-1','','待测',1,'2013-10-22 15:06:45','-50-50-1','局浸','有机',0,0),(94,'昆明华曦牧业集团有限公司','有机液体温度计','-50','50','1','无','3155','131022015-1','','待测',1,'2013-10-22 15:06:52','-50-50-1','局浸','有机',0,0),(95,'云南芳汇山珍商贸有限公司','水银温度计','0','100','1','无','2200','131022029-1','','待测',1,'2013-10-22 15:08:19','普通0-100','竹节','水银',0,0),(96,'云南芳汇山珍商贸有限公司','水银温度计','0','300','2','无','3495','131022029-1','','待测',1,'2013-10-22 15:08:35','普通0-300','竹节','水银',0,0),(97,'云南生物谷药业股份有限公司','干湿球温度计','-10','50','0.5','无','3851','131022003-2','','待测',1,'2013-10-22 15:09:34','干湿球温度计','全浸','有机',0,0),(98,'云南生物谷药业股份有限公司','干湿球温度计','-10','50','0.5','无','3852','131022003-2','','待测',1,'2013-10-22 15:09:41','干湿球温度计','全浸','有机',0,0),(99,'云南生物谷药业股份有限公司','干湿球温度计','-10','50','0.5','无','3853','131022003-2','','待测',1,'2013-10-22 15:10:31','干湿球温度计','全浸','有机',0,0),(100,'云南生物谷药业股份有限公司','干湿球温度计','-10','50','0.5','无','3854','131022003-2','','待测',1,'2013-10-22 15:10:36','干湿球温度计','全浸','有机',0,0),(101,'云南生物谷药业股份有限公司','干湿球温度计','-10','50','0.5','无','3855','131022003-2','','待测',1,'2013-10-22 15:10:40','干湿球温度计','全浸','有机',0,0),(102,'云南生物谷药业股份有限公司','干湿球温度计','-10','50','0.5','无','3856','131022003-2','','待测',1,'2013-10-22 15:10:45','干湿球温度计','全浸','有机',0,0),(103,'云南生物谷药业股份有限公司','干湿球温度计','-10','50','0.5','无','3857','131022003-2','','待测',1,'2013-10-22 15:10:50','干湿球温度计','全浸','有机',0,0),(104,'云南生物谷药业股份有限公司','干湿球温度计','-10','50','0.5','无','3858','131022003-2','','待测',1,'2013-10-22 15:10:56','干湿球温度计','全浸','有机',0,0),(105,'云南生物谷药业股份有限公司','干湿球温度计','-10','50','0.5','无','3859','131022003-2','','待测',1,'2013-10-22 15:11:01','干湿球温度计','全浸','有机',0,0),(106,'云南生物谷药业股份有限公司','干湿球温度计','-10','50','0.5','无','3860','131022003-2','','待测',1,'2013-10-22 15:11:06','干湿球温度计','全浸','有机',0,0),(107,'云南生物谷药业股份有限公司','干湿球温度计','-10','50','0.5','无','3861','131022003-2','','待测',1,'2013-10-22 15:11:10','干湿球温度计','全浸','有机',0,0),(108,'云南生物谷药业股份有限公司','干湿球温度计','-10','50','0.5','无','3862','131022003-2','','待测',1,'2013-10-22 15:11:17','干湿球温度计','全浸','有机',0,0),(109,'云南生物谷药业股份有限公司','干湿球温度计','-10','50','0.5','无','3863','131022003-2','','待测',1,'2013-10-22 15:11:22','干湿球温度计','全浸','有机',0,0),(110,'云南生物谷药业股份有限公司','干湿球温度计','-10','50','0.5','无','3864','131022003-2','','待测',1,'2013-10-22 15:11:27','干湿球温度计','全浸','有机',0,0),(111,'云南生物谷药业股份有限公司','干湿球温度计','-10','50','0.5','无','3865','131022003-2','','待测',1,'2013-10-22 15:11:32','干湿球温度计','全浸','有机',0,0),(112,'云南生物谷药业股份有限公司','干湿球温度计','-10','50','0.5','无','3866','131022003-2','','待测',1,'2013-10-22 15:11:37','干湿球温度计','全浸','有机',0,0),(113,'云南生物谷药业股份有限公司','干湿球温度计','-10','50','0.5','无','3867','131022003-2','','待测',1,'2013-10-22 15:11:42','干湿球温度计','全浸','有机',0,0),(114,'云南生物谷药业股份有限公司','干湿球温度计','-10','50','0.5','无','3868','131022003-2','','待测',1,'2013-10-22 15:11:47','干湿球温度计','全浸','有机',0,0),(115,'云南生物谷药业股份有限公司','干湿球温度计','-10','50','0.5','无','3869','131022003-2','','待测',1,'2013-10-22 15:11:52','干湿球温度计','全浸','有机',0,0),(116,'云南生物谷药业股份有限公司','干湿球温度计','-10','50','0.5','无','3870','131022003-2','','待测',1,'2013-10-22 15:12:00','干湿球温度计','全浸','有机',0,0),(121,'云南省建筑材料科学研究设计院','干湿球温度计','-10','50','0.5','上海华辰医用仪表有限公司','3871','131022025-2','','待测',1,'2013-10-22 15:20:04','干湿球温度计','全浸','有机',0,0),(122,'云南省建筑材料科学研究设计院','干湿球温度计','-10','50','0.5','上海华辰医用仪表有限公司','3872','131022025-2','','待测',1,'2013-10-22 15:20:12','干湿球温度计','全浸','有机',0,0),(123,'云南省建筑材料科学研究设计院','干湿球温度计','-10','50','0.5','上海华辰医用仪表有限公司','3873','131022025-2','','待测',1,'2013-10-22 15:20:20','干湿球温度计','全浸','有机',0,0),(124,'云南省建筑材料科学研究设计院','干湿球温度计','-10','50','0.5','上海华辰医用仪表有限公司','3874','131022025-2','','待测',1,'2013-10-22 15:20:25','干湿球温度计','全浸','有机',0,0),(125,'云南省建筑材料科学研究设计院','干湿球温度计','-10','50','0.5','上海华辰医用仪表有限公司','3875','131022025-2','','待测',1,'2013-10-22 15:20:37','干湿球温度计','全浸','有机',0,0),(126,'云南老家生态食品有限公司','水银温度计','0','100','1','无','1652','131022016-2','','待测',1,'2013-10-22 16:28:44','普通0-100','竹节','水银',0,0),(127,'云南老家生态食品有限公司','水银温度计','0','100','1','无','5075','131022016-2','','待测',1,'2013-10-22 16:28:55','普通0-100','竹节','水银',0,0),(128,'云南老家生态食品有限公司','水银温度计','0','300','2','无','1254','131022016-2','','待测',1,'2013-10-22 16:29:12','普通0-300','竹节','水银',0,0),(129,'云南老家生态食品有限公司','水银温度计','0','100','1','无','1650','131022016-2','','待测',1,'2013-10-22 16:29:34','普通0-100','局浸','水银',0,0),(130,'漳州达隆食品有限公司昆明分公司','有机液体温度计','0','150','1','无','326','131021013-2','','待测',1,'2013-10-22 16:31:08','0-150','局浸','有机',0,0),(131,'云南鑫田环境分析测试有限公司','水银温度计','0','100','1','无','3881','131023006-1','','待测',1,'2013-10-23 16:01:56','普通0-100','局浸','水银',0,0),(132,'云南鑫田环境分析测试有限公司','水银温度计','0','300','2','无','3882','131023006-1','','待测',1,'2013-10-23 16:02:10','普通0-300','局浸','水银',0,0),(133,'红河弥红庄园葡萄酒业有限公司','水银温度计','0','100','1','重庆体温计厂','3972','131104066-1','','待测',1,'2013-11-05 10:04:55','普通0-100','竹节','水银',0,0),(134,'红河弥红庄园葡萄酒业有限公司','水银温度计','0','300','2','无','3973','131104066-1','','待测',1,'2013-11-05 10:05:15','普通0-300','竹节','水银',0,0),(135,'云南宏程建设工程质量检测有限公司','水银温度计','0','50','0.1','无','3324','131104064-5','','待测',1,'2013-11-05 10:06:23','0-50-0.1','全浸','水银',0,0),(136,'云南玉溪银河化工有限责任公司','水银温度计','0','100','1','无','1542','131104026-8','','待测',1,'2013-11-05 10:07:49','普通0-100','局浸','水银',0,0),(137,'云南玉溪银河化工有限责任公司','水银温度计','0','100','1','无','1543','131104026-8','','待测',1,'2013-11-05 10:08:00','普通0-100','局浸','水银',0,0),(138,'昆明康农饲料有限公司','水银温度计','0','300','2','无','4094','131101049-4','','待测',1,'2013-11-05 10:09:27','普通0-300','竹节','水银',0,0),(139,'昆明苏云腌腊制品厂','水银温度计','0','300','2','无','3420','131104005-2','','待测',1,'2013-11-05 10:10:21','普通0-300','竹节','水银',0,0),(140,'农业部花卉产品质量监督检验测试中心（昆明）','水银温度计','0','100','1','无','2427','131031046-1','','待测',1,'2013-11-05 10:16:14','普通0-100','竹节','水银',0,0),(141,'农业部花卉产品质量监督检验测试中心（昆明）','水银温度计','0','300','2','无','159','131031046-1','','待测',1,'2013-11-05 10:16:55','普通0-300','竹节','水银',0,0),(142,'昆明市官渡区聚富园食品加工厂','水银温度计','0','100','1','无','3981','131101035-1','','待测',1,'2013-11-05 10:18:58','普通0-100','竹节','水银',0,0),(143,'昆明市官渡区聚富园食品加工厂','水银温度计','0','200','1','无','3982','131101035-1','','待测',1,'2013-11-05 10:19:53','普通0-200','竹节','水银',0,0),(144,'嵩明县疾病预防控制中心','水银温度计','0','100','1','天津第八玻璃制造厂','1881','131101014-2','','待测',1,'2013-11-05 10:21:05','普通0-100','竹节','水银',0,0),(145,'嵩明县疾病预防控制中心','有机液体温度计','0','100','1','无','3612','131101014-2','','待测',1,'2013-11-05 10:21:28','普通0-100','局浸','水银',0,0),(146,'宜良县匡远镇利兴食品厂','水银温度计','0','300','2','无','3985','131101046-3','','待测',1,'2013-11-05 10:23:42','普通0-300','竹节','水银',0,0),(147,'宜良县匡远镇利兴食品厂','水银温度计','0','300','2','无','3986','131101046-3','','待测',1,'2013-11-05 10:23:49','普通0-300','竹节','水银',0,0),(148,'大姚家和天然食品开发有限责任公司','水银温度计','0','100','1','无','3987','131101034-1','','待测',1,'2013-11-05 10:24:48','普通0-100','竹节','水银',0,0),(149,'大姚家和天然食品开发有限责任公司','水银温度计','0','200','1','无','3988','131101034-1','','待测',1,'2013-11-05 10:25:37','普通0-200','竹节','水银',0,0),(150,'昆明市五华区天河化工厂','水银温度计','0','300','2','无','3989','131101041-1','','待测',1,'2013-11-05 10:26:18','普通0-300','竹节','水银',0,0),(151,'寻甸县建设工程质量检测中心','水银温度计','0','100','1','无','3990','131101028-7','','待测',1,'2013-11-05 10:28:16','普通0-100','局浸','水银',0,0),(152,'寻甸县建设工程质量检测中心','水银温度计','0','300','2','无','3991','131101028-7','','待测',1,'2013-11-05 10:29:03','普通0-300','竹节','水银',0,0),(153,'云南云科药业有限公司','水银温度计','0','100','0.2','无','200','131031043-1','','待测',1,'2013-11-05 10:30:55','0-100-0.2','全浸','水银',0,0),(154,'云南云科药业有限公司','水银温度计','0','150','1','无','3993','131031043-1','','待测',1,'2013-11-05 10:31:31','0-150','局浸','水银',0,0),(155,'云南云科药业有限公司','水银温度计','0','200','1','天津第八玻璃制造厂','170','131031043-1','','待测',1,'2013-11-05 10:32:19','普通0-200','局浸','水银',0,0),(156,'云南云科药业有限公司','水银温度计','0','200','1','天津第八玻璃制造厂','3995','131031043-1','','待测',1,'2013-11-05 10:32:57','普通0-200','局浸','水银',0,0),(157,'云南云科药业有限公司','水银温度计','0','200','1','天津第八玻璃制造厂','3996','131031043-1','','待测',1,'2013-11-05 10:33:07','普通0-200','局浸','水银',0,0),(158,'云南云科药业有限公司','有机液体温度计','0','100','1','天津第八玻璃制造厂','3997','131031043-1','','断柱',1,'2013-11-05 10:34:32','自定义','局浸','有机',0,0),(159,'新平县环境监测站','水银温度计','0','50','0.1','北京玻璃研究所','4870','131031044-7','','待测',1,'2013-11-05 10:35:43','0-50-0.1','竹节','水银',0,0),(160,'普洱景谷力量生物制品有限公司永平糖厂','水银温度计','0','50','0.1','无','3999','131030048-2','','待测',1,'2013-11-05 10:38:09','0-50-0.1','全浸','水银',0,0),(161,'普洱景谷力量生物制品有限公司永平糖厂','水银温度计','0','300','2','北京玻璃研究所','4000','131030048-3','','待测',1,'2013-11-05 10:39:49','普通0-300','竹节','水银',0,0),(162,'普洱景谷力量生物制品有限公司永平糖厂','水银温度计','0','300','2','北京玻璃研究所','4001','131030048-3','','待测',1,'2013-11-05 10:41:01','普通0-300','竹节','水银',0,0),(163,'普洱景谷力量生物制品有限公司永平糖厂','水银温度计','0','300','2','北京玻璃研究所','4002','131030048-3','','待测',1,'2013-11-05 10:41:06','普通0-300','竹节','水银',0,0),(164,'普洱景谷力量生物制品有限公司永平糖厂','水银温度计','0','300','2','北京玻璃研究所','4003','131030048-3','','待测',1,'2013-11-05 10:41:11','普通0-300','竹节','水银',0,0),(165,'普洱景谷力量生物制品有限公司钟山糖厂','水银温度计','0','50','0.1','无','4004','131030053-2','','待测',1,'2013-11-05 10:46:32','0-50-0.1','全浸','水银',0,0),(166,'普洱景谷力量生物制品有限公司钟山糖厂','水银温度计','0','50','0.1','无','4005','131030053-2','','待测',1,'2013-11-05 10:46:41','0-50-0.1','全浸','水银',0,0),(167,'普洱景谷力量生物制品有限公司钟山糖厂','水银温度计','0','300','2','北京玻璃研究所','4006','131030053-3','','待测',1,'2013-11-05 10:47:07','普通0-300','竹节','水银',0,0),(168,'普洱景谷力量生物制品有限公司钟山糖厂','水银温度计','0','300','2','北京玻璃研究所','4007','131030053-3','','待测',1,'2013-11-05 10:47:14','普通0-300','竹节','水银',0,0),(169,'云南力量生物制品集团有限公司制糖二厂','水银温度计','0','50','0.1','无','4008','131030050-2','','待测',1,'2013-11-05 10:49:04','0-50-0.1','全浸','水银',0,0),(170,'云南力量生物制品集团有限公司制糖二厂','水银温度计','0','50','0.1','无','4009','131030050-2','','待测',1,'2013-11-05 10:50:32','0-50-0.1','全浸','水银',0,0),(171,'云南力量生物制品集团有限公司制糖二厂','水银温度计','0','300','2','北京玻璃研究所','4010','131030050-3','','待测',1,'2013-11-05 10:50:58','普通0-300','竹节','水银',0,0),(172,'云南力量生物制品集团有限公司制糖二厂','水银温度计','0','300','2','北京玻璃研究所','4011','131030050-3','','待测',1,'2013-11-05 10:51:05','普通0-300','竹节','水银',0,0),(173,'云南力量生物制品集团有限公司制糖二厂','水银温度计','0','300','2','北京玻璃研究所','4012','131030050-3','','待测',1,'2013-11-05 10:51:11','普通0-300','竹节','水银',0,0),(174,'普洱江城力量生物制品有限公司江城糖厂','水银温度计','0','50','0.1','无','4013','131030054-1','','待测',1,'2013-11-05 10:52:13','0-50-0.1','全浸','水银',0,0),(175,'普洱江城力量生物制品有限公司江城糖厂','水银温度计','0','300','2','北京玻璃研究所','4014','131030054-2','','待测',1,'2013-11-05 10:53:27','普通0-300','竹节','水银',0,0),(176,'云南天安化工有限公司','水银温度计','0','100','1','重庆体温计厂','0688','131030001-10','','待测',1,'2013-11-05 10:55:36','普通0-100','局浸','水银',0,0),(177,'云南天安化工有限公司','水银温度计','0','100','1','无','4016','131030001-10','','待测',1,'2013-11-05 10:55:48','普通0-100','全浸','水银',0,0),(178,'云南天安化工有限公司','水银温度计','0','200','2','无','4017','131030001-10','','待测',1,'2013-11-05 10:56:26','普通0-200','全浸','水银',0,0),(179,'云南天安化工有限公司','水银温度计','0','300','2','无','4018','131030001-10','','待测',1,'2013-11-05 10:56:58','普通0-300','竹节','水银',0,0),(180,'云南天安化工有限公司','水银温度计','0','300','2','无','4019','131030001-10','','待测',1,'2013-11-05 10:57:04','普通0-300','竹节','水银',0,0),(181,'云南天安化工有限公司','水银温度计','0','300','2','无','4020','131030001-10','','断柱',1,'2013-11-05 10:57:11','自定义','竹节','水银',0,0),(182,'云南英茂农化科技有限公司','水银温度计','0','300','2','无','4021','131029061-3','','待测',1,'2013-11-05 10:59:16','普通0-300','竹节','水银',0,0),(183,'云南英茂农化科技有限公司','水银温度计','0','300','2','无','4022','131029061-3','','待测',1,'2013-11-05 11:00:05','普通0-300','竹节','水银',0,0),(184,'昆明市鹏慈食品有限公司','水银温度计','0','100','1','无','3454','131029063-1','','待测',1,'2013-11-05 11:01:23','普通0-100','竹节','水银',0,0),(185,'昆明市鹏慈食品有限公司','水银温度计','0','300','2','无','3455','131029063-1','','待测',1,'2013-11-05 11:01:35','普通0-300','竹节','水银',0,0),(186,'云南省橡胶产品质量监督检验站','水银温度计','0','200','2','无','0548','131029055-3','','待测',1,'2013-11-05 11:03:39','普通0-200','竹节','水银',0,0),(187,'云南锡业集团商品混凝土有限公司','水银温度计','0','300','2','无','4026','131030007-2','','待测',1,'2013-11-05 11:04:55','普通0-300','竹节','水银',0,0),(188,'云南锡业集团商品混凝土有限公司','有机液体温度计','0','50','0.5','无','4027','131030007-2','','待测',1,'2013-11-05 11:38:17','普通0-50','局浸','有机',0,0),(189,'云南锡业集团商品混凝土有限公司','有机液体温度计','0','200','2','无','4028','131030007-2','','待测',1,'2013-11-05 11:38:35','普通0-200','局浸','有机',0,0),(190,'中国航空油料有限责任公司云南分公司','水银温度计','-10','50','0.2','上海医用仪表厂','894','131105021-1','','待测',1,'2013-11-05 11:40:50','0-50-0.2','全浸','水银',0,0),(191,'中国航空油料有限责任公司云南分公司','水银温度计','-10','50','0.2','上海医用仪表厂','569','131105021-1','','待测',1,'2013-11-05 11:40:56','0-50-0.2','全浸','水银',0,0),(192,'中国航空油料有限责任公司云南分公司','水银温度计','-10','50','0.2','上海医用仪表厂','1012','131105021-1','','待测',1,'2013-11-05 11:41:01','0-50-0.2','全浸','水银',0,0),(193,'中国航空油料有限责任公司云南分公司','水银温度计','-10','50','0.2','上海医用仪表厂','456','131105021-1','','待测',1,'2013-11-05 11:41:06','0-50-0.2','全浸','水银',0,0),(194,'中国航空油料有限责任公司云南分公司','水银温度计','-10','50','0.2','上海医用仪表厂','112','131105021-1','','待测',1,'2013-11-05 11:41:11','0-50-0.2','全浸','水银',0,0),(195,'中国航空油料有限责任公司云南分公司','水银温度计','-10','50','0.2','上海医用仪表厂','140','131105021-1','','待测',1,'2013-11-05 11:41:15','0-50-0.2','全浸','水银',0,0),(196,'中国航空油料有限责任公司云南分公司','水银温度计','-10','50','0.2','上海医用仪表厂','945','131105021-1','','待测',1,'2013-11-05 11:41:20','0-50-0.2','全浸','水银',0,0),(197,'中国航空油料有限责任公司云南分公司','水银温度计','-10','50','0.2','上海医用仪表厂','114','131105021-1','','待测',1,'2013-11-05 11:41:24','0-50-0.2','全浸','水银',0,0),(198,'中国航空油料有限责任公司云南分公司','水银温度计','-10','50','0.2','上海医用仪表厂','131','131105021-1','','待测',1,'2013-11-05 11:41:32','0-50-0.2','全浸','水银',0,0),(199,'中国航空油料有限责任公司云南分公司','水银温度计','-10','50','0.2','上海医用仪表厂','947','131105021-1','','待测',1,'2013-11-05 11:41:36','0-50-0.2','全浸','水银',0,0),(200,'云南空港华卓航空食品有限公司','水银温度计','-30','50','0.2','北京玻璃研究所','2571（配121）','131101001-3','','待测',1,'2013-11-05 11:45:08','-30-50-0.2','全浸','水银',0,0),(201,'云南空港华卓航空食品有限公司','水银温度计','0','300','2','无','2965（G73)','131101001-3','','待测',1,'2013-11-05 11:45:42','普通0-300','竹节','水银',0,0),(202,'云南广泽商业有限公司','水银温度计','0','100','1','无','3266','131105010-2','','待测',1,'2013-11-05 11:46:30','普通0-100','竹节','水银',0,0),(203,'云南保升龙糖业有限责任公司','有机液体温度计','0','100','1','无','4042','131105042-1','','待测',1,'2013-11-05 14:16:55','普通0-100','局浸','有机',0,0),(204,'云南保升龙糖业有限责任公司','有机液体温度计','0','100','1','无','4043','131105042-1','','待测',1,'2013-11-05 14:17:40','普通0-100','局浸','有机',0,0),(205,'云南广泽实业有限公司','水银温度计','0','200','1','无','4044','131105043-1','','待测',1,'2013-11-05 14:18:44','普通0-200','竹节','水银',0,0),(206,'景谷县建设工程质量检测中心','水银温度计','0','300','2','北京玻璃研究所','4045','131105045-2','','待测',1,'2013-11-05 14:19:48','普通0-300','竹节','水银',0,0),(207,'昆明东川稷龙工贸有限公司','水银温度计','0','300','2','北京玻璃研究所','4046','131105044-1','','待测',1,'2013-11-05 14:22:50','普通0-300','竹节','水银',0,0),(208,'昆明市官渡区建设工程质量检测中心有限公司','干湿球温度计','0','50','0.5','上海华辰医用仪表有限公司','3547','131030047-21','','待测',1,'2013-11-05 14:24:33','干湿球温度计','全浸','有机',0,0),(209,'云南杰岩建筑工程检测有限公司','干湿球温度计','-10','50','0.5','上海华辰医用仪表有限公司','4048','131104021-14','','待测',1,'2013-11-05 14:25:43','干湿球温度计','全浸','有机',0,0),(210,'云南省会泽穆林工贸有限公司','水银温度计','0','50','0.1','无','4049','131105026-3','','待测',1,'2013-11-05 14:28:49','0-50-0.1','全浸','水银',0,0),(211,'昆明嘉庆年华茶业有限公司茶厂','水银温度计','0','300','2','北京玻璃研究所','4050','131105030-1','','待测',1,'2013-11-05 14:30:06','普通0-300','竹节','水银',0,0),(212,'昆明冬冬食品有限公司','金属套管温度计','50','130','0.5','无','4051','131104028-2','','断柱',1,'2013-11-05 14:31:56','自定义','局浸','水银',0,0),(213,'昆明冬冬食品有限公司','金属套管温度计','50','130','0.5','无','4052','131104028-2','','待测',1,'2013-11-05 14:32:13','自定义','局浸','水银',0,0),(214,'云南电力技术有限责任公司','机械式通风干湿表','-25','50','0.2','天津气象仪器厂','181','131031014-2','','待测',1,'2013-11-05 16:09:10','自定义','全浸','水银',0,0),(215,'云南电力技术有限责任公司','机械式通风干湿表','-25','50','0.2','天津气象仪器厂','431','131031014-2','','待测',1,'2013-11-05 16:09:15','自定义','全浸','水银',0,0),(216,'云南电力技术有限责任公司','机械式通风干湿表','-25','50','0.2','天津气象仪器厂','1082','131031014-2','','待测',1,'2013-11-05 16:09:59','自定义','全浸','水银',0,0),(217,'云南电力技术有限责任公司','机械式通风干湿表','-25','50','0.2','天津气象仪器厂','1073','131031014-2','','待测',1,'2013-11-05 16:10:03','自定义','全浸','水银',0,0),(218,'绥江县疾病预防控制中心','冰箱温度计','-30','40','1','无','4057','131107027-1','','待测',1,'2013-11-07 10:58:14','冰箱温度计-30-40','全浸','有机',0,0),(219,'云南红河神泉葡萄酒有限责任公司','有机液体温度计','0','50','1','无','4058','131118056-2','','待测',1,'2013-11-19 20:01:52','普通0-50','全浸','有机',0,0),(220,'云南红河神泉葡萄酒有限责任公司','水银温度计','0','100','1','无','0083（M24)','131118056-2','','待测',1,'2013-11-19 20:03:05','普通0-100','局浸','水银',0,0),(221,'瑞丽瑞丽江酒业有限公司','有机液体温度计','0','50','1','无','4060','131119026-2','','待测',1,'2013-11-19 20:05:45','普通0-50','全浸','有机',0,0),(222,'泸西县钟华糕点厂','水银温度计','0','100','1','上海医用仪表厂','4061','131118045-1','','待测',1,'2013-11-19 20:07:31','普通0-100','竹节','水银',0,0),(223,'泸西县钟华糕点厂','水银温度计','0','200','1','北京玻璃研究所','2824','131118045-1','','待测',1,'2013-11-19 20:08:21','普通0-200','竹节','水银',0,0),(224,'会泽誉和天香食品有限公司','水银温度计','0','200','2','无','4063','131118034-1','','待测',1,'2013-11-19 20:10:12','普通0-200','局浸','水银',0,0),(225,'云南元土工程监理有限公司龙瑞第一总监办','水银温度计','0','300','2','无','4064','131118018-2','','待测',1,'2013-11-19 20:11:52','普通0-300','竹节','水银',0,0),(226,'云南三星机械设备制造股份有限公司','水银温度计','0','100','1','北京玻璃研究所','4065','131119062','','待测',1,'2013-11-19 20:13:43','普通0-100','竹节','水银',0,0),(227,'云南三星机械设备制造股份有限公司','水银温度计','0','100','1','北京玻璃研究所','4066','131119062','','待测',1,'2013-11-19 20:15:18','普通0-100','竹节','水银',0,0),(228,'云南三星机械设备制造股份有限公司','水银温度计','0','150','1','无','4067','131119062','','待测',1,'2013-11-19 20:15:42','0-150','竹节','水银',0,0),(229,'云南三星机械设备制造股份有限公司','水银温度计','0','150','1','无','4068','131119062','','待测',1,'2013-11-19 20:15:51','0-150','竹节','水银',0,0),(230,'景东县无量酒业有限责任公司','水银温度计','0','50','0.1','无','4069','131115046-2','','待测',1,'2013-11-19 20:17:44','0-50-0.1','全浸','水银',0,0),(231,'曲靖市质量技术监督综合检测中心','水银温度计','-15','50','0.2','无','132(1)','131114071-3','','待测',1,'2013-11-19 20:19:31','0-50-0.2','全浸','水银',0,0),(232,'曲靖市质量技术监督综合检测中心','水银温度计','-15','50','0.2','无','213','131114071-3','','待测',1,'2013-11-19 20:19:50','0-50-0.2','全浸','水银',0,0),(233,'云南省仁兴饲料场酒曲厂','水银温度计','0','50','0.1','无','4071','131115047-3','','待测',1,'2013-11-19 20:21:19','0-50-0.1','全浸','水银',0,0),(234,'昆明伊天园饮食服务有限公司','水银温度计','0','100','1','无','3007','131115014-4','','待测',1,'2013-11-19 20:23:28','普通0-100','全浸','水银',0,0),(235,'昆明伊天园饮食服务有限公司','水银温度计','0','200','2','无','3008','131115014-4','','待测',1,'2013-11-19 20:23:52','普通0-200','竹节','水银',0,0),(236,'昆明阳春三月茶叶加工有限公司','水银温度计','0','300','2','无','3546','131114065-2','','待测',1,'2013-11-19 20:25:14','普通0-300','全浸','水银',0,0),(237,'呈贡嘉禾工贸有限公司','水银温度计','0','300','2','无','B958','131114042-3','','待测',1,'2013-11-19 20:27:20','普通0-300','竹节','水银',0,0),(238,'昆明经开区洛羊东升糕点加工部','水银温度计','0','100','1','无','3008','131114033-3','','待测',1,'2013-11-19 20:29:31','普通0-100','竹节','水银',0,0),(239,'昆明经开区洛羊东升糕点加工部','水银温度计','0','200','2','无','3009','131114033-3','','待测',1,'2013-11-19 20:29:49','普通0-200','竹节','水银',0,0),(240,'保山市疾病预防控制中心','水银温度计','0','100','1','无','4078','131113050-1','','待测',1,'2013-11-19 20:30:52','普通0-100','竹节','水银',0,0),(241,'云南永康药业有限公司','水银温度计','0','200','1','北京玻璃研究所','1092','131113063-4','','待测',1,'2013-11-19 20:32:20','普通0-200','竹节','水银',0,0),(242,'云南永康药业有限公司','水银温度计','0','200','2','无','1523','131113063-4','','待测',1,'2013-11-19 20:32:36','普通0-200','竹节','水银',0,0),(243,'云南滇检食品质量检验研究所有限公司','水银温度计','0','100','1','无','2217','131113041-1','','待测',1,'2013-11-19 20:34:11','普通0-100','竹节','水银',0,0),(244,'云南滇检食品质量检验研究所有限公司','水银温度计','0','300','2','无','1452（Z147）','131113041-1','','待测',1,'2013-11-19 20:34:46','普通0-300','竹节','水银',0,0),(245,'云南烟叶复烤有限责任公司泸西复烤厂','水银温度计','0','300','2','无','4083','131112020-7','','待测',1,'2013-11-19 20:35:59','普通0-300','竹节','水银',0,0),(246,'云南烟叶复烤有限责任公司泸西复烤厂','水银温度计','0','300','2','无','4084','131112020-7','','待测',1,'2013-11-19 20:36:09','普通0-300','竹节','水银',0,0),(247,'开远市高强商品混凝土有限公司','水银温度计','0','200','2','北京玻璃研究所','4085','131112071-4','','待测',1,'2013-11-19 20:37:54','普通0-200','竹节','水银',0,0),(248,'曲靖市质量技术监督综合检测中心','水银温度计','0','200','2','重庆玻璃研究所','2972','131112047-3','','待测',1,'2013-11-19 20:39:14','普通0-200','局浸','水银',0,0),(249,'安宁金地化工有限公司','水银温度计','0','100','1','无','4087','131112067-2','','待测',1,'2013-11-19 20:40:16','普通0-100','竹节','水银',0,0),(250,'西南交通建设集团股份有限公司龙瑞高速公路第十四合同段项目经理部','水银温度计','0','200','2','无','4088','131112062-1','','待测',1,'2013-11-19 20:42:22','普通0-200','局浸','水银',0,0),(251,'开远市疾病预防控制中心','有机液体温度计','-50','50','1','重庆体温计厂','4089','131113029-1','','待测',1,'2013-11-19 20:44:21','-50-50-1','局浸','有机',0,0),(252,'中铁七局集团有限公司乌东德水电站半角新村公路工程一标项目经理部工地试验室','有机液体温度计','0','150','1','无','4090','131113002-1','','待测',1,'2013-11-19 20:47:22','0-150','局浸','有机',0,0),(253,'中铁七局集团有限公司乌东德水电站半角新村公路工程一标项目经理部工地试验室','有机液体温度计','0','150','1','无','4091','131113002-1','','待测',1,'2013-11-19 20:47:51','0-150','局浸','有机',0,0),(254,'中铁七局集团有限公司乌东德水电站半角新村公路工程一标项目经理部工地试验室','有机液体温度计','0','150','1','无','4092','131113002-1','','待测',1,'2013-11-19 20:47:58','0-150','局浸','有机',0,0),(255,'中铁七局集团有限公司乌东德水电站半角新村公路工程一标项目经理部工地试验室','有机液体温度计','0','150','1','无','4093','131113002-1','','待测',1,'2013-11-19 20:48:05','0-150','局浸','有机',0,0),(256,'中铁七局集团有限公司乌东德水电站半角新村公路工程一标项目经理部工地试验室','有机液体温度计','0','150','1','无','4094','131113002-1','','待测',1,'2013-11-19 20:48:22','0-150','局浸','有机',0,0),(257,'中铁七局集团有限公司乌东德水电站半角新村公路工程一标项目经理部工地试验室','水银温度计','0','50','0.1','无','4095','131113002-1','','待测',1,'2013-11-19 20:51:44','0-50-0.1','全浸','水银',0,0),(258,'中铁七局集团有限公司乌东德水电站半角新村公路工程一标项目经理部工地试验室','水银温度计','0','50','0.1','无','4096','131113002-1','','待测',1,'2013-11-19 20:51:50','0-50-0.1','全浸','水银',0,0),(259,'中铁七局集团有限公司乌东德水电站半角新村公路工程一标项目经理部工地试验室','水银温度计','0','50','0.1','无','4097','131113002-1','','待测',1,'2013-11-19 20:51:55','0-50-0.1','全浸','水银',0,0),(260,'中铁七局集团有限公司乌东德水电站半角新村公路工程一标项目经理部工地试验室','水银温度计','0','50','0.1','无','4098','131113002-1','','待测',1,'2013-11-19 20:52:00','0-50-0.1','全浸','水银',0,0),(261,'中铁七局集团有限公司乌东德水电站半角新村公路工程一标项目经理部工地试验室','水银温度计','0','50','0.1','无','4099','131113002-1','','待测',1,'2013-11-19 20:52:05','0-50-0.1','全浸','水银',0,0),(262,'云南亚热带果制品有限公司','有机液体温度计','0','50','1','无','4100','131114080-2','','待测',1,'2013-11-19 20:53:43','普通0-50','全浸','有机',0,0),(263,'中石化楚雄石油分公司元谋油库','水银温度计','-10','50','0.2','余仪二厂','0660','131113058-2','','待测',1,'2013-11-19 20:55:55','0-50-0.2','全浸','水银',0,0),(264,'中石化楚雄石油分公司元谋油库','水银温度计','-10','50','0.2','余仪二厂','0962','131113058-2','','待测',1,'2013-11-19 20:56:02','0-50-0.2','全浸','水银',0,0),(265,'中石化楚雄石油分公司元谋油库','水银温度计','-10','50','0.2','余仪二厂','0528','131113058-2','','待测',1,'2013-11-19 20:56:07','0-50-0.2','全浸','水银',0,0),(266,'中石化楚雄石油分公司元谋油库','水银温度计','-10','50','0.2','余仪二厂','0766','131113058-2','','待测',1,'2013-11-19 20:56:12','0-50-0.2','全浸','水银',0,0),(267,'大理漾濞雪山清酒厂','水银温度计','0','50','0.1','无','4105','131114066-2','','待测',1,'2013-11-19 20:57:15','0-50-0.1','全浸','水银',0,0),(268,'云南兴利工程检测有限公司','水银温度计','-30','20','0.1','北京玻璃研究所','4106','131115051-2','','待测',1,'2013-11-19 20:59:25','自定义','全浸','水银',0,0),(269,'云南兴利工程检测有限公司','水银温度计','-30','20','0.1','北京玻璃研究所','4107','131115051-2','','待测',1,'2013-11-19 20:59:31','自定义','全浸','水银',0,0),(270,'云南兴利工程检测有限公司','水银温度计','0','300','2','无','4108','131115051-3','','待测',1,'2013-11-19 20:59:53','普通0-300','竹节','水银',0,0),(271,'云南兴利工程检测有限公司','水银温度计','0','300','2','无','4109','131115051-3','','待测',1,'2013-11-19 20:59:58','普通0-300','竹节','水银',0,0),(272,'昆明市第三人民医院','有机液体温度计','-50','50','1','上海医用仪表厂','3891','131113023-1','','待测',1,'2013-11-19 21:09:39','-50-50-1','局浸','有机',0,0),(273,'昆明市第三人民医院','有机液体温度计','-50','50','1','上海医用仪表厂','3786','131113023-1','','待测',1,'2013-11-19 21:09:56','-50-50-1','局浸','有机',0,0),(274,'昆明市第三人民医院','有机液体温度计','-50','50','1','上海医用仪表厂','3789','131113023-1','','待测',1,'2013-11-19 21:10:20','-50-50-1','局浸','有机',0,0),(275,'昆明市第三人民医院','有机液体温度计','-50','50','1','上海医用仪表厂','200311','131113023-1','','待测',1,'2013-11-19 21:10:51','-50-50-1','局浸','有机',0,0),(276,'昆明市第三人民医院','有机液体温度计','-50','50','1','上海医用仪表厂','200401','131113023-1','','待测',1,'2013-11-19 21:10:59','-50-50-1','局浸','有机',0,0),(277,'昆明市第三人民医院','有机液体温度计','-50','50','1','上海医用仪表厂','4115','131113023-1','','待测',1,'2013-11-19 21:12:14','-50-50-1','局浸','有机',0,0),(278,'昆明市第三人民医院','有机液体温度计','-50','50','1','上海医用仪表厂','4116','131113023-1','','待测',1,'2013-11-19 21:12:47','-50-50-1','局浸','有机',0,0),(279,'昆明市第三人民医院','有机液体温度计','-50','50','1','上海医用仪表厂','4584','131113023-1','','断柱',1,'2013-11-19 21:13:47','自定义','局浸','有机',0,0),(280,'昆明市第三人民医院','有机液体温度计','-50','50','1','上海医用仪表厂','3792','131113023-1','','待测',1,'2013-11-19 21:14:08','-50-50-1','局浸','有机',0,0),(281,'昆明市第三人民医院','有机液体温度计','-50','50','1','上海医用仪表厂','3783','131113023-1','','待测',1,'2013-11-19 21:14:32','-50-50-1','局浸','有机',0,0),(282,'昆明市第三人民医院','有机液体温度计','-50','50','1','无','4120','131113023-1','','待测',1,'2013-11-19 21:15:06','-50-50-1','全浸','有机',0,0),(283,'昆明市第三人民医院','有机液体温度计','-50','50','1','无','4121','131113023-1','','待测',1,'2013-11-19 21:18:25','-50-50-1','全浸','有机',0,0),(284,'昆明市第三人民医院','有机液体温度计','-50','50','1','无','4122','131113023-1','','待测',1,'2013-11-19 21:18:33','-50-50-1','全浸','有机',0,0),(285,'昆明市第三人民医院','有机液体温度计','-50','50','1','无','4123','131113023-1','','待测',1,'2013-11-19 21:18:42','-50-50-1','全浸','有机',0,0),(286,'昆明市第三人民医院','有机液体温度计','-50','50','1','无','4124','131113023-1','','待测',1,'2013-11-19 21:18:51','-50-50-1','全浸','有机',0,0),(287,'昆明市第三人民医院','有机液体温度计','-50','50','1','无','4125','131113023-1','','待测',1,'2013-11-19 21:19:04','-50-50-1','全浸','有机',0,0),(288,'昆明市第三人民医院','有机液体温度计','-50','50','1','无','4126','131113023-1','','待测',1,'2013-11-19 21:19:14','-50-50-1','全浸','有机',0,0),(289,'昆明市第三人民医院','有机液体温度计','-50','50','1','无','4127','131113023-1','','待测',1,'2013-11-19 21:19:31','-50-50-1','全浸','有机',0,0),(290,'昆明市第三人民医院','有机液体温度计','-50','50','1','无','4128','131113023-1','','待测',1,'2013-11-19 21:19:53','-50-50-1','全浸','有机',0,0),(291,'昆明市第三人民医院','有机液体温度计','-50','50','1','无','4129','131113023-1','','待测',1,'2013-11-19 21:20:01','-50-50-1','全浸','有机',0,0),(292,'昆明市第三人民医院','有机液体温度计','-50','50','1','无','4130','131113023-1','','待测',1,'2013-11-19 21:20:13','-50-50-1','全浸','有机',0,0),(293,'昆明市第三人民医院','有机液体温度计','-50','50','1','无','4131','131113023-1','','待测',1,'2013-11-19 21:20:20','-50-50-1','全浸','有机',0,0),(294,'昆明市第三人民医院','有机液体温度计','-50','50','1','无','4132','131113023-1','','断柱',1,'2013-11-19 21:20:44','自定义','全浸','有机',0,0),(295,'昆明市第三人民医院','有机液体温度计','-50','50','1','无','4133','131113023-1','','待测',1,'2013-11-19 21:21:28','-50-50-1','全浸','有机',0,0),(296,'昆明市第三人民医院','有机液体温度计','-50','50','1','无','4589','131113023-1','','待测',1,'2013-11-19 21:22:22','-50-50-1','全浸','有机',0,0),(297,'昆明市第三人民医院','有机液体温度计','-50','50','1','无','4597','131113023-1','','待测',1,'2013-11-19 21:22:31','-50-50-1','全浸','有机',0,0),(298,'昆明市第三人民医院','有机液体温度计','-50','50','1','无','4592','131113023-1','','待测',1,'2013-11-19 21:22:40','-50-50-1','全浸','有机',0,0),(299,'昆明市第三人民医院','有机液体温度计','-50','50','1','无','4598','131113023-1','','待测',1,'2013-11-19 21:22:47','-50-50-1','全浸','有机',0,0),(300,'昆明市第三人民医院','有机液体温度计','-50','50','1','无','4600','131113023-1','','待测',1,'2013-11-19 21:22:54','-50-50-1','全浸','有机',0,0),(301,'昆明市第三人民医院','有机液体温度计','-50','50','1','无','4599','131113023-1','','待测',1,'2013-11-19 21:23:01','-50-50-1','全浸','有机',0,0),(302,'昆明市第三人民医院','有机液体温度计','-50','50','1','无','4591','131113023-1','','待测',1,'2013-11-19 21:23:10','-50-50-1','全浸','有机',0,0),(303,'昆明市第三人民医院','有机液体温度计','0','100','1','无','4601','131113023-1','','待测',1,'2013-11-19 21:23:41','普通0-100','全浸','有机',0,0),(304,'昆明市第三人民医院','有机液体温度计','0','100','1','无','4142','131113023-1','','待测',1,'2013-11-19 21:23:59','普通0-100','全浸','有机',0,0),(305,'中铝昆明铜业有限公司','水银温度计','0','100','1','重庆体温计厂','4143','131113034-8','','待测',1,'2013-11-19 21:31:24','普通0-100','局浸','水银',0,0),(306,'中铝昆明铜业有限公司','水银温度计','0','300','2','重庆体温计厂','0026','131113034-8','','待测',1,'2013-11-19 21:32:07','普通0-300','竹节','水银',0,0),(307,'中铝昆明铜业有限公司','石油产品用温度计','38','42','0.1','沈阳玻璃计器厂','103','131113034-9','','待测',1,'2013-11-19 21:34:11','运动粘度4号38-42','全浸 运动粘度计4号','水银',0,0),(308,'中铝昆明铜业有限公司','石油产品用温度计','38','42','0.1','沈阳玻璃计器厂','82','131113034-9','','待测',1,'2013-11-19 21:34:21','运动粘度4号38-42','全浸 运动粘度计4号','水银',0,0),(309,'中铝昆明铜业有限公司','石油产品用温度计','38','42','0.1','沈阳玻璃计器厂','132','131113034-9','','待测',1,'2013-11-19 21:34:32','运动粘度4号38-42','全浸 运动粘度计4号','水银',0,0),(310,'中铝昆明铜业有限公司','石油产品用温度计','38','42','0.1','沈阳玻璃计器厂','115','131113034-9','','待测',1,'2013-11-19 21:34:40','运动粘度4号38-42','全浸 运动粘度计4号','水银',0,0),(311,'昆明高新达安医学检验所有限公司','有机液体温度计','-50','50','1','无','WDJ003','131112072-2','','待测',1,'2013-11-20 09:51:52','-50-50-1','全浸','有机',0,0),(312,'昆明高新达安医学检验所有限公司','有机液体温度计','-50','50','1','无','WDJ004','131112072-2','','待测',1,'2013-11-20 09:51:58','-50-50-1','全浸','有机',0,0),(313,'昆明高新达安医学检验所有限公司','有机液体温度计','-50','50','1','无','WDJ016','131112072-2','','待测',1,'2013-11-20 09:52:03','-50-50-1','全浸','有机',0,0),(314,'昆明高新达安医学检验所有限公司','水银温度计','-50','50','1','无','4152','131112072-2','','待测',1,'2013-11-20 09:52:15','-50-50-1','全浸','水银',0,0),(315,'宜良县建设工程质量检测中心','水银温度计','0','50','0.1','无','3229','131113004-14','','待测',1,'2013-11-20 09:55:27','0-50-0.1','全浸','水银',0,0),(316,'宜良县建设工程质量检测中心','水银温度计','0','100','1','无','3732','131113004-14','','待测',1,'2013-11-20 09:55:51','普通0-100','全浸','水银',0,0),(317,'宜良县建设工程质量检测中心','水银温度计','0','200','2','无','3430','131113004-14','','待测',1,'2013-11-20 09:56:20','普通0-200','全浸','水银',0,0),(318,'宜良县建设工程质量检测中心','干湿球温度计','0','50','0.5','上海华辰医用一般有限公司','4568','131113004-17','','待测',1,'2013-11-20 10:22:10','干湿球温度计','全浸','有机',0,0),(319,'重庆黄浦建设集团有限公司安普项目部','水银温度计','0','300','2','无','4157','131113026-1','','待测',1,'2013-11-20 10:25:16','普通0-300','竹节','有机',0,0),(320,'重庆黄浦建设集团有限公司安普项目部','干湿球温度计','-20','50','0.5','冀州市耀华器械仪表厂','4158','131113026-2','','待测',1,'2013-11-20 10:28:53','干湿球温度计','全浸','有机',0,0),(321,'南涧县建设工程质量检测有限责任公司','干湿球温度计','0','50','0.5','上海华辰医用仪表有限公司','NJJC-SB-035','131118063-8','','待测',1,'2013-11-20 10:32:14','干湿球温度计','全浸','有机',0,0),(322,'昆明兴路公路工程质量检测有限公司','干湿球温度计','-20','50','0.5','上海华辰医用仪表有限公司','4160','131114025-1','','待测',1,'2013-11-20 10:33:42','干湿球温度计','全浸','有机',0,0),(323,'中国科学院昆明动物研究所','体温计','35','42','0.1','无','4551','131114006-6','','待测',1,'2013-11-20 10:35:52','自定义','全浸','水银',0,0),(324,'中国科学院昆明动物研究所','体温计','35','42','0.1','无','4554','131114006-6','','待测',1,'2013-11-20 10:37:28','自定义','全浸','水银',0,0),(325,'中国科学院昆明动物研究所','体温计','35','42','0.1','无','4548','131114006-6','','待测',1,'2013-11-20 10:37:37','自定义','全浸','水银',0,0),(326,'中国科学院昆明动物研究所','体温计','35','42','0.1','无','4555','131114006-6','','待测',1,'2013-11-20 10:37:43','自定义','全浸','水银',0,0),(327,'中国科学院昆明动物研究所','体温计','35','42','0.1','无','4550','131114006-6','','待测',1,'2013-11-20 10:37:48','自定义','全浸','水银',0,0),(328,'云南策强建筑工程质量检测有限公司','干湿球温度计','-20','50','0.5','上海医用仪表厂','1039','131113056-3','','待测',1,'2013-11-20 10:41:09','干湿球温度计','全浸','有机',0,0),(329,'云南大杰科技咨询有限公司','机械通风干湿表','-35','45','0.2','上海轶品仪器仪表有限公司','53','131113008-5','','待测',1,'2013-11-20 10:44:12','自定义','全浸','水银',0,0),(330,'云南大杰科技咨询有限公司','机械通风干湿表','-35','45','0.2','上海轶品仪器仪表有限公司','150','131113008-5','','待测',1,'2013-11-20 10:44:19','自定义','全浸','水银',0,0),(331,'中国医学科学院医学生物学研究所','有机液体温度计','-50','50','1','无','4169','131119040-1','','待测',1,'2013-11-20 10:49:22','-50-50-1','局浸','有机',0,0),(332,'中国医学科学院医学生物学研究所','有机液体温度计','-50','50','1','无','4170','131119040-1','','待测',1,'2013-11-20 10:56:31','-50-50-1','局浸','有机',0,0),(333,'中国医学科学院医学生物学研究所','有机液体温度计','-50','50','1','无','4171','131119040-1','','待测',1,'2013-11-20 10:56:36','-50-50-1','局浸','有机',0,0),(334,'中国医学科学院医学生物学研究所','有机液体温度计','-50','50','1','无','4172','131119040-1','','待测',1,'2013-11-20 10:56:41','-50-50-1','局浸','有机',0,0),(335,'中国医学科学院医学生物学研究所','有机液体温度计','-50','50','1','无','4173','131119040-1','','待测',1,'2013-11-20 10:56:46','-50-50-1','局浸','有机',0,0),(336,'中国医学科学院医学生物学研究所','有机液体温度计','-50','50','1','无','4174','131119040-1','','待测',1,'2013-11-20 10:56:50','-50-50-1','局浸','有机',0,0),(337,'中国医学科学院医学生物学研究所','有机液体温度计','-50','50','1','无','4175','131119040-1','','待测',1,'2013-11-20 10:56:55','-50-50-1','局浸','有机',0,0),(338,'中国医学科学院医学生物学研究所','有机液体温度计','-50','50','1','无','4176','131119040-1','','待测',1,'2013-11-20 10:56:59','-50-50-1','局浸','有机',0,0),(339,'中国医学科学院医学生物学研究所','有机液体温度计','-50','50','1','无','4177','131119040-1','','待测',1,'2013-11-20 10:57:03','-50-50-1','局浸','有机',0,0),(340,'中国医学科学院医学生物学研究所','有机液体温度计','-50','50','1','无','4178','131119040-1','','待测',1,'2013-11-20 10:57:06','-50-50-1','局浸','有机',0,0),(341,'中国医学科学院医学生物学研究所','有机液体温度计','-50','50','1','无','4179','131119040-1','','待测',1,'2013-11-20 10:57:10','-50-50-1','局浸','有机',0,0),(342,'中国医学科学院医学生物学研究所','有机液体温度计','-50','50','1','无','4180','131119040-1','','待测',1,'2013-11-20 10:57:15','-50-50-1','局浸','有机',0,0),(343,'中国医学科学院医学生物学研究所','有机液体温度计','-50','50','1','无','4181','131119040-1','','待测',1,'2013-11-20 10:57:19','-50-50-1','局浸','有机',0,0),(344,'中国医学科学院医学生物学研究所','有机液体温度计','-50','50','1','无','4182','131119040-1','','待测',1,'2013-11-20 10:57:23','-50-50-1','局浸','有机',0,0),(345,'中国医学科学院医学生物学研究所','有机液体温度计','-50','50','1','无','4183','131119040-1','','待测',1,'2013-11-20 10:57:27','-50-50-1','局浸','有机',0,0),(346,'中国医学科学院医学生物学研究所','有机液体温度计','-50','50','1','无','4184','131119040-1','','待测',1,'2013-11-20 10:57:33','-50-50-1','局浸','有机',0,0),(347,'中国医学科学院医学生物学研究所','有机液体温度计','-50','50','1','无','4185','131119040-1','','待测',1,'2013-11-20 10:57:37','-50-50-1','局浸','有机',0,0),(348,'中国医学科学院医学生物学研究所','有机液体温度计','-50','50','1','无','4186','131119040-1','','待测',1,'2013-11-20 10:57:40','-50-50-1','局浸','有机',0,0),(349,'中国医学科学院医学生物学研究所','有机液体温度计','-50','50','1','无','4187','131119040-1','','待测',1,'2013-11-20 10:57:44','-50-50-1','局浸','有机',0,0),(350,'中国医学科学院医学生物学研究所','有机液体温度计','-50','50','1','无','4188','131119040-1','','待测',1,'2013-11-20 10:57:47','-50-50-1','局浸','有机',0,0),(351,'云南云岭高速公路桥梁工程有限公司昆东养护项目部','水银温度计','50','100','0.1','无','4189','131120008-1','','待测',1,'2013-11-20 10:59:46','精密50-100-0.1','全浸','水银',0,0),(352,'武汉楚衡建设工程检测有限公司','干湿球温度计','-10','50','0.5','河北省武强县同辉仪表厂','4190','131114073-3','','待测',1,'2013-11-20 11:03:00','干湿球温度计','全浸','有机',0,0),(353,'昆明倍朗科技有限公司','冰箱用最低温度计','-30','30','1','上海华辰医用仪表有限公司','4191','131114068-1','','待测',1,'2013-11-20 11:07:00','冰箱温度计-30-30','全浸','有机',0,0),(354,'昆明倍朗科技有限公司','冰箱用最低温度计','-30','30','1','上海华辰医用仪表有限公司','4192','131114068-1','','待测',1,'2013-11-20 11:13:41','冰箱温度计-30-30','全浸','有机',0,0),(355,'昆明倍朗科技有限公司','冰箱用最低温度计','-30','30','1','上海华辰医用仪表有限公司','4193','131114068-1','','待测',1,'2013-11-20 11:13:47','冰箱温度计-30-30','全浸','有机',0,0),(356,'昆明倍朗科技有限公司','冰箱用最低温度计','-30','30','1','上海华辰医用仪表有限公司','4194','131114068-1','','待测',1,'2013-11-20 11:13:52','冰箱温度计-30-30','全浸','有机',0,0),(357,'昆明倍朗科技有限公司','冰箱用最低温度计','-30','30','1','上海华辰医用仪表有限公司','4195','131114068-1','','待测',1,'2013-11-20 11:13:56','冰箱温度计-30-30','全浸','有机',0,0),(358,'昆明倍朗科技有限公司','冰箱用最低温度计','-30','30','1','上海华辰医用仪表有限公司','4196','131114068-1','','待测',1,'2013-11-20 11:14:00','冰箱温度计-30-30','全浸','有机',0,0),(359,'昆明倍朗科技有限公司','冰箱用最低温度计','-30','30','1','上海华辰医用仪表有限公司','4197','131114068-1','','待测',1,'2013-11-20 11:14:04','冰箱温度计-30-30','全浸','有机',0,0),(360,'昆明倍朗科技有限公司','冰箱用最低温度计','-30','30','1','上海华辰医用仪表有限公司','4198','131114068-1','','待测',1,'2013-11-20 11:14:08','冰箱温度计-30-30','全浸','有机',0,0),(361,'昆明倍朗科技有限公司','冰箱用最低温度计','-30','30','1','上海华辰医用仪表有限公司','4199','131114068-1','','待测',1,'2013-11-20 11:14:13','冰箱温度计-30-30','全浸','有机',0,0),(362,'昆明倍朗科技有限公司','冰箱用最低温度计','-30','30','1','上海华辰医用仪表有限公司','4200','131114068-1','','待测',1,'2013-11-20 11:14:17','冰箱温度计-30-30','全浸','有机',0,0),(363,'云南水路交通咨询有限公司','水银温度计','0','200','2','无','4201','131120070-1','','待测',1,'2013-11-20 16:34:06','普通0-200','局浸','水银',0,0),(364,'云南水路交通咨询有限公司','水银温度计','0','300','2','无','4202','131120070-1','','待测',1,'2013-11-20 16:35:13','普通0-300','局浸','水银',0,0),(365,'中铁十八局集团金东大桥工程项目部','水银温度计','0','100','1','无','4203','131120078-2','','待测',1,'2013-11-20 16:37:20','普通0-100','局浸','水银',0,0),(366,'中铁十八局集团金东大桥工程项目部','水银温度计','0','100','1','无','4204','131120078-2','','待测',1,'2013-11-20 16:37:27','普通0-100','局浸','水银',0,0),(367,'中铁十八局集团金东大桥工程项目部','水银温度计','0','100','1','无','4205','131120078-2','','待测',1,'2013-11-20 16:37:34','普通0-100','局浸','水银',0,0),(368,'中铁十八局集团金东大桥工程项目部','水银温度计','0','300','2','无','4206','131120078-3','','待测',1,'2013-11-20 16:37:54','普通0-300','竹节','水银',0,0),(369,'中铁十八局集团金东大桥工程项目部','干湿球温度计','-20','50','1','冀州市耀华器械仪表厂','4207','131120078-1','','待测',1,'2013-11-20 16:40:56','干湿球温度计','全浸','有机',0,0),(370,'中铁十八局集团金东大桥工程项目部','干湿球温度计','-20','50','1','冀州市耀华器械仪表厂','4208','131120078-1','','待测',1,'2013-11-20 16:41:00','干湿球温度计','全浸','有机',0,0),(371,'昆明味美鲜食品有限公司','有机液体温度计','0','300','2','无','4209','131202040-4','','待测',1,'2013-12-03 16:04:02','普通0-300','全浸','',0,0),(372,'昆明味美鲜食品有限公司','有机液体温度计','0','300','2','无','4210','131202040-4','','待测',1,'2013-12-03 16:04:09','普通0-300','全浸','',0,0),(373,'昆明雪兰牛奶有限责任公司','水银温度计','-50','50','1','无','4685','131202048-1','','待测',1,'2013-12-03 16:05:52','-50-50-1','全浸','',0,0),(374,'楚雄连汪坝至南华县城一级公路TJ2合同段','水银温度计','0','100','1','北京玻璃研究所','4212','131202045-5','','待测',1,'2013-12-03 16:07:09','普通0-100','全浸','',0,0),(375,'云南菜根弹饮食文化有限公司','水银温度计','0','100','1','无','4213','131202001-2','','待测',1,'2013-12-03 16:08:59','普通0-100','竹节','',0,0),(376,'石林县杨保全面条厂','水银温度计','0','300','2','无','4214','131129036-2','','待测',1,'2013-12-03 16:10:13','普通0-300','竹节','',0,0),(377,'云南华之味食品有限公司','水银温度计','0','300','2','无','4215','131202009-1','','待测',1,'2013-12-03 16:11:41','普通0-300','竹节','',0,0),(378,'楚雄晨枫山珍食品有限公司','水银温度计','0','100','1','无','2505','131129046-1','','待测',1,'2013-12-03 16:13:28','普通0-100','竹节','',0,0),(379,'楚雄晨枫山珍食品有限公司','水银温度计','0','100','1','无','5166','131129046-1','','待测',1,'2013-12-03 16:13:33','普通0-100','竹节','',0,0),(380,'楚雄晨枫山珍食品有限公司','水银温度计','0','300','2','无','1976','131129046-1','','待测',1,'2013-12-03 16:13:47','普通0-300','竹节','',0,0),(381,'云南亚热带果制品有限公司','水银温度计','0','100','1','北京玻璃研究所','4219','131203033-1','','待测',1,'2013-12-03 16:15:17','普通0-100','竹节','',0,0),(382,'普洱林源树脂有限责任公司','水银温度计','100','200','0.5','上海医用仪表有限公司','17-210','131128047-1','','待测',1,'2013-12-03 16:26:57','自定义','75mm','',0,0),(383,'昆明市海子乳业有限公司','水银温度计','0','200','1','北京玻璃研究所','4221','131128020-2','','待测',1,'2013-12-03 16:28:40','普通0-200','局浸','',0,0),(384,'昆明市海子乳业有限公司','有机液体温度计','0','100','1','无','4222','131128020-1','','待测',1,'2013-12-03 16:29:02','普通0-100','全浸','',0,0),(385,'昆明盛必达化工有限公司','水银温度计','0','300','2','无','4223','131128016-1','','待测',1,'2013-12-03 16:34:34','普通0-300','竹节','',0,0),(386,'云南铭立隆地质矿业有限公司实验室','水银温度计','0','300','2','北京玻璃研究所','4250','131128051-2','','待测',1,'2013-12-03 16:35:59','普通0-300','竹节','',0,0),(387,'永胜榴茗生物资源开发有限公司阳光庄园','水银温度计','0','100','1','无','4225','131128014-2','','待测',1,'2013-12-03 16:37:23','普通0-100','竹节','',0,0),(388,'永胜榴茗生物资源开发有限公司阳光庄园','水银温度计','0','200','1','无','4226','131128014-2','','待测',1,'2013-12-03 16:37:32','普通0-200','竹节','',0,0),(389,'云南物产进出口集团股份有限公司','水银温度计','0','100','1','无','3551','131128015-2','','待测',1,'2013-12-03 16:52:04','普通0-100','竹节','',0,0),(390,'云南物产进出口集团股份有限公司','水银温度计','0','200','1','无','3552','131128015-2','','待测',1,'2013-12-03 16:52:14','普通0-200','竹节','',0,0),(391,'云南义和实业有限公司','水银温度计','0','200','1','无','4538','131127066-5','','待测',1,'2013-12-03 16:53:02','普通0-200','竹节','',0,0),(392,'云南义和实业有限公司','水银温度计','0','300','2','无','4539','131127066-5','','待测',1,'2013-12-03 16:53:16','普通0-300','竹节','',0,0),(393,'云南滇珍坊酒业有限公司','水银温度计','0','50','0.1','无','4231','131127020-6','','待测',1,'2013-12-03 16:54:19','0-50-0.1','全浸','',0,0),(394,'云南坤发环境科技有限公司','水银温度计','0','50','0.1','无','3171','131127041-4','','待测',1,'2013-12-03 16:55:36','0-50-0.1','全浸','',0,0),(395,'七彩云乳业有限公司','水银温度计','0','200','2','无','4233','131127005-1','','待测',1,'2013-12-03 17:02:47','普通0-200','全浸','',0,0),(396,'七彩云乳业有限公司','水银温度计','0','200','2','无','4234','131127005-1','','待测',1,'2013-12-03 17:02:57','普通0-200','全浸','',0,0),(397,'沾益县建设工程质量检测中心','水银温度计','0','100','1','无','4573','131127030-8','','待测',1,'2013-12-03 17:05:00','普通0-100','竹节','',0,0),(398,'沾益县建设工程质量检测中心','水银温度计','0','300','2','无','4574','131127030-8','','待测',1,'2013-12-03 17:05:12','普通0-300','竹节','',0,0),(399,'昆明贝泰妮生物科技有限公司','水银温度计','0','100','1','无','4236','131127001-1','','待测',1,'2013-12-03 17:06:24','普通0-100','局浸','',0,0),(400,'昆明贝泰妮生物科技有限公司','水银温度计','0','100','1','北京玻璃研究所','4237','131127001-1','','待测',1,'2013-12-03 17:06:41','普通0-100','竹节','',0,0),(401,'昆明贝泰妮生物科技有限公司','有机液体温度计','-50','50','1','无','4238','131127001-1','','待测',1,'2013-12-03 17:07:14','-50-50-1','局浸','',0,0),(402,'禄丰县建设工程质量检测中心','水银温度计','0','200','2','无','4239','131203001-1','','待测',1,'2013-12-03 17:24:38','普通0-200','竹节','',0,0),(403,'昆明南疆制药有限公司','水银温度计','10','30','0.5','无','原辅料','131127068-1','','待测',1,'2013-12-03 20:00:20','自定义','局浸','',0,0),(404,'昆明南疆制药有限公司','水银温度计','0','100','1','天津第八玻璃制造厂','SY-100-04','131127068-1','','待测',1,'2013-12-03 20:01:36','自定义','局浸','',0,0),(405,'昆明南疆制药有限公司','水银温度计','0','100','1','天津第八玻璃制造厂','SY-100-01','131127068-1','','待测',1,'2013-12-03 20:01:46','自定义','局浸','',0,0),(406,'昆明南疆制药有限公司','水银温度计','0','300','2','无','360(A2)','131127068-1','','待测',1,'2013-12-03 20:02:27','自定义','竹节','',0,0),(407,'昆明南疆制药有限公司','水银温度计','0','300','2','无','360(A1)','131127068-1','','待测',1,'2013-12-03 20:02:40','自定义','竹节','',0,0),(408,'昆明南疆制药有限公司','水银温度计','-30','100','1','天津第八玻璃制造厂','SY-100-02','131127068-1','','待测',1,'2013-12-03 20:03:26','自定义','局浸','',0,0),(409,'昆明南疆制药有限公司','水银温度计','0','100','1','无','化02','131127068-1','','待测',1,'2013-12-03 20:03:54','自定义','全浸','',0,0),(410,'昆明南疆制药有限公司','水银温度计','0','100','1','无','2196（L4）','131127068-1','','待测',1,'2013-12-03 20:04:47','自定义','全浸','',0,0),(411,'昆明南疆制药有限公司','水银温度计','0','50','0.2','无','3159','131127068-1','','待测',1,'2013-12-03 20:05:15','自定义','全浸','',0,0),(412,'昆明南疆制药有限公司','水银温度计','0','100','1','无','2765','131127068-1','','待测',1,'2013-12-03 20:05:54','自定义','局浸','',0,0),(413,'昆明南疆制药有限公司','水银温度计','0','120','0.5','无','2771','131127068-1','','待测',1,'2013-12-03 20:06:22','自定义','全浸','',0,0),(414,'昆明南疆制药有限公司','有机液体温度计','0','100','1','无','JJ100-01','131127068-1','','待测',1,'2013-12-03 20:06:51','自定义','局浸','',0,0),(415,'昆明南疆制药有限公司','水银温度计','0','200','2','无','1616','131127068-1','','待测',1,'2013-12-03 20:07:23','自定义','局浸','',0,0),(416,'昆明南疆制药有限公司','水银温度计','-10','100','1','无','SX-25','131127068-1','','待测',1,'2013-12-03 20:07:50','自定义','全浸','',0,0),(417,'昆明南疆制药有限公司','水银温度计','0','100','1','无','2916','131127068-1','','待测',1,'2013-12-03 20:08:29','自定义','局浸','',0,0),(418,'昆明南疆制药有限公司','水银温度计','0','100','1','无','7801','131127068-1','','待测',1,'2013-12-03 20:08:46','自定义','局浸','',0,0),(419,'昆明南疆制药有限公司','水银温度计','0','200','2','无','1611','131127068-1','','待测',1,'2013-12-03 20:09:01','自定义','局浸','',0,0),(420,'昆明南疆制药有限公司','水银温度计','0','100','1','无','58-853','131127068-1','','待测',1,'2013-12-03 20:09:20','自定义','局浸','',0,0),(421,'昆明南疆制药有限公司','水银温度计','0','50','1','无','SY-50-01','131127068-1','','待测',1,'2013-12-03 20:09:54','自定义','全浸','',0,0),(422,'昆明南疆制药有限公司','水银温度计','0','200','2','无','1607','131127068-1','','待测',1,'2013-12-03 20:10:11','自定义','局浸','',0,0),(423,'昆明南疆制药有限公司','水银温度计','0','100','1','无','2410','131127068-1','','待测',1,'2013-12-03 20:10:29','自定义','全浸','',0,0),(424,'昆明南疆制药有限公司','水银温度计','0','50','0.1','无','化1','131127068-1','','待测',1,'2013-12-03 20:10:55','自定义','全浸','',0,0),(425,'昆明南疆制药有限公司','水银温度计','0','100','1','无','2190（P4)','131127068-1','','待测',1,'2013-12-03 20:11:17','自定义','竹节','',0,0),(426,'昆明南疆制药有限公司','水银温度计','0','70','0.5','无','10601','131127068-1','','待测',1,'2013-12-03 20:11:45','自定义','竹节','',0,0),(427,'云南省质检院','水银温度计','0','40','0.5','无','1','131127026-1','','待测',1,'2013-12-03 20:28:26','自定义','局浸','',0,0),(428,'云南省质检院','水银温度计','0','40','0.5','无','2','131127026-1','','待测',1,'2013-12-03 20:28:31','自定义','局浸','',0,0),(429,'云南省质检院','水银温度计','0','40','0.5','无','3','131127026-1','','待测',1,'2013-12-03 20:28:34','自定义','局浸','',0,0),(430,'云南省质检院','水银温度计','0','40','0.5','无','4','131127026-1','','待测',1,'2013-12-03 20:28:38','自定义','局浸','',0,0),(431,'禄丰县建设工程质量检测中心','干湿球温度计','-10','50','0.5','上海华辰医用仪表有限公司','4268','131202027-7','','待测',1,'2013-12-03 20:30:43','干湿球温度计','全浸','',0,0),(432,'安宁程威混凝土有限公司','干湿球温度计','-20','50','0.5','冀州市耀华仪器仪表厂','4269','131205026-3','','待测',1,'2013-12-05 11:09:56','干湿球温度计','全浸','',0,0),(433,'泸西县同泰实业有限责任公司','水银温度计','0','300','2','北京玻璃研究所','4270','131205037-1','','待测',1,'2013-12-05 15:14:29','普通0-300','竹节','',0,0),(434,'易门环境监测站','水银温度计','0','100','1','无','4271','131205039-1','','待测',1,'2013-12-05 15:53:23','普通0-100','局浸','',0,0),(435,'昆明梓轩生物科技有限公司','水银温度计','0','100','1','无','YN1','131212044-4','','待测',1,'2013-12-17 14:45:39','普通0-100','竹节','',0,0),(436,'昆明梓轩生物科技有限公司','水银温度计','0','300','2','无','0048','131212044-4','','待测',1,'2013-12-17 14:45:54','普通0-300','竹节','',0,0),(437,'强力（晋宁）建材有限公司','水银温度计','0','200','2','无','4274','131211029-5','','待测',1,'2013-12-17 14:48:12','普通0-200','全浸','',0,0),(438,'强力（晋宁）建材有限公司','水银温度计','0','200','2','无','4275','131211029-5','','待测',1,'2013-12-17 14:48:17','普通0-200','全浸','',0,0),(439,'勐海恒昌茶厂','水银温度计','0','300','2','无','4276','131211033-1','','待测',1,'2013-12-17 14:49:48','普通0-300','竹节','',0,0),(440,'云南寻甸仁德食品有限公司','水银温度计','0','100','1','无','4277','131211032-5','','待测',1,'2013-12-17 14:51:22','普通0-100','竹节','',0,0),(441,'云南寻甸仁德食品有限公司','水银温度计','0','300','2','无','4278','131211032-5','','待测',1,'2013-12-17 14:51:34','普通0-300','竹节','',0,0),(442,'会泽一家圆小罐炕茶厂','水银温度计','0','300','2','北京玻璃研究所','0057(n21)','131210068-2','','待测',1,'2013-12-17 14:53:51','普通0-300','竹节','',0,0),(443,'昆明爱屋食品有限公司','水银温度计','0','100','1','无','2080','131210070-3','','待测',1,'2013-12-17 14:55:02','普通0-100','竹节','',0,0),(444,'昆明爱屋食品有限公司','水银温度计','0','300','2','无','2081','131210070-3','','待测',1,'2013-12-17 14:55:15','普通0-300','竹节','',0,0),(445,'昆明市官渡区东升糕点部','水银温度计','0','100','1','无','2558','131211010-2','','待测',1,'2013-12-17 14:56:53','普通0-100','竹节','',0,0),(446,'昆明市官渡区东升糕点部','水银温度计','0','200','2','无','3301','131211010-2','','待测',1,'2013-12-17 14:57:23','普通0-200','竹节','',0,0),(447,'昆明通用水务自来水有限公司','水银温度计','0','50','0.1','无','4284','131213028-2','','待测',1,'2013-12-17 14:59:12','0-50-0.1','全浸','',0,0),(448,'昆明通用水务自来水有限公司','水银温度计','0','100','1','无','4285','131213028-1','','待测',1,'2013-12-17 14:59:42','普通0-100','局浸','',0,0),(449,'昆明通用水务自来水有限公司','水银温度计','0','100','1','无','4286','131213028-1','','待测',1,'2013-12-17 14:59:47','普通0-100','局浸','',0,0),(450,'昆明通用水务自来水有限公司','水银温度计','0','100','1','无','4287','131213028-1','','待测',1,'2013-12-17 14:59:52','普通0-100','局浸','',0,0),(451,'昆明通用水务自来水有限公司','水银温度计','0','100','1','无','4288','131213028-1','','待测',1,'2013-12-17 15:02:52','普通0-100','局浸','',0,0),(452,'昆明通用水务自来水有限公司','水银温度计','0','100','1','无','4289','131213028-1','','待测',1,'2013-12-17 15:02:58','普通0-100','局浸','',0,0),(453,'昆明通用水务自来水有限公司','水银温度计','0','100','1','无','4290','131213028-1','','待测',1,'2013-12-17 15:03:04','普通0-100','局浸','',0,0),(454,'昆明通用水务自来水有限公司','水银温度计','0','200','2','无','4291','131213028-1','','待测',1,'2013-12-17 15:03:17','普通0-200','局浸','',0,0),(455,'昆明通用水务自来水有限公司','水银温度计','0','200','2','无','4292','131213028-1','','待测',1,'2013-12-17 15:03:23','普通0-200','局浸','',0,0),(456,'云南云测质量检验有限公司','水银温度计','0','40','0.5','无','116','131213039-1','','待测',1,'2013-12-17 15:05:28','自定义','局浸','',0,0),(457,'云南云测质量检验有限公司','水银温度计','0','40','0.5','无','517','131213039-1','','待测',1,'2013-12-17 15:05:38','自定义','局浸','',0,0),(458,'迪庆州质量技术监督综合检测中心','水银温度计','-30','20','0.1','重庆体温计厂','13','131216011-11','','待测',1,'2013-12-17 15:07:21','-30-20-0.1','全浸','',0,0),(459,'迪庆州质量技术监督综合检测中心','水银温度计','0','50','0.1','无','2806','131216011-11','','待测',1,'2013-12-17 15:07:44','0-50-0.1','全浸','',0,0),(460,'强力（晋宁）建材有限公司','干湿球温度计','-10','50','0.5','上海天垒仪器仪表有限公司','4297','131211029-4','','待测',1,'2013-12-17 15:10:27','干湿球温度计','全浸','',0,0),(461,'强力（晋宁）建材有限公司','干湿球温度计','-10','50','0.5','上海天垒仪器仪表有限公司','4298','131211029-4','','待测',1,'2013-12-17 15:10:34','干湿球温度计','全浸','',0,0),(462,'云南路建集团欣业工程质量检测有限公司','水银温度计','50','100','0.1','无','3-20','131216054-17','','待测',1,'2013-12-17 15:14:08','精密50-100-0.1','全浸','',0,0),(463,'云南路建集团欣业工程质量检测有限公司','干湿球温度计','-10','50','0.5','上海华辰医用仪表有限公司','2508','131216054-28','','待测',1,'2013-12-17 15:14:56','干湿球温度计','全浸','',0,0),(464,'云南路建集团欣业工程质量检测有限公司','干湿球温度计','-10','50','0.5','上海华辰医用仪表有限公司','2509','131216054-28','','待测',1,'2013-12-17 15:15:03','干湿球温度计','全浸','',0,0),(465,'昆明铁路配件工业贸易公司','干湿球温度计','0','50','0.5','上海华辰医用仪表有限公司','3762','131213041-11','','待测',1,'2013-12-17 15:16:15','干湿球温度计','全浸','',0,0),(466,'兰坪恒云工贸有限公司','水银温度计','0','100','1','无','0001','131230011-6','','待测',1,'2014-01-02 14:18:43','普通0-100','局浸','水银',0,0),(467,'兰坪恒云工贸有限公司','水银温度计','0','50','0.5','无','0002','131230011-6','','待测',1,'2014-01-02 14:19:37','普通0-50','局浸','水银',0,0),(468,'兰坪恒云工贸有限公司','水银温度计','0','300','2','无','0003','131230011-6','','待测',1,'2014-01-02 14:20:00','普通0-300','局浸','水银',0,0),(469,'云南云田肥业有限公司','水银温度计','0','100','1','无','0004','131231030-1','','待测',1,'2014-01-02 14:31:33','普通0-100','竹节','水银',0,0),(470,'弥勒市红乐化工有限责任公司','水银温度计','0','100','1','无','0005','131231031-1','','待测',1,'2014-01-02 14:32:40','普通0-100','竹节','水银',0,0),(471,'云南宏程建设工程质量检测有限公司','有机液体温度计','0','50','1','无','0006','131231019-3','','待测',1,'2014-01-02 14:34:07','普通0-50','局浸','水银',0,0),(472,'云南宏程建设工程质量检测有限公司','水银温度计','0','300','2','无','0007','131231019-3','','待测',1,'2014-01-02 14:34:30','普通0-300','局浸','水银',0,0),(473,'云南宏程建设工程质量检测有限公司','水银温度计','0','300','2','无','0008','131231019-3','','待测',1,'2014-01-02 14:34:35','普通0-300','局浸','水银',0,0),(474,'中交国通公路工程技术有限公司','水银温度计','0','300','2','无','0009','131231010-1','','待测',1,'2014-01-02 14:36:10','普通0-300','竹节','水银',0,0),(475,'云南省建筑材料产品质量检验研究院','水银温度计','0','50','0.1','北京玻璃研究所','3765','131230055-2','','待测',1,'2014-01-02 14:40:03','0-50-0.1','全浸','水银',0,0),(476,'云南省建筑材料产品质量检验研究院','水银温度计','0','50','0.1','重庆体温计厂','5029','131230055-2','','待测',1,'2014-01-02 14:40:33','0-50-0.1','全浸','水银',0,0),(477,'云南省建筑材料产品质量检验研究院','水银温度计','0','50','1','无','139','131230055-2','','待测',1,'2014-01-02 14:40:55','普通0-50','局浸','水银',0,0),(478,'云南省建筑材料产品质量检验研究院','水银温度计','0','50','1','无','138','131230055-2','','待测',1,'2014-01-02 14:41:00','普通0-50','局浸','水银',0,0),(479,'云南建工集团商品混凝土部','水银温度计','0','100','1','无','4854','131230037-4','','待测',1,'2014-01-02 14:42:44','普通0-100','竹节','水银',0,0),(480,'云南建工集团商品混凝土部','水银温度计','0','200','2','无','4855','131230037-4','','待测',1,'2014-01-02 14:42:57','普通0-200','竹节','水银',0,0),(481,'云南建工集团商品混凝土部','水银温度计','0','50','0.1','无','0016','131230037-4','','待测',1,'2014-01-02 14:43:23','0-50-0.1','全浸','水银',0,0),(482,'香格里拉县宜康宝生物科技有限公司','水银温度计','0','200','0.5','无','0017','131230046-1','','待测',1,'2014-01-02 14:45:02','普通0-200','全浸','水银',0,0),(483,'云南广泰混凝土有限公司','水银温度计','0','200','2','无','1384','131230048-2','','待测',1,'2014-01-02 14:46:23','普通0-200','竹节','水银',0,0),(484,'昆明轩美达食品有限公司','水银温度计','0','100','1','无','0019','131230022-3','','待测',1,'2014-01-02 14:47:30','普通0-100','竹节','水银',0,0),(485,'昆明轩美达食品有限公司','水银温度计','0','300','2','无','0020','131230022-3','','待测',1,'2014-01-02 14:47:44','普通0-300','竹节','水银',0,0),(486,'石林雨欧农牧产品开发有限公司','水银温度计','0','100','1','北京玻璃研究所','2343','131227028-2','','待测',1,'2014-01-02 14:49:19','普通0-100','竹节','水银',0,0),(487,'泸龙泉山泉水厂','水银温度计','0','200','2','无','BWZ0055','131227025-1','','待测',1,'2014-01-02 14:52:37','普通0-200','竹节','水银',0,0),(488,'昆明川金诺化工股份有限公司','水银温度计','0','300','2','无','0023','131230050-2','','待测',1,'2014-01-02 14:54:19','普通0-300','局浸','水银',0,0),(489,'昆明川金诺化工股份有限公司','水银温度计','0','300','2','无','0024','131230050-2','','待测',1,'2014-01-02 14:54:24','普通0-300','局浸','水银',0,0),(490,'昆明川金诺化工股份有限公司','水银温度计','0','300','2','无','0025','131230050-2','','待测',1,'2014-01-02 14:54:33','普通0-300','局浸','水银',0,0),(491,'昆明川金诺化工股份有限公司','水银温度计','0','300','2','无','0026','131230050-2','','待测',1,'2014-01-02 14:54:37','普通0-300','局浸','水银',0,0),(492,'昆明川金诺化工股份有限公司','水银温度计','0','300','2','无','0027','131230050-2','','待测',1,'2014-01-02 14:54:43','普通0-300','局浸','水银',0,0),(493,'昆明川金诺化工股份有限公司','水银温度计','0','300','2','无','0028','131230050-2','','待测',1,'2014-01-02 14:54:52','普通0-300','局浸','水银',0,0),(494,'云南鸿禹睡了水电工程质量检测有限责任公司','水银温度计','0','100','1','无','0029','131226012-2','','待测',1,'2014-01-02 14:59:31','普通0-100','局浸','水银',0,0),(495,'云南鸿禹睡了水电工程质量检测有限责任公司','水银温度计','0','100','1','无','0030','131226012-2','','待测',1,'2014-01-02 14:59:38','普通0-100','竹节','水银',0,0),(496,'云南磷化集团科工贸有限公司','水银温度计','0','200','2','无','3569','131226033-5','','待测',1,'2014-01-02 15:02:31','普通0-200','局浸','水银',0,0),(497,'昆明必和必真工程质量检测有限公司','水银温度计','0','100','1','无','1031(s16)','131226023-15','','待测',1,'2014-01-02 15:03:52','普通0-100','竹节','水银',0,0),(498,'云南省农业机械产品质量监督检验站','水银温度计','0','300','2','重庆体温计厂','1532','131226008-1','','待测',1,'2014-01-02 15:04:53','普通0-300','竹节','水银',0,0),(499,'昆明扬禹水电工程质量检测有限公司','水银温度计','0','100','1','无','0034','131225028-6','','待测',1,'2014-01-02 15:06:09','普通0-100','局浸','水银',0,0),(500,'昆明扬禹水电工程质量检测有限公司','水银温度计','0','300','2','无','2310','131225028-6','','待测',1,'2014-01-02 15:06:34','普通0-300','竹节','水银',0,0),(501,'云南蜀云科技有限公司','水银温度计','0','100','1','无','0036','131226014-2','','待测',1,'2014-01-02 15:08:56','普通0-100','竹节','水银',0,0),(502,'云南蜀云科技有限公司','水银温度计','0','100','1','无','0037','131226014-2','','待测',1,'2014-01-02 15:09:00','普通0-100','竹节','水银',0,0),(503,'云南蜀云科技有限公司','水银温度计','0','100','1','无','0038','131226014-2','','待测',1,'2014-01-02 15:09:04','普通0-100','竹节','水银',0,0),(504,'云南蜀云科技有限公司','水银温度计','0','100','1','无','0039','131226014-2','','待测',1,'2014-01-02 15:09:09','普通0-100','竹节','水银',0,0),(505,'云南蜀云科技有限公司','水银温度计','0','300','2','无','0040','131226014-2','','待测',1,'2014-01-02 15:09:19','普通0-300','竹节','水银',0,0),(506,'云南蜀云科技有限公司','水银温度计','0','300','2','无','0041','131226014-2','','待测',1,'2014-01-02 15:09:25','普通0-300','竹节','水银',0,0),(507,'昆明华狮啤酒有限公司','水银温度计','0','40','0.5','凤阳精益仪表厂','9797','131225030-2','','待测',1,'2014-01-02 15:13:57','自定义','局浸','水银',0,0),(508,'昆明华狮啤酒有限公司','水银温度计','0','40','0.5','凤阳精益仪表厂','9875','131225030-2','','待测',1,'2014-01-02 15:14:05','自定义','局浸','水银',0,0),(509,'昆明华狮啤酒有限公司','水银温度计','0','40','0.5','无','5081','131225030-2','','待测',1,'2014-01-02 15:14:19','自定义','局浸','水银',0,0),(510,'昆明经开区阿拉三友糖果厂','水银温度计','0','100','1','无','0045','131225038-1','','待测',1,'2014-01-02 15:15:20','普通0-100','竹节','水银',0,0),(511,'云南建工集团有限公司商品混凝土空港项目部','水银温度计','0','100','1','无','5','131225034-6','','待测',1,'2014-01-02 15:16:34','普通0-100','竹节','水银',0,0),(512,'云南建工集团有限公司商品混凝土空港项目部','水银温度计','0','200','2','无','15','131225034-6','','待测',1,'2014-01-02 15:16:47','普通0-200','竹节','水银',0,0),(513,'云南善施化工有限公司','有机液体温度计','-20','110','1','无','0048','131225044-1','','待测',1,'2014-01-02 15:18:19','普通0-100','全浸','水银',0,0),(514,'云南善施化工有限公司','有机液体温度计','-20','110','1','无','0049','131225044-1','','待测',1,'2014-01-02 15:18:23','普通0-100','全浸','水银',0,0),(515,'云南省沥青油料储备保障中心','水银温度计','0','50','0.1','无','0050','131225027-1','','待测',1,'2014-01-02 15:20:25','0-50-0.1','全浸','水银',0,0),(516,'云南省沥青油料储备保障中心','水银温度计','0','50','0.1','无','71','131225027-1','','待测',1,'2014-01-02 15:21:01','0-50-0.1','全浸','水银',0,0),(517,'云南省沥青油料储备保障中心','石油产品用温度计','30','180','0.5','无','105','131225027-1','','待测',1,'2014-01-02 15:22:31','自定义','全浸（软化点）','水银',0,0),(518,'云南建工集团有限公司商品混凝土部东搅拌站','水银温度计','0','100','1','无','1','131225035-6','','待测',1,'2014-01-02 15:24:16','普通0-100','竹节','水银',0,0),(519,'云南建工集团有限公司商品混凝土部东搅拌站','水银温度计','0','200','2','无','12','131225035-6','','待测',1,'2014-01-02 15:24:27','普通0-200','竹节','水银',0,0),(520,'云南建工集团有限公司商品混凝土部龙泉搅拌站','水银温度计','0','200','2','无','0055','131225036-6','','待测',1,'2014-01-02 15:25:26','普通0-200','全浸','水银',0,0),(521,'中国石油云南销售分公司仓储分公司秧田冲昆明油库','水银温度计','-5','110','0.5','无','34','131230045-1','','待测',1,'2014-01-02 15:51:13','普通0-100','竹节','水银',0,0),(522,'中国石油云南销售分公司仓储分公司秧田冲昆明油库','水银温度计','-5','110','0.5','无','109','131230045-1','','待测',1,'2014-01-02 15:51:21','普通0-100','竹节','水银',0,0),(523,'中国石油云南销售分公司仓储分公司秧田冲昆明油库','水银温度计','0','300','2','无','0058','131230045-1','','待测',1,'2014-01-02 15:51:52','普通0-300','局浸','水银',0,0),(524,'中国石油云南销售分公司仓储分公司秧田冲昆明油库','水银温度计','0','400','1','上海医用仪表厂','168','131230045-1','','待测',1,'2014-01-02 15:52:53','普通0-300','局浸','水银',0,0),(525,'中国石油云南销售分公司仓储分公司秧田冲昆明油库','石油产品用温度计','-30','50','1','无','96','131230045-1','','待测',1,'2014-01-02 15:54:22','凝点-30-60-1','局浸（倾点）','水银',0,0),(526,'中国石油云南销售分公司仓储分公司秧田冲昆明油库','石油产品用温度计','-30','50','1','无','103','131230045-1','','待测',1,'2014-01-02 15:54:39','凝点-30-60-1','局浸（倾点2号）','水银',0,0),(527,'中国石油云南销售分公司仓储分公司秧田冲昆明油库','石油产品用温度计','-30','50','1','无','62','131230045-1','','待测',1,'2014-01-02 15:54:47','凝点-30-60-1','局浸（倾点2号）','水银',0,0),(528,'中国石油云南销售分公司仓储分公司秧田冲昆明油库','石油产品用温度计','-30','60','1','无','20','131230045-1','','待测',1,'2014-01-02 15:55:20','凝点-30-60-1','凝点（150mm）','水银',0,0),(529,'中国石油云南销售分公司仓储分公司秧田冲昆明油库','石油产品用温度计','-30','60','1','无','210','131230045-1','','待测',1,'2014-01-02 15:55:25','凝点-30-60-1','凝点（150mm）','水银',0,0),(530,'中铁三局沪昆铁路客运专线云南段中心试验室','水银温度计','0','50','0.1','无','3352','131225046-3','','待测',1,'2014-01-02 15:57:30','0-50-0.1','全浸','水银',0,0),(531,'中铁三局沪昆铁路客运专线云南段中心试验室','水银温度计','50','100','0.1','无','3628','131225046-3','','待测',1,'2014-01-02 15:57:53','精密50-100-0.1','全浸','水银',0,0),(532,'中铁三局沪昆铁路客运专线云南段中心试验室','水银温度计','0','200','2','无','3354','131225046-3','','待测',1,'2014-01-02 15:58:16','普通0-200','竹节','水银',0,0),(533,'中铁三局沪昆铁路客运专线云南段中心试验室','有机液体温度计','-50','50','1','无','3450','131225046-3','','待测',1,'2014-01-02 15:58:45','-50-50-1','局浸','水银',0,0),(534,'中铁三局沪昆铁路客运专线云南段中心试验室','干湿球温度计','0','50','0.5','上海华辰医用仪表有限公司','3292','131225046-2','','待测',1,'2014-01-02 15:59:43','干湿球温度计','全浸','水银',0,0),(535,'中铁三局沪昆铁路客运专线云南段中心试验室','干湿球温度计','0','50','0.5','上海华辰医用仪表有限公司','3291','131225046-2','','待测',1,'2014-01-02 15:59:49','干湿球温度计','全浸','水银',0,0),(536,'云南振福达厨房设备工程有限公司','水银温度计','0','50','0.1','无','5184','131225012-5','','待测',1,'2014-01-02 16:03:14','0-50-0.1','全浸','水银',0,0),(537,'云南振福达厨房设备工程有限公司','水银温度计','0','50','0.1','北京玻璃研究所','122','131225012-5','','待测',1,'2014-01-02 16:03:29','0-50-0.1','局浸','水银',0,0),(538,'云南振福达厨房设备工程有限公司','干湿球温度计','-20','50','1','北京康威仪表有限公司','1254','131225012-6','','待测',1,'2014-01-02 16:04:25','干湿球温度计','全浸','水银',0,0),(539,'云南省建筑材料产品质量检验研究院','干湿球温度计','-10','50','0.5','河北省武强县同辉仪表厂','4559','131230055-1','','待测',1,'2014-01-02 16:05:29','干湿球温度计','全浸','水银',0,0),(540,'云南省建筑材料产品质量检验研究院','干湿球温度计','-10','50','0.5','河北省武强县同辉仪表厂','4557','131230055-1','','待测',1,'2014-01-02 16:05:49','干湿球温度计','全浸','水银',0,0),(541,'兰坪恒云工贸有限公司','干湿球温度计','-10','50','0.5','上海华辰医用仪表有限公司','0076','131230011-3','','待测',1,'2014-01-02 16:08:42','干湿球温度计','全浸','水银',0,0),(542,'云南通富混凝土有限公司','干湿球温度计','-20','50','0.5','冀州耀华器械仪表厂','0077','131223023-2','','待测',1,'2014-01-02 16:12:30','干湿球温度计','全浸','水银',0,0),(543,'云南通富混凝土有限公司','干湿球温度计','-20','50','0.5','冀州耀华器械仪表厂','0078','131223023-2','','待测',1,'2014-01-02 16:12:34','干湿球温度计','全浸','水银',0,0),(544,'云南建工集团商品混凝土部','干湿球温度计','-10','50','0.5','河北武强红旗仪表厂','3546','131230037-14','','待测',1,'2014-01-02 16:14:16','干湿球温度计','全浸','水银',0,0),(545,'昆明必和必真工程质量检测有限公司','干湿球温度计','-10','50','0.5','上海华辰医用仪表有限公司','5124','131226023-20','','待测',1,'2014-01-02 16:14:56','干湿球温度计','全浸','水银',0,0),(546,'昆明必和必真工程质量检测有限公司','干湿球温度计','0','50','0.5','上海华辰医用仪表有限公司','5123','131226023-20','','待测',1,'2014-01-02 16:15:09','干湿球温度计','全浸','水银',0,0),(547,'云南柏露淳饮用水开发有限公司','水银温度计','0','100','1','北京玻璃研究所','0082','131226017-2','','待测',1,'2014-01-02 16:30:28','普通0-100','竹节','水银',0,0),(548,'云南柏露淳饮用水开发有限公司','水银温度计','0','300','2','北京玻璃研究所','0083','131226017-2','','待测',1,'2014-01-02 16:30:43','普通0-300','竹节','水银',0,0),(549,'香格里拉县宜康宝生物科技有限公司','水银温度计','0','200','0.5','无','0018','131230046-1','','待测',1,'2014-01-03 17:09:24','普通0-200','全浸','水银',0,0);
/*!40000 ALTER TABLE `tempregister` ENABLE KEYS */;
UNLOCK TABLES;

--
-- Table structure for table `tempregisterpoint`
--

DROP TABLE IF EXISTS `tempregisterpoint`;
/*!40101 SET @saved_cs_client     = @@character_set_client */;
/*!40101 SET character_set_client = utf8 */;
CREATE TABLE `tempregisterpoint` (
  `id` int(11) NOT NULL AUTO_INCREMENT,
  `tempRegisterId` int(11) DEFAULT NULL,
  `temp` int(11) DEFAULT NULL COMMENT '娓╁害',
  PRIMARY KEY (`id`)
) ENGINE=InnoDB AUTO_INCREMENT=2379 DEFAULT CHARSET=utf8 COMMENT='登记检测点';
/*!40101 SET character_set_client = @saved_cs_client */;

--
-- Dumping data for table `tempregisterpoint`
--

LOCK TABLES `tempregisterpoint` WRITE;
/*!40000 ALTER TABLE `tempregisterpoint` DISABLE KEYS */;
INSERT INTO `tempregisterpoint` VALUES (227,1,0),(228,1,50),(229,1,100),(230,2,0),(231,2,100),(232,2,200),(233,2,300),(234,3,0),(235,3,10),(236,3,20),(237,3,30),(238,3,40),(239,3,50),(240,4,0),(241,4,10),(242,4,20),(243,4,30),(244,4,40),(245,4,50),(246,5,50),(247,5,60),(248,5,70),(249,5,80),(250,5,90),(251,5,100),(252,6,0),(253,6,50),(254,6,100),(255,7,0),(256,7,50),(257,7,100),(258,8,0),(259,8,100),(260,8,200),(261,8,300),(262,9,0),(263,9,100),(264,9,200),(265,10,0),(266,10,100),(267,10,200),(268,10,300),(269,11,0),(270,11,100),(271,11,200),(272,11,300),(273,12,0),(274,12,100),(275,12,200),(276,12,300),(277,13,0),(278,13,100),(279,13,200),(280,13,300),(281,14,0),(282,14,100),(283,14,200),(284,14,300),(285,15,0),(286,15,50),(287,15,100),(288,16,0),(289,16,100),(290,16,200),(291,17,0),(292,17,100),(293,17,200),(294,18,0),(295,18,50),(296,18,100),(297,19,0),(298,19,50),(299,19,100),(300,20,0),(301,20,100),(302,20,200),(303,22,0),(304,22,10),(305,22,20),(306,22,30),(307,22,40),(308,22,50),(309,23,0),(310,23,50),(311,23,100),(312,24,0),(313,24,50),(314,24,100),(315,25,0),(316,25,100),(317,25,200),(318,25,300),(319,26,0),(320,26,100),(321,26,200),(322,26,300),(323,27,0),(324,27,50),(325,27,100),(326,28,0),(327,28,100),(328,28,200),(329,28,300),(330,29,0),(331,29,30),(332,29,50),(333,30,0),(334,30,100),(335,30,200),(336,30,300),(340,33,0),(341,33,50),(342,33,100),(343,34,0),(344,34,50),(345,34,100),(346,35,-30),(347,35,0),(348,35,100),(349,36,0),(350,36,50),(351,36,100),(352,31,0),(353,31,30),(354,31,60),(359,38,0),(360,38,100),(361,38,200),(362,37,0),(363,37,100),(364,37,200),(365,37,300),(366,39,0),(367,39,10),(368,39,20),(369,39,30),(370,39,40),(371,39,50),(372,40,0),(373,40,50),(374,40,100),(375,41,0),(376,41,100),(377,41,200),(381,43,0),(382,43,50),(383,43,100),(384,44,0),(385,44,100),(386,44,200),(387,42,0),(388,42,50),(389,42,100),(390,45,0),(391,45,10),(392,45,20),(393,45,30),(394,45,40),(395,45,50),(396,46,0),(397,46,10),(398,46,20),(399,46,30),(400,46,40),(401,46,50),(402,47,-20),(403,47,0),(404,47,20),(405,47,40),(406,47,50),(407,48,-20),(408,48,0),(409,48,20),(410,48,40),(411,48,50),(412,49,-20),(413,49,0),(414,49,20),(415,49,40),(416,49,50),(417,50,-20),(418,50,0),(419,50,20),(420,50,40),(421,50,50),(422,51,-20),(423,51,0),(424,51,20),(425,51,40),(426,51,50),(427,52,-20),(428,52,0),(429,52,20),(430,52,40),(431,52,50),(432,53,-20),(433,53,0),(434,53,20),(435,53,40),(436,53,50),(437,54,-20),(438,54,0),(439,54,20),(440,54,40),(441,54,50),(442,55,-20),(443,55,0),(444,55,20),(445,55,40),(446,55,50),(447,56,-20),(448,56,0),(449,56,20),(450,56,40),(451,56,50),(452,57,-20),(453,57,0),(454,57,20),(455,57,40),(456,57,50),(457,58,-20),(458,58,0),(459,58,20),(460,58,40),(461,58,50),(462,59,-20),(463,59,0),(464,59,20),(465,59,40),(466,59,50),(467,60,-20),(468,60,0),(469,60,20),(470,60,40),(471,60,50),(472,61,0),(473,61,50),(474,61,100),(475,62,0),(476,62,50),(477,62,100),(478,63,0),(479,63,50),(480,63,100),(481,64,0),(482,64,50),(483,64,100),(484,65,0),(485,65,100),(486,65,200),(487,66,0),(488,66,100),(489,66,200),(490,66,300),(491,67,0),(492,67,50),(493,67,100),(494,68,0),(495,68,100),(496,68,200),(497,68,300),(498,69,0),(499,69,50),(500,69,100),(501,70,0),(502,70,50),(503,70,100),(504,71,0),(505,71,50),(506,71,100),(507,72,0),(508,72,50),(509,72,100),(510,73,0),(511,73,100),(512,73,200),(513,74,-30),(514,74,0),(515,74,30),(516,75,0),(517,75,50),(518,75,100),(519,76,0),(520,76,50),(521,76,100),(522,77,0),(523,77,20),(524,77,30),(525,77,40),(526,78,0),(527,78,20),(528,78,30),(529,78,40),(534,80,0),(535,80,20),(536,80,30),(537,80,40),(538,81,0),(539,81,20),(540,81,30),(541,81,40),(542,82,0),(543,82,20),(544,82,30),(545,82,40),(546,83,0),(547,83,50),(548,83,100),(549,84,0),(550,84,100),(551,84,200),(552,84,300),(553,85,-20),(554,85,0),(555,85,20),(556,85,40),(557,85,50),(558,86,-60),(559,86,0),(560,86,60),(561,87,-20),(562,87,0),(563,87,20),(564,87,40),(565,87,50),(566,88,0),(567,88,100),(568,88,200),(569,88,300),(573,90,0),(574,90,50),(575,90,100),(576,89,0),(577,89,50),(578,89,100),(579,91,-50),(580,91,0),(581,91,50),(582,92,-50),(583,92,0),(584,92,50),(585,93,-50),(586,93,0),(587,93,50),(588,94,-50),(589,94,0),(590,94,50),(591,95,0),(592,95,50),(593,95,100),(594,96,0),(595,96,100),(596,96,200),(597,96,300),(606,97,0),(607,97,20),(608,97,30),(609,97,40),(610,98,0),(611,98,20),(612,98,30),(613,98,40),(614,99,0),(615,99,20),(616,99,30),(617,99,40),(618,100,0),(619,100,20),(620,100,30),(621,100,40),(622,101,0),(623,101,20),(624,101,30),(625,101,40),(626,102,0),(627,102,20),(628,102,30),(629,102,40),(630,103,0),(631,103,20),(632,103,30),(633,103,40),(634,104,0),(635,104,20),(636,104,30),(637,104,40),(638,105,0),(639,105,20),(640,105,30),(641,105,40),(642,106,0),(643,106,20),(644,106,30),(645,106,40),(646,107,0),(647,107,20),(648,107,30),(649,107,40),(650,108,0),(651,108,20),(652,108,30),(653,108,40),(654,109,0),(655,109,20),(656,109,30),(657,109,40),(658,110,0),(659,110,20),(660,110,30),(661,110,40),(662,111,0),(663,111,20),(664,111,30),(665,111,40),(666,112,0),(667,112,20),(668,112,30),(669,112,40),(670,113,0),(671,113,20),(672,113,30),(673,113,40),(674,114,0),(675,114,20),(676,114,30),(677,114,40),(678,115,0),(679,115,20),(680,115,30),(681,115,40),(682,116,0),(683,116,20),(684,116,30),(685,116,40),(686,117,0),(687,117,20),(688,117,30),(689,117,40),(690,118,0),(691,118,20),(692,118,30),(693,118,40),(694,119,0),(695,119,20),(696,119,30),(697,119,40),(698,120,0),(699,120,20),(700,120,30),(701,120,40),(702,121,0),(703,121,20),(704,121,30),(705,121,40),(706,122,0),(707,122,20),(708,122,30),(709,122,40),(710,123,0),(711,123,20),(712,123,30),(713,123,40),(714,124,0),(715,124,20),(716,124,30),(717,124,40),(718,125,0),(719,125,20),(720,125,30),(721,125,40),(722,126,0),(723,126,50),(724,126,100),(725,127,0),(726,127,50),(727,127,100),(728,128,0),(729,128,100),(730,128,200),(731,128,300),(732,129,0),(733,129,50),(734,129,100),(735,130,0),(736,130,100),(737,130,150),(738,131,0),(739,131,50),(740,131,100),(741,132,0),(742,132,100),(743,132,200),(744,132,300),(753,79,0),(754,79,20),(755,79,30),(756,79,40),(760,32,0),(761,32,50),(762,32,100),(763,133,0),(764,133,50),(765,133,100),(766,134,0),(767,134,100),(768,134,200),(769,134,300),(770,135,0),(771,135,10),(772,135,20),(773,135,30),(774,135,40),(775,135,50),(776,136,0),(777,136,50),(778,136,100),(779,137,0),(780,137,50),(781,137,100),(782,138,0),(783,138,100),(784,138,200),(785,138,300),(786,139,0),(787,139,100),(788,139,200),(789,139,300),(790,140,0),(791,140,50),(792,140,100),(793,141,0),(794,141,100),(795,141,200),(796,141,300),(797,142,0),(798,142,50),(799,142,100),(800,143,0),(801,143,100),(802,143,200),(803,144,0),(804,144,50),(805,144,100),(806,145,0),(807,145,50),(808,145,100),(809,146,0),(810,146,100),(811,146,200),(812,146,300),(813,147,0),(814,147,100),(815,147,200),(816,147,300),(817,148,0),(818,148,50),(819,148,100),(820,149,0),(821,149,100),(822,149,200),(823,150,0),(824,150,100),(825,150,200),(826,150,300),(827,151,0),(828,151,50),(829,151,100),(830,152,0),(831,152,100),(832,152,200),(833,152,300),(834,153,0),(835,153,40),(836,153,20),(837,153,60),(838,153,80),(839,153,100),(840,154,0),(841,154,100),(842,154,150),(843,155,0),(844,155,100),(845,155,200),(846,156,0),(847,156,100),(848,156,200),(849,157,0),(850,157,100),(851,157,200),(870,159,0),(871,159,10),(872,159,20),(873,159,30),(874,159,40),(875,159,50),(880,162,0),(881,162,100),(882,162,200),(883,162,300),(884,163,0),(885,163,100),(886,163,200),(887,163,300),(888,164,0),(889,164,100),(890,164,200),(891,164,300),(892,161,0),(893,161,100),(894,161,200),(895,161,300),(896,160,0),(897,160,10),(898,160,20),(899,160,30),(900,160,40),(901,160,50),(902,165,0),(903,165,10),(904,165,20),(905,165,30),(906,165,40),(907,165,50),(908,166,0),(909,166,10),(910,166,20),(911,166,30),(912,166,40),(913,166,50),(914,167,0),(915,167,100),(916,167,200),(917,167,300),(918,168,0),(919,168,100),(920,168,200),(921,168,300),(922,169,0),(923,169,10),(924,169,20),(925,169,30),(926,169,40),(927,169,50),(928,170,0),(929,170,10),(930,170,20),(931,170,30),(932,170,40),(933,170,50),(934,171,0),(935,171,100),(936,171,200),(937,171,300),(938,172,0),(939,172,100),(940,172,200),(941,172,300),(942,173,0),(943,173,100),(944,173,200),(945,173,300),(946,174,0),(947,174,10),(948,174,20),(949,174,30),(950,174,40),(951,174,50),(952,175,0),(953,175,100),(954,175,200),(955,175,300),(956,176,0),(957,176,50),(958,176,100),(959,177,0),(960,177,50),(961,177,100),(962,178,0),(963,178,100),(964,178,200),(965,179,0),(966,179,100),(967,179,200),(968,179,300),(969,180,0),(970,180,100),(971,180,200),(972,180,300),(977,182,0),(978,182,100),(979,182,200),(980,182,300),(981,183,0),(982,183,100),(983,183,200),(984,183,300),(985,184,0),(986,184,50),(987,184,100),(988,185,0),(989,185,100),(990,185,200),(991,185,300),(996,187,0),(997,187,100),(998,187,200),(999,187,300),(1000,188,0),(1001,188,30),(1002,188,50),(1003,189,0),(1004,189,100),(1005,189,200),(1006,190,0),(1007,190,20),(1008,190,40),(1009,190,50),(1010,191,0),(1011,191,20),(1012,191,40),(1013,191,50),(1014,192,0),(1015,192,20),(1016,192,40),(1017,192,50),(1018,193,0),(1019,193,20),(1020,193,40),(1021,193,50),(1022,194,0),(1023,194,20),(1024,194,40),(1025,194,50),(1026,195,0),(1027,195,20),(1028,195,40),(1029,195,50),(1030,196,0),(1031,196,20),(1032,196,40),(1033,196,50),(1034,197,0),(1035,197,20),(1036,197,40),(1037,197,50),(1038,198,0),(1039,198,20),(1040,198,40),(1041,198,50),(1042,199,0),(1043,199,20),(1044,199,40),(1045,199,50),(1046,200,-20),(1047,200,0),(1048,200,20),(1049,200,40),(1050,200,50),(1051,201,0),(1052,201,100),(1053,201,200),(1054,201,300),(1055,202,0),(1056,202,50),(1057,202,100),(1058,203,0),(1059,203,50),(1060,203,100),(1061,204,0),(1062,204,50),(1063,204,100),(1064,205,0),(1065,205,100),(1066,205,200),(1067,206,0),(1068,206,100),(1069,206,200),(1070,206,300),(1071,207,0),(1072,207,100),(1073,207,200),(1074,207,300),(1075,208,0),(1076,208,20),(1077,208,30),(1078,208,40),(1079,209,0),(1080,209,20),(1081,209,30),(1082,209,40),(1083,210,0),(1084,210,10),(1085,210,20),(1086,210,30),(1087,210,40),(1088,210,50),(1092,213,50),(1093,213,100),(1094,213,130),(1098,217,0),(1099,217,20),(1100,217,40),(1101,216,0),(1102,216,20),(1103,216,40),(1104,215,0),(1105,215,20),(1106,215,40),(1107,214,0),(1108,214,20),(1109,214,40),(1115,211,0),(1116,211,100),(1117,211,200),(1118,211,300),(1119,186,0),(1120,186,100),(1121,186,200),(1122,218,-30),(1123,218,0),(1124,218,40),(1125,219,0),(1126,219,30),(1127,219,50),(1128,220,0),(1129,220,50),(1130,220,100),(1131,221,0),(1132,221,30),(1133,221,50),(1134,222,0),(1135,222,50),(1136,222,100),(1137,223,0),(1138,223,100),(1139,223,200),(1140,224,0),(1141,224,100),(1142,224,200),(1143,225,0),(1144,225,100),(1145,225,200),(1146,225,300),(1147,226,0),(1148,226,50),(1149,226,100),(1150,227,0),(1151,227,50),(1152,227,100),(1153,228,0),(1154,228,100),(1155,228,150),(1156,229,0),(1157,229,100),(1158,229,150),(1159,230,0),(1160,230,10),(1161,230,20),(1162,230,30),(1163,230,40),(1164,230,50),(1169,232,0),(1170,232,20),(1171,232,40),(1172,232,50),(1173,233,0),(1174,233,10),(1175,233,20),(1176,233,30),(1177,233,40),(1178,233,50),(1179,234,0),(1180,234,50),(1181,234,100),(1185,236,0),(1186,236,100),(1187,236,200),(1188,236,300),(1189,237,0),(1190,237,100),(1191,237,200),(1192,237,300),(1193,238,0),(1194,238,50),(1195,238,100),(1196,239,0),(1197,239,100),(1198,239,200),(1199,240,0),(1200,240,50),(1201,240,100),(1202,241,0),(1203,241,100),(1204,241,200),(1205,242,0),(1206,242,100),(1207,242,200),(1208,243,0),(1209,243,50),(1210,243,100),(1211,244,0),(1212,244,100),(1213,244,200),(1214,244,300),(1215,245,0),(1216,245,100),(1217,245,200),(1218,245,300),(1219,246,0),(1220,246,100),(1221,246,200),(1222,246,300),(1223,247,0),(1224,247,100),(1225,247,200),(1226,248,0),(1227,248,100),(1228,248,200),(1229,249,0),(1230,249,50),(1231,249,100),(1232,250,0),(1233,250,100),(1234,250,200),(1235,251,-50),(1236,251,0),(1237,251,50),(1238,252,0),(1239,252,100),(1240,252,150),(1241,253,0),(1242,253,100),(1243,253,150),(1244,254,0),(1245,254,100),(1246,254,150),(1247,255,0),(1248,255,100),(1249,255,150),(1250,256,0),(1251,256,100),(1252,256,150),(1253,257,0),(1254,257,10),(1255,257,20),(1256,257,30),(1257,257,40),(1258,257,50),(1259,258,0),(1260,258,10),(1261,258,20),(1262,258,30),(1263,258,40),(1264,258,50),(1265,259,0),(1266,259,10),(1267,259,20),(1268,259,30),(1269,259,40),(1270,259,50),(1271,260,0),(1272,260,10),(1273,260,20),(1274,260,30),(1275,260,40),(1276,260,50),(1277,261,0),(1278,261,10),(1279,261,20),(1280,261,30),(1281,261,40),(1282,261,50),(1283,262,0),(1284,262,30),(1285,262,50),(1286,263,0),(1287,263,20),(1288,263,40),(1289,263,50),(1290,264,0),(1291,264,20),(1292,264,40),(1293,264,50),(1294,265,0),(1295,265,20),(1296,265,40),(1297,265,50),(1298,266,0),(1299,266,20),(1300,266,40),(1301,266,50),(1302,267,0),(1303,267,10),(1304,267,20),(1305,267,30),(1306,267,40),(1307,267,50),(1320,270,0),(1321,270,100),(1322,270,200),(1323,270,300),(1324,271,0),(1325,271,100),(1326,271,200),(1327,271,300),(1328,268,-30),(1329,268,-20),(1330,268,-10),(1331,268,0),(1332,268,10),(1333,268,20),(1334,269,-30),(1335,269,-20),(1336,269,-10),(1337,269,0),(1338,269,10),(1339,269,20),(1340,272,-50),(1341,272,0),(1342,272,50),(1343,273,-50),(1344,273,0),(1345,273,50),(1346,274,-50),(1347,274,0),(1348,274,50),(1349,275,-50),(1350,275,0),(1351,275,50),(1352,276,-50),(1353,276,0),(1354,276,50),(1355,277,-50),(1356,277,0),(1357,277,50),(1358,278,-50),(1359,278,0),(1360,278,50),(1361,280,-50),(1362,280,0),(1363,280,50),(1364,281,-50),(1365,281,0),(1366,281,50),(1427,303,0),(1428,303,50),(1429,303,100),(1430,304,0),(1431,304,50),(1432,304,100),(1433,282,-50),(1434,282,0),(1435,282,50),(1436,283,-50),(1437,283,0),(1438,283,50),(1439,284,-50),(1440,284,0),(1441,284,50),(1442,302,-50),(1443,302,0),(1444,302,50),(1445,301,-50),(1446,301,0),(1447,301,50),(1448,300,-50),(1449,300,0),(1450,300,50),(1451,299,-50),(1452,299,0),(1453,299,50),(1454,298,-50),(1455,298,0),(1456,298,50),(1457,297,-50),(1458,297,0),(1459,297,50),(1460,296,-50),(1461,296,0),(1462,296,50),(1463,295,-50),(1464,295,0),(1465,295,50),(1466,293,-50),(1467,293,0),(1468,293,50),(1469,292,-50),(1470,292,0),(1471,292,50),(1472,291,-50),(1473,291,0),(1474,291,50),(1475,290,-50),(1476,290,0),(1477,290,50),(1478,289,-50),(1479,289,0),(1480,289,50),(1481,288,-50),(1482,288,0),(1483,288,50),(1484,287,-50),(1485,287,0),(1486,287,50),(1487,286,-50),(1488,286,0),(1489,286,50),(1490,285,-50),(1491,285,0),(1492,285,50),(1493,305,0),(1494,305,50),(1495,305,100),(1496,306,0),(1497,306,100),(1498,306,200),(1499,306,300),(1500,307,40),(1501,308,40),(1502,309,40),(1503,310,40),(1504,311,-50),(1505,311,0),(1506,311,50),(1507,312,-50),(1508,312,0),(1509,312,50),(1510,313,-50),(1511,313,0),(1512,313,50),(1516,314,-50),(1517,314,0),(1518,314,50),(1519,315,0),(1520,315,10),(1521,315,20),(1522,315,30),(1523,315,40),(1524,315,50),(1525,316,0),(1526,316,50),(1527,316,100),(1528,317,0),(1529,317,100),(1530,317,200),(1531,318,0),(1532,318,20),(1533,318,30),(1534,318,40),(1535,319,0),(1536,319,100),(1537,319,200),(1538,319,300),(1539,320,0),(1540,320,20),(1541,320,30),(1542,320,40),(1543,321,0),(1544,321,20),(1545,321,30),(1546,321,40),(1547,322,0),(1548,322,20),(1549,322,30),(1550,322,40),(1554,324,41),(1555,324,37),(1556,325,37),(1557,325,41),(1558,326,37),(1559,326,41),(1560,327,37),(1561,327,41),(1562,328,0),(1563,328,20),(1564,328,30),(1565,328,40),(1566,330,0),(1567,330,20),(1568,330,40),(1569,329,0),(1570,329,20),(1571,329,40),(1572,331,-50),(1573,331,0),(1574,331,50),(1575,332,-50),(1576,332,0),(1577,332,50),(1578,333,-50),(1579,333,0),(1580,333,50),(1581,334,-50),(1582,334,0),(1583,334,50),(1584,335,-50),(1585,335,0),(1586,335,50),(1587,336,-50),(1588,336,0),(1589,336,50),(1590,337,-50),(1591,337,0),(1592,337,50),(1593,338,-50),(1594,338,0),(1595,338,50),(1596,339,-50),(1597,339,0),(1598,339,50),(1599,340,-50),(1600,340,0),(1601,340,50),(1602,341,-50),(1603,341,0),(1604,341,50),(1605,342,-50),(1606,342,0),(1607,342,50),(1608,343,-50),(1609,343,0),(1610,343,50),(1611,344,-50),(1612,344,0),(1613,344,50),(1614,345,-50),(1615,345,0),(1616,345,50),(1617,346,-50),(1618,346,0),(1619,346,50),(1620,347,-50),(1621,347,0),(1622,347,50),(1623,348,-50),(1624,348,0),(1625,348,50),(1626,349,-50),(1627,349,0),(1628,349,50),(1629,350,-50),(1630,350,0),(1631,350,50),(1632,351,50),(1633,351,60),(1634,351,70),(1635,351,80),(1636,351,90),(1637,351,100),(1638,352,0),(1639,352,20),(1640,352,30),(1641,352,40),(1675,364,0),(1676,364,100),(1677,364,200),(1678,364,300),(1679,365,0),(1680,365,50),(1681,365,100),(1682,366,0),(1683,366,50),(1684,366,100),(1685,367,0),(1686,367,50),(1687,367,100),(1688,368,0),(1689,368,100),(1690,368,200),(1691,368,300),(1692,369,0),(1693,369,20),(1694,369,30),(1695,369,40),(1696,370,0),(1697,370,20),(1698,370,30),(1699,370,40),(1700,231,0),(1701,231,20),(1702,231,40),(1703,231,50),(1704,363,0),(1705,363,100),(1706,363,200),(1707,235,0),(1708,235,100),(1709,235,200),(1710,323,37),(1711,323,41),(1712,353,-30),(1713,353,0),(1714,353,30),(1715,354,-30),(1716,354,0),(1717,354,30),(1718,355,-30),(1719,355,0),(1720,355,30),(1721,356,-30),(1722,356,0),(1723,356,30),(1724,357,-30),(1725,357,0),(1726,357,30),(1727,358,-30),(1728,358,0),(1729,358,30),(1730,359,-30),(1731,359,0),(1732,359,30),(1733,360,-30),(1734,360,0),(1735,360,30),(1736,361,-30),(1737,361,0),(1738,361,30),(1739,362,-30),(1740,362,0),(1741,362,30),(1742,371,0),(1743,371,100),(1744,371,200),(1745,371,300),(1746,372,0),(1747,372,100),(1748,372,200),(1749,372,300),(1750,373,-50),(1751,373,0),(1752,373,50),(1756,374,0),(1757,374,50),(1758,374,100),(1762,376,0),(1763,376,100),(1764,376,200),(1765,376,300),(1766,375,0),(1767,375,50),(1768,375,100),(1769,377,0),(1770,377,100),(1771,377,200),(1772,377,300),(1773,378,0),(1774,378,50),(1775,378,100),(1776,379,0),(1777,379,50),(1778,379,100),(1779,380,0),(1780,380,100),(1781,380,200),(1782,380,300),(1783,381,0),(1784,381,50),(1785,381,100),(1786,382,100),(1787,382,150),(1788,382,200),(1789,383,0),(1790,383,100),(1791,383,200),(1792,384,0),(1793,384,50),(1794,384,100),(1795,385,0),(1796,385,100),(1797,385,200),(1798,385,300),(1799,386,0),(1800,386,100),(1801,386,200),(1802,386,300),(1803,387,0),(1804,387,50),(1805,387,100),(1806,388,0),(1807,388,100),(1808,388,200),(1809,389,0),(1810,389,50),(1811,389,100),(1812,390,0),(1813,390,100),(1814,390,200),(1815,391,0),(1816,391,100),(1817,391,200),(1818,392,0),(1819,392,100),(1820,392,200),(1821,392,300),(1828,394,0),(1829,394,10),(1830,394,20),(1831,394,30),(1832,394,40),(1833,394,50),(1834,393,0),(1835,393,10),(1836,393,20),(1837,393,30),(1838,393,40),(1839,393,50),(1840,395,0),(1841,395,100),(1842,395,200),(1843,396,0),(1844,396,100),(1845,396,200),(1846,397,0),(1847,397,50),(1848,397,100),(1849,398,0),(1850,398,100),(1851,398,200),(1852,398,300),(1853,399,0),(1854,399,50),(1855,399,100),(1856,400,0),(1857,400,50),(1858,400,100),(1859,401,-50),(1860,401,0),(1861,401,50),(1862,402,0),(1863,402,100),(1864,402,200),(1865,403,10),(1866,403,20),(1867,403,30),(1868,404,4),(1869,404,5),(1870,404,8),(1871,405,4),(1872,405,5),(1873,405,8),(1878,408,-25),(1879,409,2),(1880,409,5),(1881,409,8),(1885,411,20),(1886,411,25),(1887,412,20),(1888,412,25),(1889,413,20),(1890,413,25),(1891,414,4),(1892,414,5),(1893,414,8),(1894,415,30),(1895,415,35),(1896,416,30),(1897,416,35),(1898,417,30),(1899,417,35),(1900,418,20),(1901,418,25),(1902,418,30),(1903,419,20),(1904,419,25),(1905,419,30),(1906,420,20),(1907,420,25),(1908,420,30),(1909,421,20),(1910,421,25),(1911,421,30),(1912,422,20),(1913,422,25),(1914,422,30),(1915,423,20),(1916,423,25),(1917,423,30),(1918,424,40),(1919,425,40),(1920,426,40),(1921,430,40),(1922,429,20),(1923,428,20),(1924,427,20),(1929,431,0),(1930,431,20),(1931,431,30),(1932,431,40),(1937,432,0),(1938,432,20),(1939,432,30),(1940,432,40),(1941,433,0),(1942,433,100),(1943,433,200),(1944,433,300),(1945,434,0),(1946,434,50),(1947,434,100),(1948,435,0),(1949,435,50),(1950,435,100),(1951,436,0),(1952,436,100),(1953,436,200),(1954,436,300),(1955,437,0),(1956,437,100),(1957,437,200),(1958,438,0),(1959,438,100),(1960,438,200),(1961,439,0),(1962,439,100),(1963,439,200),(1964,439,300),(1968,441,0),(1969,441,100),(1970,441,200),(1971,441,300),(1972,440,0),(1973,440,50),(1974,440,100),(1979,443,0),(1980,443,50),(1981,443,100),(1982,444,0),(1983,444,100),(1984,444,200),(1985,444,300),(1992,446,0),(1993,446,100),(1994,446,200),(1995,447,0),(1996,447,10),(1997,447,20),(1998,447,30),(1999,447,40),(2000,447,50),(2001,448,0),(2002,448,50),(2003,448,100),(2004,449,0),(2005,449,50),(2006,449,100),(2007,450,0),(2008,450,50),(2009,450,100),(2010,451,0),(2011,451,50),(2012,451,100),(2013,452,0),(2014,452,50),(2015,452,100),(2016,453,0),(2017,453,50),(2018,453,100),(2019,454,0),(2020,454,100),(2021,454,200),(2022,455,0),(2023,455,100),(2024,455,200),(2025,458,-30),(2026,458,-20),(2027,458,-10),(2028,458,0),(2029,458,10),(2030,458,20),(2031,459,0),(2032,459,10),(2033,459,20),(2034,459,30),(2035,459,40),(2036,459,50),(2037,460,0),(2038,460,20),(2039,460,30),(2040,460,40),(2041,461,0),(2042,461,20),(2043,461,30),(2044,461,40),(2045,462,50),(2046,462,60),(2047,462,70),(2048,462,80),(2049,462,90),(2050,462,100),(2051,463,0),(2052,463,20),(2053,463,30),(2054,463,40),(2055,464,0),(2056,464,20),(2057,464,30),(2058,464,40),(2059,465,0),(2060,465,20),(2061,465,30),(2062,465,40),(2063,445,0),(2064,445,50),(2065,445,100),(2066,442,0),(2067,442,100),(2068,442,200),(2069,442,300),(2070,466,0),(2071,466,50),(2072,466,100),(2073,467,0),(2074,467,30),(2075,467,50),(2076,468,0),(2077,468,100),(2078,468,200),(2079,468,300),(2080,469,0),(2081,469,50),(2082,469,100),(2083,470,0),(2084,470,50),(2085,470,100),(2086,471,0),(2087,471,30),(2088,471,50),(2089,472,0),(2090,472,100),(2091,472,200),(2092,472,300),(2093,473,0),(2094,473,100),(2095,473,200),(2096,473,300),(2097,474,0),(2098,474,100),(2099,474,200),(2100,474,300),(2107,476,0),(2108,476,10),(2109,476,20),(2110,476,30),(2111,476,40),(2112,476,50),(2113,477,0),(2114,477,30),(2115,477,50),(2116,478,0),(2117,478,30),(2118,478,50),(2119,479,0),(2120,479,50),(2121,479,100),(2122,480,0),(2123,480,100),(2124,480,200),(2125,481,0),(2126,481,10),(2127,481,20),(2128,481,30),(2129,481,40),(2130,481,50),(2131,482,0),(2132,482,100),(2133,482,200),(2134,483,0),(2135,483,100),(2136,483,200),(2137,484,0),(2138,484,50),(2139,484,100),(2140,485,0),(2141,485,100),(2142,485,200),(2143,485,300),(2147,486,0),(2148,486,50),(2149,486,100),(2150,487,0),(2151,487,100),(2152,487,200),(2153,488,0),(2154,488,100),(2155,488,200),(2156,488,300),(2157,489,0),(2158,489,100),(2159,489,200),(2160,489,300),(2161,490,0),(2162,490,100),(2163,490,200),(2164,490,300),(2165,491,0),(2166,491,100),(2167,491,200),(2168,491,300),(2169,492,0),(2170,492,100),(2171,492,200),(2172,492,300),(2173,493,0),(2174,493,100),(2175,493,200),(2176,493,300),(2177,494,0),(2178,494,50),(2179,494,100),(2180,495,0),(2181,495,50),(2182,495,100),(2183,496,0),(2184,496,100),(2185,496,200),(2186,497,0),(2187,497,50),(2188,497,100),(2189,498,0),(2190,498,100),(2191,498,200),(2192,498,300),(2193,499,0),(2194,499,50),(2195,499,100),(2196,500,0),(2197,500,100),(2198,500,200),(2199,500,300),(2200,501,0),(2201,501,50),(2202,501,100),(2203,502,0),(2204,502,50),(2205,502,100),(2206,503,0),(2207,503,50),(2208,503,100),(2209,504,0),(2210,504,50),(2211,504,100),(2212,505,0),(2213,505,100),(2214,505,200),(2215,505,300),(2216,506,0),(2217,506,100),(2218,506,200),(2219,506,300),(2220,510,0),(2221,510,50),(2222,510,100),(2223,511,0),(2224,511,50),(2225,511,100),(2226,512,0),(2227,512,100),(2228,512,200),(2229,513,0),(2230,513,50),(2231,513,100),(2232,514,0),(2233,514,50),(2234,514,100),(2235,515,0),(2236,515,10),(2237,515,20),(2238,515,30),(2239,515,40),(2240,515,50),(2241,516,0),(2242,516,10),(2243,516,20),(2244,516,30),(2245,516,40),(2246,516,50),(2247,517,30),(2248,517,80),(2249,517,120),(2250,517,180),(2251,518,0),(2252,518,50),(2253,518,100),(2254,519,0),(2255,519,100),(2256,519,200),(2257,520,0),(2258,520,100),(2259,520,200),(2260,521,0),(2261,521,50),(2262,521,100),(2263,522,0),(2264,522,50),(2265,522,100),(2266,523,0),(2267,523,100),(2268,523,200),(2269,523,300),(2270,524,0),(2271,524,100),(2272,524,200),(2273,524,300),(2274,525,-20),(2275,525,0),(2276,525,50),(2277,526,-20),(2278,526,0),(2279,526,50),(2280,527,-20),(2281,527,0),(2282,527,50),(2283,528,-20),(2284,528,0),(2285,528,50),(2286,529,-20),(2287,529,0),(2288,529,50),(2289,530,0),(2290,530,10),(2291,530,20),(2292,530,30),(2293,530,40),(2294,530,50),(2295,531,50),(2296,531,60),(2297,531,70),(2298,531,80),(2299,531,90),(2300,531,100),(2301,532,0),(2302,532,100),(2303,532,200),(2304,533,-50),(2305,533,0),(2306,533,50),(2307,534,0),(2308,534,20),(2309,534,30),(2310,534,40),(2311,535,0),(2312,535,20),(2313,535,30),(2314,535,40),(2315,536,0),(2316,536,10),(2317,536,20),(2318,536,30),(2319,536,40),(2320,536,50),(2321,537,0),(2322,537,10),(2323,537,20),(2324,537,30),(2325,537,40),(2326,537,50),(2327,538,0),(2328,538,20),(2329,538,30),(2330,538,40),(2331,539,0),(2332,539,20),(2333,539,30),(2334,539,40),(2335,540,0),(2336,540,20),(2337,540,30),(2338,540,40),(2339,541,0),(2340,541,20),(2341,541,30),(2342,541,40),(2343,542,0),(2344,542,20),(2345,542,30),(2346,542,40),(2347,543,0),(2348,543,20),(2349,543,30),(2350,543,40),(2351,544,0),(2352,544,20),(2353,544,30),(2354,544,40),(2355,545,0),(2356,545,20),(2357,545,30),(2358,545,40),(2359,546,0),(2360,546,20),(2361,546,30),(2362,546,40),(2363,547,0),(2364,547,50),(2365,547,100),(2366,548,0),(2367,548,100),(2368,548,200),(2369,548,300),(2370,475,0),(2371,475,10),(2372,475,20),(2373,475,30),(2374,475,40),(2375,475,50),(2376,549,0),(2377,549,100),(2378,549,200);
/*!40000 ALTER TABLE `tempregisterpoint` ENABLE KEYS */;
UNLOCK TABLES;

--
-- Table structure for table `user`
--

DROP TABLE IF EXISTS `user`;
/*!40101 SET @saved_cs_client     = @@character_set_client */;
/*!40101 SET character_set_client = utf8 */;
CREATE TABLE `user` (
  `id` int(11) NOT NULL AUTO_INCREMENT,
  `userName` varchar(45) DEFAULT NULL,
  `realName` varchar(45) DEFAULT NULL,
  `password` varchar(45) DEFAULT NULL,
  `description` varchar(45) DEFAULT NULL,
  `insertDate` datetime DEFAULT NULL,
  `email` varchar(45) DEFAULT NULL,
  `sex` varchar(45) DEFAULT NULL,
  `birthDay` datetime DEFAULT NULL,
  PRIMARY KEY (`id`)
) ENGINE=InnoDB AUTO_INCREMENT=3 DEFAULT CHARSET=utf8;
/*!40101 SET character_set_client = @saved_cs_client */;

--
-- Dumping data for table `user`
--

LOCK TABLES `user` WRITE;
/*!40000 ALTER TABLE `user` DISABLE KEYS */;
INSERT INTO `user` VALUES (1,'admin','管理员','admin',NULL,NULL,'aaaa@aaa.com','男','2013-07-11 00:00:00'),(2,'aa','aa','aa',NULL,NULL,'aa','女','2013-07-12 00:00:00');
/*!40000 ALTER TABLE `user` ENABLE KEYS */;
UNLOCK TABLES;

--
-- Table structure for table `userrole`
--

DROP TABLE IF EXISTS `userrole`;
/*!40101 SET @saved_cs_client     = @@character_set_client */;
/*!40101 SET character_set_client = utf8 */;
CREATE TABLE `userrole` (
  `id` int(10) unsigned NOT NULL AUTO_INCREMENT,
  `userId` int(10) unsigned NOT NULL,
  `roleId` int(10) unsigned NOT NULL,
  PRIMARY KEY (`id`)
) ENGINE=MyISAM AUTO_INCREMENT=3 DEFAULT CHARSET=utf8;
/*!40101 SET character_set_client = @saved_cs_client */;

--
-- Dumping data for table `userrole`
--

LOCK TABLES `userrole` WRITE;
/*!40000 ALTER TABLE `userrole` DISABLE KEYS */;
INSERT INTO `userrole` VALUES (1,1,1),(2,2,2);
/*!40000 ALTER TABLE `userrole` ENABLE KEYS */;
UNLOCK TABLES;
/*!40103 SET TIME_ZONE=@OLD_TIME_ZONE */;

/*!40101 SET SQL_MODE=@OLD_SQL_MODE */;
/*!40014 SET FOREIGN_KEY_CHECKS=@OLD_FOREIGN_KEY_CHECKS */;
/*!40014 SET UNIQUE_CHECKS=@OLD_UNIQUE_CHECKS */;
/*!40101 SET CHARACTER_SET_CLIENT=@OLD_CHARACTER_SET_CLIENT */;
/*!40101 SET CHARACTER_SET_RESULTS=@OLD_CHARACTER_SET_RESULTS */;
/*!40101 SET COLLATION_CONNECTION=@OLD_COLLATION_CONNECTION */;
/*!40111 SET SQL_NOTES=@OLD_SQL_NOTES */;

-- Dump completed on 2014-01-06 10:43:11
