-- MySQL dump 10.13  Distrib 5.6.12, for Win64 (x86_64)
--
-- Host: localhost    Database: detect
-- ------------------------------------------------------
-- Server version	5.6.12-log

/*!40101 SET @OLD_CHARACTER_SET_CLIENT=@@CHARACTER_SET_CLIENT */;
/*!40101 SET @OLD_CHARACTER_SET_RESULTS=@@CHARACTER_SET_RESULTS */;
/*!40101 SET @OLD_COLLATION_CONNECTION=@@COLLATION_CONNECTION */;
/*!40101 SET NAMES utf8 */;
/*!40103 SET @OLD_TIME_ZONE=@@TIME_ZONE */;
/*!40103 SET TIME_ZONE='+00:00' */;
/*!40014 SET @OLD_UNIQUE_CHECKS=@@UNIQUE_CHECKS, UNIQUE_CHECKS=0 */;
/*!40014 SET @OLD_FOREIGN_KEY_CHECKS=@@FOREIGN_KEY_CHECKS, FOREIGN_KEY_CHECKS=0 */;
/*!40101 SET @OLD_SQL_MODE=@@SQL_MODE, SQL_MODE='NO_AUTO_VALUE_ON_ZERO' */;
/*!40111 SET @OLD_SQL_NOTES=@@SQL_NOTES, SQL_NOTES=0 */;

--
-- Table structure for table `detectrecord`
--

DROP TABLE IF EXISTS `detectrecord`;
/*!40101 SET @saved_cs_client     = @@character_set_client */;
/*!40101 SET character_set_client = utf8 */;
CREATE TABLE `detectrecord` (
  `id` int(11) NOT NULL AUTO_INCREMENT,
  `standardTmpterId` int(11) DEFAULT NULL COMMENT '标准器ID',
  `experimentNo` varchar(100) DEFAULT NULL COMMENT '实验编号',
  `equipmentNo` varchar(45) DEFAULT NULL COMMENT '院设备编号：RG024,RG025,RG026',
  `temp` varchar(45) DEFAULT NULL COMMENT '温度',
  `humidity` varchar(45) DEFAULT NULL COMMENT '湿度',
  `address` varchar(500) DEFAULT NULL COMMENT '地点',
  `createDate` datetime DEFAULT NULL COMMENT '时间',
  `detectTemp` int(11) DEFAULT NULL COMMENT '鍚嶄箟娓╁害',
  `temp1` double DEFAULT NULL COMMENT '读数1',
  `temp2` double DEFAULT NULL COMMENT '读数2',
  `temp3` double DEFAULT NULL COMMENT '读数3(干度2)',
  `temp4` double DEFAULT NULL COMMENT '读数4湿度2)',
  `tempAvg1` double DEFAULT NULL COMMENT '平均读数',
  `tempAvg2` double DEFAULT NULL COMMENT '平均读数2（湿度）',
  `tempReal` double DEFAULT NULL COMMENT '温槽实际温度',
  `detectBasis` varchar(45) DEFAULT NULL COMMENT '测定依据:JJG123-2011\\\\JJG131-2004',
  `createUserID` int(11) DEFAULT NULL,
  `temp1_input` varchar(45) DEFAULT NULL,
  `temp2_input` varchar(45) DEFAULT NULL,
  `temp3_input` varchar(45) DEFAULT NULL,
  `temp4_input` varchar(45) DEFAULT NULL,
  `tempAvg1_str` varchar(45) DEFAULT NULL,
  `tempAvg2_str` varchar(45) DEFAULT NULL,
  `tempReal_str` varchar(45) DEFAULT NULL,
  PRIMARY KEY (`id`)
) ENGINE=InnoDB AUTO_INCREMENT=101 DEFAULT CHARSET=utf8;
/*!40101 SET character_set_client = @saved_cs_client */;

--
-- Dumping data for table `detectrecord`
--

LOCK TABLES `detectrecord` WRITE;
/*!40000 ALTER TABLE `detectrecord` DISABLE KEYS */;
INSERT INTO `detectrecord` VALUES (2,2,'20131023001','RG024','18.9','48','本院3504房间','2013-10-23 16:05:47',10,-16,-16,NULL,NULL,-0.16,NULL,-0.03,'JJG130-2011',1,'-16','-16',NULL,NULL,'-0.16',NULL,'-0.03'),(3,2,'20131023002','RG024','18.9','48','本院3504房间','2013-10-23 16:16:04',40,0,0,NULL,NULL,0,NULL,0,'JJG130-2011',1,'0','0',NULL,NULL,'0.00',NULL,'0.00'),(4,2,'20131023003','RG024','18.9','48','本院3504房间','2013-10-23 16:37:11',40,0,0,NULL,NULL,0,NULL,0,'JJG130-2011',1,'0','0',NULL,NULL,'0.00',NULL,'0.00'),(5,4,'20131023004','RG024','18.9','48','本院3504房间','2013-10-23 16:43:41',100,-10,-10,NULL,NULL,-0.1,NULL,-0.01,'JJG130-2011',1,'-10','-10',NULL,NULL,'-0.10',NULL,'-0.01'),(6,4,'20131023005','RG024','18.9','48','本院3504房间','2013-10-23 16:50:47',100,-10,-10,NULL,NULL,-0.1,NULL,-0.01,'JJG130-2011',1,'-10','-10',NULL,NULL,'-0.10',NULL,'-0.01'),(7,2,'20131023006','RG024','18.9','49','本院3504房间','2013-10-23 16:55:23',20,-10,-10,NULL,NULL,-0.1,NULL,-0.03,'JJG130-2011',1,'-10','-10',NULL,NULL,'-0.10',NULL,'-0.03'),(8,2,'20131024001','RG024','17.5','48','本院3504房间','2013-10-24 09:35:22',20,-10,-10,NULL,NULL,-0.1,NULL,-0.03,'JJG130-2011',1,'-10','-10',NULL,NULL,'-0.10',NULL,'-0.03'),(9,2,'20131024002','RG024','17.8','48','本院3504房间','2013-10-24 10:26:21',20,-10,-10,NULL,NULL,-0.1,NULL,-0.03,'JJG130-2011',1,'-10','-10',NULL,NULL,'-0.10',NULL,'-0.03'),(10,4,'20131024003','RG024','17.5','48','本院3504房间','2013-10-24 10:32:10',100,-10,-10,NULL,NULL,-0.1,NULL,-0.01,'JJG130-2011',1,'-10','-10',NULL,NULL,'-0.10',NULL,'-0.01'),(11,4,'20131024004','RG024','17.9','48','本院3504房间','2013-10-24 10:34:47',100,-10,-10,NULL,NULL,-0.1,NULL,-0.01,'JJG130-2011',1,'-10','-10',NULL,NULL,'-0.10',NULL,'-0.01'),(12,4,'20131024005','RG024','17.5','48','本院3504房间','2013-10-24 10:40:43',100,-10,-10,NULL,NULL,-0.1,NULL,-0.01,'JJG130-2011',1,'-10','-10',NULL,NULL,'-0.10',NULL,'-0.01'),(13,2,'20131024006','RG024','17.5','48','本院3504房间','2013-10-24 10:45:58',20,-10,-10,NULL,NULL,-0.1,NULL,-0.03,'JJG130-2011',1,'-10','-10',NULL,NULL,'-0.10',NULL,'-0.03'),(14,2,'20131024007','RG024','17.5','48','本院3504房间','2013-10-24 11:23:03',40,6,6,NULL,NULL,0.06,NULL,0.06,'JJG130-2011',1,'6','6',NULL,NULL,'0.06',NULL,'0.06'),(15,4,'20131024008','RG024','17.5','48','本院3504房间','2013-10-24 11:28:35',100,-10,-10,NULL,NULL,-0.1,NULL,-0.01,'JJG130-2011',1,'-10','-10',NULL,NULL,'-0.10',NULL,'-0.01'),(16,4,'20131024009','RG024','17.5','48','本院3504房间','2013-10-24 11:30:48',100,-10,-10,NULL,NULL,-0.1,NULL,-0.01,'JJG130-2011',1,'-10','-10',NULL,NULL,'-0.10',NULL,'-0.01'),(17,4,'20131024010','RG024','17.5','48','本院3504房间','2013-10-24 11:33:09',100,-10,-10,NULL,NULL,-0.1,NULL,-0.01,'JJG130-2011',1,'-10','-10',NULL,NULL,'-0.10',NULL,'-0.01'),(18,2,'20131024011','RG024','17.5','48','本院3504房间','2013-10-24 13:45:50',30,-5,-5,NULL,NULL,-0.05,NULL,0.02,'JJG130-2011',1,'-5','-5',NULL,NULL,'-0.05',NULL,'0.02'),(19,4,'20131024012','RG024','17.5','48','本院3504房间','2013-10-24 13:48:32',100,-10,-10,NULL,NULL,-0.1,NULL,-0.01,'JJG130-2011',1,'-10','-10',NULL,NULL,'-0.10',NULL,'-0.01'),(20,2,'20131024013','RG024','17.5','48','本院3504房间','2013-10-24 13:52:59',40,8,8,NULL,NULL,0.08,NULL,0.08,'JJG130-2011',1,'8','8',NULL,NULL,'0.08',NULL,'0.08'),(21,2,'20131024014','RG024','17.5','48','本院3504房间','2013-10-24 13:56:20',40,8,8,NULL,NULL,0.08,NULL,0.08,'JJG130-2011',1,'8','8',NULL,NULL,'0.08',NULL,'0.08'),(22,2,'20131024015','RG024','17.5','48','本院3504房间','2013-10-24 14:20:03',40,8,8,NULL,NULL,0.08,NULL,0.08,'JJG130-2011',1,'8','8',NULL,NULL,'0.08',NULL,'0.08'),(23,4,'20131024016','RG024','17.5','48','本院3504房间','2013-10-24 14:26:02',100,-14,-14,NULL,NULL,-0.14,NULL,-0.05,'JJG130-2011',1,'-14','-14',NULL,NULL,'-0.14',NULL,'-0.05'),(24,2,'20131024017','RG024','17.5','48','本院3504房间','2013-10-24 14:30:29',30,-5,-5,NULL,NULL,-0.05,NULL,0.02,'JJG130-2011',1,'-5','-5',NULL,NULL,'-0.05',NULL,'0.02'),(25,5,'20131024018','RG024','17.5',NULL,'本院3504房间','2013-10-24 14:33:34',150,0,0,NULL,NULL,0,NULL,0.03,'JJG130-2011',1,'0','0',NULL,NULL,'0.00',NULL,'0.03'),(26,2,'20131024019','RG024','17.5','48','本院3504房间','2013-10-24 14:48:10',50,0,0,NULL,NULL,0,NULL,0.07,'JJG130-2011',1,'0','0',NULL,NULL,'0.00',NULL,'0.07'),(27,2,'20131024020','RG024','17.5','48','本院3504房间','2013-10-24 14:56:52',50,0,0,NULL,NULL,0,NULL,0.07,'JJG130-2011',1,'0','0',NULL,NULL,'0.00',NULL,'0.07'),(28,2,'20131024021','RG024','17.5','48','本院3504房间','2013-10-24 15:07:48',50,0,0,NULL,NULL,0,NULL,0.07,'JJG130-2011',1,'0','0',NULL,NULL,'0.00',NULL,'0.07'),(29,2,'20131024022','RG024','17.5','48','本院3504房间','2013-10-24 15:17:48',50,0,0,NULL,NULL,0,NULL,0.07,'JJG130-2011',1,'0','0',NULL,NULL,'0.00',NULL,'0.07'),(30,2,'20131024023','RG024','17.5','48','本院3504房间','2013-10-24 15:20:24',50,0,0,NULL,NULL,0,NULL,0.07,'JJG130-2011',1,'0','0',NULL,NULL,'0.00',NULL,'0.07'),(31,2,'20131024024','RG024','17.5','48','本院3504房间','2013-10-24 15:24:06',50,1,1,NULL,NULL,0.01,NULL,0.08,'JJG130-2011',1,'1','1',NULL,NULL,'0.01',NULL,'0.08'),(32,2,'20131024025','RG024','17.5','48','本院3504房间','2013-10-24 15:28:55',50,0,0,NULL,NULL,0,NULL,0.07,'JJG130-2011',1,'0','0',NULL,NULL,'0.00',NULL,'0.07'),(33,2,'20131024026','RG024','17.5','48','本院3504房间','2013-10-24 15:30:51',50,0,0,NULL,NULL,0,NULL,0.07,'JJG130-2011',1,'0','0',NULL,NULL,'0.00',NULL,'0.07'),(34,6,'20131024027','RG024','17.5','48','本院3504房间','2013-10-24 15:34:10',200,3,3,NULL,NULL,0.03,NULL,-0.01,'JJG130-2011',1,'3','3',NULL,NULL,'0.03',NULL,'-0.01'),(35,6,'20131024028','RG024','17.5','48','本院3504房间','2013-10-24 15:37:27',200,3,3,NULL,NULL,0.03,NULL,-0.01,'JJG130-2011',1,'3','3',NULL,NULL,'0.03',NULL,'-0.01'),(36,2,'20131024029','RG024','17.5','48','本院3504房间','2013-10-24 15:38:45',50,0,0,NULL,NULL,0,NULL,0.07,'JJG130-2011',1,'0','0',NULL,NULL,'0.00',NULL,'0.07'),(37,2,'20131024030','RG024','17.5','48','本院3504房间','2013-10-24 15:41:04',50,0,0,NULL,NULL,0,NULL,0.07,'JJG130-2011',1,'0','0',NULL,NULL,'0.00',NULL,'0.07'),(38,2,'20131024031','RG024','17.5','48','本院3504房间','2013-10-24 15:55:15',50,0,0,NULL,NULL,0,NULL,0.07,'JJG130-2011',1,'0','0',NULL,NULL,'0.00',NULL,'0.07'),(39,2,'20131024032','RG024','17.5','48','本院3504房间','2013-10-24 16:01:04',50,0,0,NULL,NULL,0,NULL,0.07,'JJG130-2011',1,'0','0',NULL,NULL,'0.00',NULL,'0.07'),(40,2,'20131024033','RG024','17.5','48','本院3504房间','2013-10-24 16:06:29',50,0,0,NULL,NULL,0,NULL,0.07,'JJG130-2011',1,'0','0',NULL,NULL,'0.00',NULL,'0.07'),(41,2,'20131024034','RG024','17.5','48','本院3504房间','2013-10-24 16:08:24',50,0,0,NULL,NULL,0,NULL,0.07,'JJG130-2011',1,'0','0',NULL,NULL,'0.00',NULL,'0.07'),(42,2,'20131024035','RG024','17.5','48','本院3504房间','2013-10-24 16:10:03',50,0,0,NULL,NULL,0,NULL,0.07,'JJG130-2011',1,'0','0',NULL,NULL,'0.00',NULL,'0.07'),(43,6,'20131024036','RG024','17.5','48','本院3504房间','2013-10-24 16:14:27',200,3,3,NULL,NULL,0.03,NULL,-0.01,'JJG130-2011',1,'3','3',NULL,NULL,'0.03',NULL,'-0.01'),(44,6,'20131024037','RG024','17.5','48','本院3504房间','2013-10-24 16:16:47',200,3,3,NULL,NULL,0.03,NULL,-0.01,'JJG130-2011',1,'3','3',NULL,NULL,'0.03',NULL,'-0.01'),(45,16,'20131024038','RG024','17.5','48','本院3504房间','2013-10-24 16:28:43',-20,14,14,NULL,NULL,0.14,NULL,0.09,'JJG130-2011',1,'14','14',NULL,NULL,'0.14',NULL,'0.09'),(46,6,'20131024039','RG024','17.8','48','本院3504房间','2013-10-24 16:34:16',200,3,3,NULL,NULL,0.03,NULL,-0.01,'JJG130-2011',1,'3','3',NULL,NULL,'0.03',NULL,'-0.01'),(47,3,'20131024040','RG024','17.6','48','本院3504房间','2013-10-24 16:41:02',60,12,12,NULL,NULL,0.12,NULL,0.17,'JJG130-2011',1,'12','12',NULL,NULL,'0.12',NULL,'0.17'),(48,16,'20131024041','RG024','17.6','48','本院3504房间','2013-10-24 16:42:29',-20,14,14,NULL,NULL,0.14,NULL,0.09,'JJG130-2011',1,'14','14',NULL,NULL,'0.14',NULL,'0.09'),(49,16,'20131024042','RG024','17.9','48','本院3504房间','2013-10-24 16:54:41',-20,14,14,NULL,NULL,0.14,NULL,0.09,'JJG130-2011',1,'14','14',NULL,NULL,'0.14',NULL,'0.09'),(50,2,'20131026001','RG024','19.6','39','本院3504房间','2013-10-26 10:34:42',10,-17,-17,NULL,NULL,-0.17,NULL,-0.04,'JJG130-2011',1,'-17','-17',NULL,NULL,'-0.17',NULL,'-0.04'),(51,4,'20131026002','RG024','19.5','39','本院3504房间','2013-10-26 10:40:01',100,-10,-10,NULL,NULL,-0.1,NULL,-0.01,'JJG130-2011',1,'-10','-10',NULL,NULL,'-0.10',NULL,'-0.01'),(52,2,'20131026003','RG024','19.8','39','本院3504房间','2013-10-26 11:11:09',40,-1,-1,NULL,NULL,-0.01,NULL,-0.01,'JJG130-2011',1,'-1','-1',NULL,NULL,'-0.01',NULL,'-0.01'),(53,2,'20131026004','RG024','19.5','39','本院3504房间','2013-10-26 11:11:51',20,-10,-10,NULL,NULL,-0.1,NULL,0,'JJG130-2011',1,'-10','-10',NULL,NULL,'-0.10',NULL,'0.00'),(54,2,'20131026005','RG024','19.5','39','本院3504房间','2013-10-26 11:13:20',20,-10,-10,NULL,NULL,-0.1,NULL,0,'JJG130-2011',1,'-10','-10','-2','-2','-0.10',NULL,'0.00'),(55,16,'20131026006','RG026','19.8','39','本院3504房间','2013-10-26 11:33:31',-30,-8,-8,NULL,NULL,-0.08,NULL,0.03,'JJG130-2011',1,'-8','-8',NULL,NULL,'-0.08',NULL,'0.03'),(56,2,'20131026007','RG024','19.9','39','本院3504房间','2013-10-26 11:34:42',20,-10,-10,NULL,NULL,-0.1,NULL,0,'JJG130-2011',1,'-10','-10','+7','+7','-0.10',NULL,'0.00'),(57,16,'20131026008','RG026','19.8','39','本院3504房间','2013-10-26 12:33:12',-50,-9,-9,NULL,NULL,-0.09,NULL,0,'JJG130-2011',1,'-9','-9',NULL,NULL,'-0.09',NULL,'0.00'),(58,2,'20131026009','RG024','19.9','39','本院3504房间','2013-10-26 12:35:11',20,-10,-10,NULL,NULL,-0.1,NULL,0,'JJG130-2011',1,'-10','-10','+8','+8','-0.10',NULL,'0.00'),(59,2,'20131026010','RG024','19.8','48','本院3504房间','2013-10-26 14:15:03',20,-10,-10,NULL,NULL,-0.1,NULL,0,'JJG130-2011',1,'-10','-10','+2','+2','-0.10',NULL,'0.00'),(63,2,'20131026011','RG024','20','20','本院3504房间','2013-10-26 20:37:53',20,20.5,15.6,NULL,NULL,0.18,NULL,0.28,'JJG130-2011',1,'20.5','15.6',NULL,NULL,'0.18',NULL,'0.28'),(64,2,'20131026012','RG024','20','20','本院3504房间','2013-10-26 23:41:02',20,10,10,NULL,NULL,0.1,NULL,0.2,'JJG130-2011',1,'10','10',NULL,NULL,'0.10',NULL,'0.20'),(65,2,'20131026013','RG024','20','20','本院3504房间','2013-10-26 23:41:05',20,10,10,NULL,NULL,0.1,NULL,0.2,'JJG130-2011',1,'10','10',NULL,NULL,'0.10',NULL,'0.20'),(66,2,'20131026014','RG024','20','20','本院3504房间','2013-10-26 23:41:17',20,10,10,NULL,NULL,0.1,NULL,0.2,'JJG130-2011',1,'10','10',NULL,NULL,'0.10',NULL,'0.20'),(67,2,'20131026015','RG024','20','20','本院3504房间','2013-10-26 23:41:24',20,10,10,NULL,NULL,0.1,NULL,0.2,'JJG130-2011',1,'10','10',NULL,NULL,'0.10',NULL,'0.20'),(68,2,'20131026016','RG024','20','20','本院3504房间','2013-10-26 23:41:30',20,10,10,NULL,NULL,0.1,NULL,0.2,'JJG130-2011',1,'10','10',NULL,NULL,'0.10',NULL,'0.20'),(69,2,'20131026017','RG024','20','20','本院3504房间','2013-10-26 23:42:17',20,10,10,NULL,NULL,0.1,NULL,0.2,'JJG130-2011',1,'10','10',NULL,NULL,'0.10',NULL,'0.20'),(70,15,'20131026018','RG024','30','30','本院3504房间','2013-10-26 23:43:30',270,20,20,NULL,NULL,0.2,NULL,0.1,'JJG130-2011',1,'20','20',NULL,NULL,'0.20',NULL,'0.10'),(71,5,'20131026019','RG024','20','20','本院3504房间','2013-10-26 23:45:49',150,10,10,NULL,NULL,0.1,NULL,0.13,'JJG130-2011',1,'10','10',NULL,NULL,'0.10',NULL,'0.13'),(72,6,'20131026020','RG024','60','60','本院3504房间','2013-10-26 23:46:54',200,100,100,NULL,NULL,1,NULL,0.95,'JJG130-2011',1,'100','100',NULL,NULL,'1.00',NULL,'0.95'),(77,11,'20131028002','RG024','20','20','本院3504房间','2013-10-28 16:34:37',50,20,20,NULL,NULL,0.2,NULL,0.35,'JJG130-2011',1,'20','20',NULL,NULL,'0.20',NULL,'0.200'),(78,11,'20131028002','RG024','20','20','本院3504房间','2013-10-28 16:37:12',50,20,20,NULL,NULL,0.2,NULL,0.35,'JJG130-2011',1,'20','20',NULL,NULL,'0.20',NULL,'0.200'),(79,11,'20131028003','RG024','20.5','20.9','本院3504房间','2013-10-28 16:39:03',50,20,20,NULL,NULL,0.2,NULL,0.35,'JJG130-2011',1,'20','20',NULL,NULL,'0.20',NULL,'0.200'),(80,11,'20131028004','RG024','20.5','20.9','本院3504房间','2013-10-28 16:41:35',50,20,20,NULL,NULL,0.2,NULL,0.2,'JJG130-2011',1,'20','20',NULL,NULL,'0.20',NULL,'0.20'),(81,11,'20131028005','RG024','20','2','本院3504房间','2013-10-28 16:44:58',50,50,50,NULL,NULL,0.5,NULL,0.65,'JJG130-2011',1,'50','50',NULL,NULL,'0.50',NULL,'0.500'),(82,11,'20131028006','RG024','20','20','本院3504房间','2013-10-28 16:49:21',50,10,60.89,NULL,NULL,0.35,NULL,0.5,'JJG130-2011',1,'10.0','60.89',NULL,NULL,'0.35',NULL,'0.35'),(83,NULL,'20131028007','RG024','10','10','本院3504房间','2013-10-28 16:50:30',NULL,60,70,NULL,NULL,NULL,NULL,NULL,'JJG130-2011',1,'60','70',NULL,NULL,NULL,NULL,NULL),(84,NULL,'20131028008','RG024','20','20','本院3504房间','2013-10-28 16:57:20',NULL,0.27,0.96,NULL,NULL,NULL,NULL,NULL,'JJG130-2011',1,'0.27','0.96',NULL,NULL,NULL,NULL,NULL),(85,NULL,'20131028009','RG024','20','20','本院3504房间','2013-10-28 16:58:42',NULL,1.4,1.4,NULL,NULL,NULL,NULL,NULL,'JJG130-2011',1,'1.4','1.4',NULL,NULL,NULL,NULL,NULL),(86,NULL,'20131028010','RG024','50','50','本院3504房间','2013-10-28 17:01:54',NULL,10,10,NULL,NULL,NULL,NULL,NULL,'JJG130-2011',1,'10','10',NULL,NULL,NULL,NULL,NULL),(87,11,'20131028011','RG024','10','10','本院3504房间','2013-10-28 17:16:09',50,50.6,50.9,NULL,NULL,0.5,NULL,0.65,'JJG130-2011',1,'50.6','50.9',NULL,NULL,'0.50',NULL,'0.500'),(88,NULL,'20131028012','RG024','20','20','本院3504房间','2013-10-28 18:58:02',0,10,10,NULL,NULL,NULL,NULL,NULL,'JJG130-2011',1,'10','10',NULL,NULL,NULL,NULL,NULL),(89,NULL,'20131028013','RG024','20','20','本院3504房间','2013-10-28 19:07:32',0,NULL,NULL,NULL,NULL,NULL,NULL,NULL,'JJG130-2011',1,NULL,NULL,NULL,NULL,NULL,NULL,NULL),(90,NULL,'20131028014','RG024','24','240','本院3504房间','2013-10-28 19:08:55',0,NULL,NULL,NULL,NULL,NULL,NULL,NULL,'JJG130-2011',1,NULL,NULL,NULL,NULL,NULL,NULL,NULL),(91,11,'20131101001','RG024','20','20','本院3504房间','2013-11-01 16:31:52',50,20.5,20.5,NULL,NULL,0.2,NULL,0.35,'JJG130-2011',1,'20.5','20.5',NULL,NULL,'0.20',NULL,'0.35'),(92,11,'20131101002','RG024','50','50','本院3504房间','2013-11-01 16:32:50',50,50,50,NULL,NULL,0.5,NULL,0.65,'JJG130-2011',1,'50','50',NULL,NULL,'0.50',NULL,'0.65'),(93,9,'20131101003','RG024','20','20','本院3504房间','2013-11-01 16:34:31',10,10.1,10.1,NULL,NULL,0.1,NULL,0.1,'JJG130-2011',1,'10.10','10.10',NULL,NULL,'0.10',NULL,'0.10'),(94,11,'20131121001','RG024','20','20','本院3504房间','2013-11-21 15:40:20',50,20,20,NULL,NULL,0.2,NULL,0.35,'JJG130-2011',1,'20','20',NULL,NULL,'0.20',NULL,'0.35'),(95,11,'20131121002','RG024','20','20','本院3504房间','2013-11-21 15:42:21',50,40,40,NULL,NULL,0.4,NULL,0.55,'JJG130-2011',1,'40','40',NULL,NULL,'0.40',NULL,'0.55'),(96,11,'20131121003','RG024','20','20','本院3504房间','2013-11-21 16:31:36',50,50,50,NULL,NULL,0.5,NULL,0.65,'JJG130-2011',1,'50','50',NULL,NULL,'0.50',NULL,'0.65'),(97,11,'20131121004','RG024','50','50','本院3504房间','2013-11-21 16:32:40',50,60,60,NULL,NULL,0.6,NULL,0.75,'JJG130-2011',1,'60','60',NULL,NULL,'0.60',NULL,'0.75'),(98,11,'20131121005','RG024','20','20','本院3504房间','2013-11-21 16:59:11',50,50,50,NULL,NULL,0.5,NULL,0.65,'JJG130-2011',1,'50','50',NULL,NULL,'0.50',NULL,'0.65'),(99,11,'20131121006','RG024','50','50','本院3504房间','2013-11-21 17:00:21',50,80,80,NULL,NULL,0.8,NULL,0.95,'JJG130-2011',1,'80','80',NULL,NULL,'0.80',NULL,'0.95'),(100,11,'20131121007','RG024','20','20','本院3504房间','2013-11-21 18:11:08',50,50,50,NULL,NULL,0.5,NULL,0.65,'JJG130-2011',1,'50','50',NULL,NULL,'0.50',NULL,'0.65');
/*!40000 ALTER TABLE `detectrecord` ENABLE KEYS */;
UNLOCK TABLES;

--
-- Table structure for table `detecttemp`
--

DROP TABLE IF EXISTS `detecttemp`;
/*!40101 SET @saved_cs_client     = @@character_set_client */;
/*!40101 SET character_set_client = utf8 */;
CREATE TABLE `detecttemp` (
  `id` int(11) NOT NULL AUTO_INCREMENT,
  `name` varchar(100) DEFAULT NULL,
  `temp` int(11) DEFAULT NULL,
  PRIMARY KEY (`id`)
) ENGINE=InnoDB AUTO_INCREMENT=159 DEFAULT CHARSET=utf8 COMMENT='检测点设置';
/*!40101 SET character_set_client = @saved_cs_client */;

--
-- Dumping data for table `detecttemp`
--

LOCK TABLES `detecttemp` WRITE;
/*!40000 ALTER TABLE `detecttemp` DISABLE KEYS */;
INSERT INTO `detecttemp` VALUES (2,'普通0-100',0),(3,'普通0-100',50),(4,'普通0-100',100),(5,'0-50-0.1',0),(6,'0-50-0.1',10),(7,'0-50-0.1',20),(8,'0-50-0.1',30),(9,'0-50-0.1',40),(10,'0-50-0.1',50),(14,'普通0-50',0),(15,'普通0-50',30),(16,'普通0-50',50),(17,'0-50-0.2',0),(18,'0-50-0.2',20),(19,'0-50-0.2',40),(20,'0-50-0.2',50),(21,'0-100-0.2',0),(22,'0-100-0.2',40),(23,'0-100-0.2',20),(24,'0-100-0.2',60),(25,'0-100-0.2',80),(26,'0-100-0.2',100),(27,'普通0-200',0),(28,'普通0-200',100),(29,'普通0-200',200),(33,'普通0-300',0),(34,'普通0-300',100),(35,'普通0-300',200),(36,'普通0-300',300),(41,'闭口闪点1号-30-170-1',-20),(42,'闭口闪点1号-30-170-1',0),(43,'闭口闪点1号-30-170-1',50),(44,'闭口闪点1号-30-170-1',100),(45,'闭口闪点1号-30-170-1',150),(46,'闭口闪点2号100-300-1',100),(47,'闭口闪点2号100-300-1',150),(48,'闭口闪点2号100-300-1',200),(49,'闭口闪点2号100-300-1',250),(50,'闭口闪点2号100-300-1',300),(51,'恩式粘度1号0-60-0.5',0),(52,'恩式粘度1号0-60-0.5',20),(53,'恩式粘度1号0-60-0.5',40),(54,'恩式粘度1号0-60-0.5',50),(55,'恩式粘度2号50-110-0.5',50),(56,'恩式粘度2号50-110-0.5',80),(57,'恩式粘度2号50-110-0.5',100),(58,'凝点-30-60-1',-20),(59,'凝点-30-60-1',0),(60,'凝点-30-60-1',50),(61,'结晶点-80-60-1',-60),(62,'结晶点-80-60-1',-40),(63,'结晶点-80-60-1',-20),(64,'结晶点-80-60-1',0),(65,'结晶点-80-60-1',50),(66,'石油温度计-80-20-0.5',-60),(67,'石油温度计-80-20-0.5',-40),(68,'石油温度计-80-20-0.5',0),(69,'蒸馏0-360-1',0),(70,'蒸馏0-360-1',50),(71,'蒸馏0-360-1',100),(72,'蒸馏0-360-1',150),(73,'蒸馏0-360-1',200),(74,'蒸馏0-360-1',250),(75,'蒸馏0-360-1',300),(76,'运动粘度1号98-102',100),(77,'运动粘度2号78-82',80),(78,'运动粘度3号48-52',50),(79,'运动粘度4号38-42',40),(80,'运动粘度5号18-22',20),(81,'运动粘度6号-2-2',0),(82,'运动粘度7号-22--18',-20),(83,'运动粘度8号-32--28',-30),(84,'运动粘度9号-42--38',-40),(85,'运动粘度10号-52--48',-50),(86,'运动粘度11号-62--58',-60),(87,'倾点1号-80-20-1',-60),(88,'倾点1号-80-20-1',-40),(89,'倾点1号-80-20-1',0),(90,'精密50-100-0.1',50),(91,'精密50-100-0.1',60),(92,'精密50-100-0.1',70),(93,'精密50-100-0.1',80),(94,'精密50-100-0.1',90),(95,'精密50-100-0.1',100),(96,'精密100-150-0.1',100),(97,'精密100-150-0.1',110),(98,'精密100-150-0.1',120),(99,'精密100-150-0.1',130),(100,'精密100-150-0.1',140),(101,'精密100-150-0.1',150),(102,'精密150-200-0.1',150),(103,'精密150-200-0.1',160),(104,'精密150-200-0.1',170),(105,'精密150-200-0.1',180),(106,'精密150-200-0.1',190),(107,'精密150-200-0.1',200),(108,'精密200-250-0.1',200),(109,'精密200-250-0.1',210),(110,'精密200-250-0.1',220),(111,'精密200-250-0.1',230),(112,'精密200-250-0.1',240),(113,'精密200-250-0.1',250),(114,'精密250-300-0.1',250),(115,'精密250-300-0.1',260),(116,'精密250-300-0.1',270),(117,'精密250-300-0.1',280),(118,'精密250-300-0.1',290),(119,'精密250-300-0.1',300),(120,'50-210-0.5',50),(121,'50-210-0.5',100),(122,'50-210-0.5',200),(123,'0-150',0),(124,'0-150',100),(125,'0-150',150),(126,'普通-30-100',-30),(127,'普通-30-100',0),(128,'普通-30-100',100),(129,'选点-30-30',-10),(130,'选点-30-30',0),(131,'干湿球温度计',0),(132,'干湿球温度计',20),(133,'干湿球温度计',30),(134,'干湿球温度计',40),(135,'通风干湿表',0),(136,'通风干湿表',20),(137,'通风干湿表',40),(138,'冰箱温度计-30-30',-30),(139,'冰箱温度计-30-30',0),(140,'冰箱温度计-30-30',30),(141,'冰箱温度计-30-40',-30),(142,'冰箱温度计-30-40',0),(143,'冰箱温度计-30-40',40),(144,'冰箱室温多用-40-50（-40可见）',-40),(145,'冰箱室温多用-40-50（-40可见）',0),(146,'冰箱室温多用-40-50（-40可见）',50),(147,'冰箱室温多用-40-50（-40不可见）',-30),(148,'冰箱室温多用-40-50（-40不可见）',0),(149,'冰箱室温多用-40-50（-40不可见）',50),(150,'-30-50-0.2',-20),(151,'-30-50-0.2',0),(152,'-30-50-0.2',20),(153,'-30-50-0.2',40),(154,'-30-50-0.2',50),(155,'-50-50-1',-50),(156,'-50-50-1',0),(157,'-50-50-1',50),(158,'123',123);
/*!40000 ALTER TABLE `detecttemp` ENABLE KEYS */;
UNLOCK TABLES;

--
-- Table structure for table `resource`
--

DROP TABLE IF EXISTS `resource`;
/*!40101 SET @saved_cs_client     = @@character_set_client */;
/*!40101 SET character_set_client = utf8 */;
CREATE TABLE `resource` (
  `id` int(10) NOT NULL AUTO_INCREMENT,
  `nodeId` int(10) DEFAULT NULL,
  `menuName` varchar(45) DEFAULT NULL,
  `parantNodeID` int(10) DEFAULT NULL,
  `icon` varchar(100) DEFAULT NULL,
  `openIcon` varchar(100) DEFAULT NULL,
  `actionPath` varchar(300) DEFAULT NULL,
  `menuOrder` int(10) DEFAULT NULL,
  `isValiDate` char(1) DEFAULT NULL,
  `description` varchar(45) DEFAULT NULL,
  `jsClassFile` varchar(500) DEFAULT NULL,
  `type` varchar(45) DEFAULT NULL,
  `namespace` varchar(100) DEFAULT NULL,
  `mainClass` varchar(100) DEFAULT NULL,
  PRIMARY KEY (`id`)
) ENGINE=MyISAM AUTO_INCREMENT=16 DEFAULT CHARSET=utf8 COMMENT='²Ëµ¥×ÊÔ´';
/*!40101 SET character_set_client = @saved_cs_client */;

--
-- Dumping data for table `resource`
--

LOCK TABLES `resource` WRITE;
/*!40000 ALTER TABLE `resource` DISABLE KEYS */;
INSERT INTO `resource` VALUES (4,8000,'系统管理',0,'../images/systemControl.png',NULL,'',8000,'1','','','iframe',NULL,''),(5,8001,'资源管理',8000,'../images/icon32/1335953321_maintenance.png',NULL,'',8001,'1','','basic/ResourcePanel.js','JSClass',NULL,'com.ms.basic.ResourcePanel'),(6,8002,'用户管理',8000,'../images/icon32/user-list.png',NULL,'',8002,'1','','basic/UserPanel.js','JSClass',NULL,'com.ms.basic.UserPanel'),(7,8003,'角色管理',8000,'../images/icon32/role.png',NULL,'',8003,'1','','basic/RolePanel.js;basic/RoleUserWin.js','JSClass',NULL,'com.ms.basic.RolePanel'),(8,100,'检测录入',0,'../images/icon32/1335940031_paste_icon.png',NULL,'',100,'1','','','iframe',NULL,''),(9,101,'检测登记',100,'../images/icon32/1335940368_user1-edit.png',NULL,'',101,'1','','register/TempRegistePanel.js;register/TempRegisterPointPanel.js','JSClass',NULL,'com.ms.controller.register.TempRegistePanel'),(10,102,'标准器管理',100,'../images/icon32/1335940539_flag.png',NULL,'',102,'1','','register/StandardTmpterControllerPanel.js;register/CorrectionPanel.js','JSClass',NULL,'com.ms.controller.register.StandardTmpterControllerPanel'),(11,103,'样本录入',100,'../images/icon32/1335940409_users-edit.png',NULL,'../register/record.jsp',103,'1','','register/RegisterRecordPanelSamplePanel.js;register/RegisterRecordPanel_new.js','JSClass',NULL,'com.ms.controller.register.RegisterRecordPanel'),(12,106,'检测历史查询',100,'../images/icon32/1335940544_publish.png',NULL,'',106,'1','','register/SampleRecordPanel.js','JSClass',NULL,'com.ms.controller.register.SampleRecordPanel'),(13,105,'实验查询',100,'../images/icon32/1335952649_control_panel_branding.png',NULL,'',105,'1',NULL,'register/DetectRecordPanel.js','JSClass',NULL,'com.ms.controller.register.DetectRecordPanel'),(14,104,'常用检测点管理',100,'../images/icon32/1335953739_Money_Bag.png',NULL,'',104,'1',NULL,'register/DetectTempPanel.js','JSClass',NULL,'com.ms.controller.register.DetectTempPanel'),(15,107,'本周进度',100,'../images/icon32/1335952649_control_panel_branding.png',NULL,'',107,'1',NULL,'register/WeekProgressPanel.js','JSClass',NULL,'com.ms.controller.register.WeekProgressPanel');
/*!40000 ALTER TABLE `resource` ENABLE KEYS */;
UNLOCK TABLES;

--
-- Table structure for table `role`
--

DROP TABLE IF EXISTS `role`;
/*!40101 SET @saved_cs_client     = @@character_set_client */;
/*!40101 SET character_set_client = utf8 */;
CREATE TABLE `role` (
  `id` int(10) unsigned NOT NULL AUTO_INCREMENT,
  `roleName` varchar(45) DEFAULT NULL,
  `describle` varchar(500) DEFAULT NULL,
  `roleAuth` varchar(45) DEFAULT 'person' COMMENT 'È«¹ú(all), ¸öÈË(person)',
  PRIMARY KEY (`id`)
) ENGINE=MyISAM AUTO_INCREMENT=3 DEFAULT CHARSET=utf8;
/*!40101 SET character_set_client = @saved_cs_client */;

--
-- Dumping data for table `role`
--

LOCK TABLES `role` WRITE;
/*!40000 ALTER TABLE `role` DISABLE KEYS */;
INSERT INTO `role` VALUES (1,'管理员','管理系统','person'),(2,'普通用户','','person');
/*!40000 ALTER TABLE `role` ENABLE KEYS */;
UNLOCK TABLES;

--
-- Table structure for table `roleresource`
--

DROP TABLE IF EXISTS `roleresource`;
/*!40101 SET @saved_cs_client     = @@character_set_client */;
/*!40101 SET character_set_client = utf8 */;
CREATE TABLE `roleresource` (
  `id` int(10) unsigned NOT NULL AUTO_INCREMENT,
  `roleId` int(10) unsigned NOT NULL,
  `nodeId` int(10) unsigned NOT NULL,
  PRIMARY KEY (`id`)
) ENGINE=MyISAM AUTO_INCREMENT=62 DEFAULT CHARSET=utf8;
/*!40101 SET character_set_client = @saved_cs_client */;

--
-- Dumping data for table `roleresource`
--

LOCK TABLES `roleresource` WRITE;
/*!40000 ALTER TABLE `roleresource` DISABLE KEYS */;
INSERT INTO `roleresource` VALUES (6,1,8000),(5,1,8001),(4,1,8000),(7,1,8001),(8,1,8002),(9,1,8000),(10,1,8001),(11,1,8002),(12,1,8003),(13,1,100),(14,1,101),(15,1,102),(16,1,103),(17,1,8000),(18,1,8001),(19,1,8002),(20,1,8003),(21,2,100),(22,2,101),(23,2,102),(24,2,103),(25,1,100),(26,1,101),(27,1,102),(28,1,103),(29,1,104),(30,1,8000),(31,1,100),(32,1,101),(33,1,102),(34,1,103),(35,1,104),(36,1,105),(37,1,8000),(38,1,100),(39,1,101),(40,1,102),(41,1,103),(42,1,105),(43,1,106),(44,1,8000),(45,1,100),(46,1,101),(47,1,102),(48,1,103),(49,1,104),(50,1,105),(51,1,106),(52,1,8000),(53,1,100),(54,1,101),(55,1,102),(56,1,103),(57,1,104),(58,1,105),(59,1,106),(60,1,107),(61,1,8000);
/*!40000 ALTER TABLE `roleresource` ENABLE KEYS */;
UNLOCK TABLES;

--
-- Table structure for table `samplerecord`
--

DROP TABLE IF EXISTS `samplerecord`;
/*!40101 SET @saved_cs_client     = @@character_set_client */;
/*!40101 SET character_set_client = utf8 */;
CREATE TABLE `samplerecord` (
  `id` int(11) NOT NULL AUTO_INCREMENT COMMENT '样本ID',
  `detectID` int(11) DEFAULT NULL,
  `temp1` double DEFAULT NULL,
  `temp2` double DEFAULT NULL,
  `temp3` double DEFAULT NULL,
  `temp4` double DEFAULT NULL,
  `tempAvg1` double DEFAULT NULL,
  `tempAvg2` double DEFAULT NULL,
  `result` varchar(45) DEFAULT NULL,
  `createUserID` int(11) DEFAULT NULL,
  `createDate` datetime DEFAULT NULL,
  `tempRegisterId` int(11) DEFAULT NULL COMMENT '样本编号',
  `sampleNo` int(11) DEFAULT NULL COMMENT '样本序号',
  `result1` double DEFAULT NULL,
  `result2` double DEFAULT NULL,
  `temp1_input` varchar(45) DEFAULT NULL,
  `temp2_input` varchar(45) DEFAULT NULL,
  `temp3_input` varchar(45) DEFAULT NULL,
  `temp4_input` varchar(45) DEFAULT NULL,
  `tempAvg1_str` varchar(45) DEFAULT NULL,
  `tempAvg2_str` varchar(45) DEFAULT NULL,
  `result1_str` varchar(45) DEFAULT NULL,
  `result2_str` varchar(45) DEFAULT NULL,
  `result1Type` int(11) DEFAULT '0' COMMENT '0:正常,1:断柱,2:超差',
  `result2Type` int(11) DEFAULT '0' COMMENT '0:正常,1:断柱,2:超差',
  PRIMARY KEY (`id`)
) ENGINE=InnoDB AUTO_INCREMENT=337 DEFAULT CHARSET=utf8;
/*!40101 SET character_set_client = @saved_cs_client */;

--
-- Dumping data for table `samplerecord`
--

LOCK TABLES `samplerecord` WRITE;
/*!40000 ALTER TABLE `samplerecord` DISABLE KEYS */;
INSERT INTO `samplerecord` VALUES (2,2,-6,-6,0,0,-0.06,0,NULL,1,'2013-10-23 16:05:47',3,1,0.03,0,'-6','-6','0','0','-0.06','0','0.03','0',0,0),(3,2,23,23,NULL,NULL,0.23,NULL,NULL,1,'2013-10-23 16:06:24',39,2,-0.26,NULL,'23','23',NULL,NULL,'0.23',NULL,'-0.26',NULL,0,0),(4,2,13,13,NULL,NULL,0.13,NULL,NULL,1,'2013-10-23 16:09:02',22,3,-0.16,NULL,'13','13',NULL,NULL,'0.13',NULL,'-0.16',NULL,0,0),(5,2,0,0,0,0,0,0,NULL,1,'2013-10-23 16:09:26',45,4,-0.03,0,'0','0','0','0','0.00','0','-0.03','0',0,0),(6,2,3,3,0,0,0.03,0,NULL,1,'2013-10-23 16:09:46',46,5,-0.06,0,'3','3','0','0','0.03','0','-0.06','0',0,0),(7,3,-8,-8,-10,-10,-0.4,-0.5,NULL,1,'2013-10-23 16:16:04',122,1,0.4,0.5,'-8','-8','-10','-10','-0.40','-0.50','0.40','0.50',0,0),(8,3,-9,-9,-10,-10,-0.45,-0.5,NULL,1,'2013-10-23 16:29:58',124,2,0.45,0.5,'-9','-9','-10','-10','-0.45','-0.50','0.45','0.50',0,0),(9,4,-10,-10,-2,-2,-0.5,-0.1,NULL,1,'2013-10-23 16:37:11',121,1,0.5,0.1,'-10','-10','-2','-2','-0.50','-0.10','0.50','0.10',0,0),(10,4,-10,-10,-3,-3,-0.5,-0.15,NULL,1,'2013-10-23 16:37:50',123,2,0.5,0.15,'-10','-10','-3','-3','-0.50','-0.15','0.50','0.15',0,0),(11,5,1,1,NULL,NULL,0.1,NULL,NULL,1,'2013-10-23 16:43:41',76,1,-0.1,NULL,'1','1',NULL,NULL,'0.1',NULL,'-0.1',NULL,0,0),(12,5,0,0,NULL,NULL,0,NULL,NULL,1,'2013-10-23 16:46:36',32,2,0,NULL,'0','0',NULL,NULL,'0.0',NULL,'0.0',NULL,0,0),(13,5,40,40,NULL,NULL,4,NULL,NULL,1,'2013-10-23 16:47:48',35,3,-4,NULL,'40','40',NULL,NULL,'4.0',NULL,'-4.0',NULL,0,0),(14,5,25,25,NULL,NULL,2.5,NULL,NULL,1,'2013-10-23 16:48:21',27,4,-2.5,NULL,'25','25',NULL,NULL,'2.5',NULL,'-2.5',NULL,0,0),(15,5,-20,-20,NULL,NULL,-2,NULL,NULL,1,'2013-10-23 16:48:43',15,5,2,NULL,'-20','-20',NULL,NULL,'-2.0',NULL,'2.0',NULL,0,0),(16,5,-2,-2,NULL,NULL,-0.2,NULL,NULL,1,'2013-10-23 16:49:04',42,6,0.2,NULL,'-2','-2',NULL,NULL,'-0.2',NULL,'0.2',NULL,0,0),(17,5,-7,-7,NULL,NULL,-0.7,NULL,NULL,1,'2013-10-23 16:49:36',33,7,0.7,NULL,'-7','-7',NULL,NULL,'-0.7',NULL,'0.7',NULL,0,0),(18,5,-7,-7,NULL,NULL,-0.7,NULL,NULL,1,'2013-10-23 16:49:52',90,8,0.7,NULL,'-7','-7',NULL,NULL,'-0.7',NULL,'0.7',NULL,0,0),(19,6,-5,-5,NULL,NULL,-0.5,NULL,NULL,1,'2013-10-23 16:50:47',95,1,0.5,NULL,'-5','-5',NULL,NULL,'-0.5',NULL,'0.5',NULL,0,0),(20,6,13,13,NULL,NULL,1.3,NULL,NULL,1,'2013-10-23 16:51:13',67,2,-1.3,NULL,'13','13',NULL,NULL,'1.3',NULL,'-1.3',NULL,0,0),(21,6,-6,-6,NULL,NULL,-0.6,NULL,NULL,1,'2013-10-23 16:51:35',24,3,0.6,NULL,'-6','-6',NULL,NULL,'-0.6',NULL,'0.6',NULL,0,0),(22,6,-3,-3,NULL,NULL,-0.3,NULL,NULL,1,'2013-10-23 16:51:55',83,4,0.3,NULL,'-3','-3',NULL,NULL,'-0.3',NULL,'0.3',NULL,0,0),(23,6,-6,-6,NULL,NULL,-0.6,NULL,NULL,1,'2013-10-23 16:52:11',43,5,0.6,NULL,'-6','-6',NULL,NULL,'-0.6',NULL,'0.6',NULL,0,0),(24,7,0,0,0,0,0,0,NULL,1,'2013-10-23 16:55:23',3,1,-0.03,0,'0','0','0','0','0.00','0','-0.03','0',0,0),(25,7,20,20,0,0,0.2,0,NULL,1,'2013-10-23 16:56:39',39,2,-0.23,0,'20','20','0','0','0.20','0','-0.23','0',0,0),(26,7,0,0,0,0,0,0,NULL,1,'2013-10-23 16:57:03',4,3,-0.03,0,'0','0','0','0','0.00','0','-0.03','0',0,0),(27,7,10,10,NULL,NULL,0.1,NULL,NULL,1,'2013-10-23 16:57:28',22,4,-0.13,NULL,'10','10',NULL,NULL,'0.10',NULL,'-0.13',NULL,0,0),(28,7,-3,-3,NULL,NULL,-0.03,NULL,NULL,1,'2013-10-23 16:57:47',45,5,0,NULL,'-3','-3',NULL,NULL,'-0.03',NULL,'0.00',NULL,0,0),(29,7,4,4,NULL,NULL,0.04,NULL,NULL,1,'2013-10-23 16:58:09',46,6,-0.07,NULL,'4','4',NULL,NULL,'0.04',NULL,'-0.07',NULL,0,0),(30,8,0,0,NULL,NULL,0,NULL,NULL,1,'2013-10-24 09:35:22',56,1,-0.02,NULL,'0','0',NULL,NULL,'0.00',NULL,'-0.02',NULL,0,0),(31,8,-4,-4,0,0,-0.08,0,NULL,1,'2013-10-24 09:35:49',49,2,0.06,0,'-4','-4','0','0','-0.08','0','0.06','0',0,0),(32,8,0,0,NULL,NULL,0,NULL,NULL,1,'2013-10-24 09:36:21',57,3,-0.02,NULL,'0','0',NULL,NULL,'0.00',NULL,'-0.02',NULL,0,0),(33,8,0,0,NULL,NULL,0,NULL,NULL,1,'2013-10-24 09:37:30',50,4,-0.02,NULL,'0','0',NULL,NULL,'0.00',NULL,'-0.02',NULL,0,0),(34,8,2,2,0,0,0.04,0,NULL,1,'2013-10-24 09:37:55',87,5,-0.06,0,'2','2','0','0','0.04','0','-0.06','0',0,0),(35,8,1,1,NULL,NULL,0.02,NULL,NULL,1,'2013-10-24 09:38:17',85,6,-0.04,NULL,'1','1',NULL,NULL,'0.02',NULL,'-0.04',NULL,0,0),(36,9,-7,-7,0,0,-0.14,0,NULL,1,'2013-10-24 10:26:21',55,1,0.12,0,'-7','-7','0','0','-0.14','0','0.12','0',0,0),(37,9,-2,-2,NULL,NULL,-0.04,NULL,NULL,1,'2013-10-24 10:28:15',48,2,0.02,NULL,'-2','-2',NULL,NULL,'-0.04',NULL,'0.02',NULL,0,0),(38,9,0,0,NULL,NULL,0,NULL,NULL,1,'2013-10-24 10:28:38',58,3,-0.02,NULL,'0','0',NULL,NULL,'0.00',NULL,'-0.02',NULL,0,0),(39,9,5,5,0,0,0.1,0,NULL,1,'2013-10-24 10:29:31',52,4,-0.12,0,'5','5','0','0','0.10','0','-0.12','0',0,0),(40,9,-8,-8,NULL,NULL,-0.16,NULL,NULL,1,'2013-10-24 10:29:56',54,5,0.14,NULL,'-8','-8',NULL,NULL,'-0.16',NULL,'0.14',NULL,0,0),(41,9,0,0,NULL,NULL,0,NULL,NULL,1,'2013-10-24 10:30:24',47,6,-0.02,NULL,'0','0',NULL,NULL,'0.00',NULL,'-0.02',NULL,0,0),(42,9,0,0,NULL,NULL,0,NULL,NULL,1,'2013-10-24 10:30:44',51,7,-0.02,NULL,'0','0',NULL,NULL,'0.00',NULL,'-0.02',NULL,0,0),(43,10,10,10,NULL,NULL,1,NULL,NULL,1,'2013-10-24 10:32:10',19,1,-1,NULL,'10','10',NULL,NULL,'1.0',NULL,'-1.0',NULL,0,0),(44,10,14,14,NULL,NULL,1.4,NULL,NULL,1,'2013-10-24 10:32:36',61,2,-1.4,NULL,'14','14',NULL,NULL,'1.4',NULL,'-1.4',NULL,0,0),(45,10,0,0,NULL,NULL,0,NULL,NULL,1,'2013-10-24 10:32:54',75,3,0,NULL,'0','0',NULL,NULL,'0.0',NULL,'0.0',NULL,0,0),(46,10,3,3,NULL,NULL,0.3,NULL,NULL,1,'2013-10-24 10:33:08',6,4,-0.3,NULL,'3','3',NULL,NULL,'0.3',NULL,'-0.3',NULL,0,0),(47,10,1,1,NULL,NULL,0.1,NULL,NULL,1,'2013-10-24 10:33:21',63,5,-0.1,NULL,'1','1',NULL,NULL,'0.1',NULL,'-0.1',NULL,0,0),(48,10,0,0,NULL,NULL,0,NULL,NULL,1,'2013-10-24 10:33:35',34,6,0,NULL,'0','0',NULL,NULL,'0.0',NULL,'0.0',NULL,0,0),(49,10,4,4,NULL,NULL,0.4,NULL,NULL,1,'2013-10-24 10:33:50',126,7,-0.4,NULL,'4','4',NULL,NULL,'0.4',NULL,'-0.4',NULL,0,0),(50,10,-2,-2,NULL,NULL,-0.2,NULL,NULL,1,'2013-10-24 10:34:04',18,8,0.2,NULL,'-2','-2',NULL,NULL,'-0.2',NULL,'0.2',NULL,0,0),(51,11,0,0,NULL,NULL,0,NULL,NULL,1,'2013-10-24 10:34:47',62,1,0,NULL,'0','0',NULL,NULL,'0.0',NULL,'0.0',NULL,0,0),(52,11,-7,-7,NULL,NULL,-0.7,NULL,NULL,1,'2013-10-24 10:35:01',67,2,0.7,NULL,'-7','-7',NULL,NULL,'-0.7',NULL,'0.7',NULL,0,0),(53,11,1,1,NULL,NULL,0.1,NULL,NULL,1,'2013-10-24 10:35:15',23,3,-0.1,NULL,'1','1',NULL,NULL,'0.1',NULL,'-0.1',NULL,0,0),(54,11,0,0,NULL,NULL,0,NULL,NULL,1,'2013-10-24 10:35:30',129,4,0,NULL,'0','0',NULL,NULL,'0.0',NULL,'0.0',NULL,0,0),(55,11,2,2,NULL,NULL,0.2,NULL,NULL,1,'2013-10-24 10:35:44',36,5,-0.2,NULL,'2','2',NULL,NULL,'0.2',NULL,'-0.2',NULL,0,0),(56,11,-6,-6,NULL,NULL,-0.6,NULL,NULL,1,'2013-10-24 10:36:00',127,6,0.6,NULL,'-6','-6',NULL,NULL,'-0.6',NULL,'0.6',NULL,0,0),(57,11,-8,-8,NULL,NULL,-0.8,NULL,NULL,1,'2013-10-24 10:36:15',89,7,0.8,NULL,'-8','-8',NULL,NULL,'-0.8',NULL,'0.8',NULL,0,0),(58,11,-5,-5,NULL,NULL,-0.5,NULL,NULL,1,'2013-10-24 10:36:28',1,8,0.5,NULL,'-5','-5',NULL,NULL,'-0.5',NULL,'0.5',NULL,0,0),(59,12,0,0,NULL,NULL,0,NULL,NULL,1,'2013-10-24 10:40:43',130,1,0,NULL,'0','0',NULL,NULL,'0.0',NULL,'0.0',NULL,0,0),(60,12,2,2,NULL,NULL,0.2,NULL,NULL,1,'2013-10-24 10:40:57',131,2,-0.2,NULL,'2','2',NULL,NULL,'0.2',NULL,'-0.2',NULL,0,0),(61,12,60,60,NULL,NULL,6,NULL,NULL,1,'2013-10-24 10:41:22',71,3,-6,NULL,'60','60',NULL,NULL,'6.0',NULL,'-6.0',NULL,0,0),(62,12,-10,-10,NULL,NULL,-1,NULL,NULL,1,'2013-10-24 10:41:36',64,4,1,NULL,'-10','-10',NULL,NULL,'-1.0',NULL,'1.0',NULL,0,0),(63,12,70,70,NULL,NULL,7,NULL,NULL,1,'2013-10-24 10:41:53',69,5,-7,NULL,'70','70',NULL,NULL,'7.0',NULL,'-7.0',NULL,0,0),(64,13,0,0,NULL,NULL,0,NULL,NULL,1,'2013-10-24 10:45:58',53,1,-0.02,NULL,'0','0',NULL,NULL,'0.00',NULL,'-0.02',NULL,0,0),(65,14,10,10,NULL,NULL,0.1,NULL,NULL,1,'2013-10-24 11:23:03',45,1,-0.04,NULL,'10','10',NULL,NULL,'0.10',NULL,'-0.04',NULL,0,0),(66,14,6,6,NULL,NULL,0.06,NULL,NULL,1,'2013-10-24 11:23:29',3,2,0,NULL,'6','6',NULL,NULL,'0.06',NULL,'0.00',NULL,0,0),(67,14,30,30,0,0,0.3,0,NULL,1,'2013-10-24 11:23:56',39,3,-0.24,0,'30','30','0','0','0.30','0','-0.24','0',0,0),(68,14,10,10,NULL,NULL,0.1,NULL,NULL,1,'2013-10-24 11:24:19',4,4,-0.04,NULL,'10','10',NULL,NULL,'0.10',NULL,'-0.04',NULL,0,0),(69,14,17,17,0,0,0.17,0,NULL,1,'2013-10-24 11:24:45',46,5,-0.11,0,'17','17','0','0','0.17','0','-0.11','0',0,0),(70,15,-8,-8,NULL,NULL,-1.6,NULL,NULL,1,'2013-10-24 11:28:35',16,1,1.6,NULL,'-8','-8',NULL,NULL,'-1.6',NULL,'1.6',NULL,0,0),(71,15,1,1,NULL,NULL,0.2,NULL,NULL,1,'2013-10-24 11:28:47',65,2,-0.2,NULL,'1','1',NULL,NULL,'0.2',NULL,'-0.2',NULL,0,0),(72,15,0,0,NULL,NULL,0,NULL,NULL,1,'2013-10-24 11:28:59',44,3,0,NULL,'0','0',NULL,NULL,'0.0',NULL,'0.0',NULL,0,0),(73,15,4,4,NULL,NULL,0.8,NULL,NULL,1,'2013-10-24 11:29:15',41,4,-0.8,NULL,'4','4',NULL,NULL,'0.8',NULL,'-0.8',NULL,0,0),(74,15,76,76,NULL,NULL,15.2,NULL,NULL,1,'2013-10-24 11:29:37',17,5,-15.2,NULL,'76','76',NULL,NULL,'15.2',NULL,'-15.2',NULL,0,0),(75,15,0,0,NULL,NULL,0,NULL,NULL,1,'2013-10-24 11:29:50',38,6,0,NULL,'0','0',NULL,NULL,'0.0',NULL,'0.0',NULL,0,0),(76,15,0,0,NULL,NULL,0,NULL,NULL,1,'2013-10-24 11:30:03',20,7,0,NULL,'0','0',NULL,NULL,'0.0',NULL,'0.0',NULL,0,0),(77,15,0,0,NULL,NULL,0,NULL,NULL,1,'2013-10-24 11:30:16',9,8,0,NULL,'0','0',NULL,NULL,'0.0',NULL,'0.0',NULL,0,0),(78,16,0,0,NULL,NULL,0,NULL,NULL,1,'2013-10-24 11:30:48',73,1,0,NULL,'0','0',NULL,NULL,'0.0',NULL,'0.0',NULL,0,0),(79,16,-7,-7,NULL,NULL,-1.4,NULL,NULL,1,'2013-10-24 11:31:05',132,2,1.4,NULL,'-7','-7',NULL,NULL,'-1.4',NULL,'1.4',NULL,0,0),(80,16,3,3,NULL,NULL,0.6,NULL,NULL,1,'2013-10-24 11:31:21',26,3,-0.6,NULL,'3','3',NULL,NULL,'0.6',NULL,'-0.6',NULL,0,0),(81,16,1,1,NULL,NULL,0.2,NULL,NULL,1,'2013-10-24 11:31:37',13,4,-0.2,NULL,'1','1',NULL,NULL,'0.2',NULL,'-0.2',NULL,0,0),(82,16,0,0,NULL,NULL,0,NULL,NULL,1,'2013-10-24 11:31:49',12,5,0,NULL,'0','0',NULL,NULL,'0.0',NULL,'0.0',NULL,0,0),(83,16,-4,-4,NULL,NULL,-0.8,NULL,NULL,1,'2013-10-24 11:32:05',88,6,0.8,NULL,'-4','-4',NULL,NULL,'-0.8',NULL,'0.8',NULL,0,0),(84,16,10,10,NULL,NULL,2,NULL,NULL,1,'2013-10-24 11:32:18',25,7,-2,NULL,'10','10',NULL,NULL,'2.0',NULL,'-2.0',NULL,0,0),(85,16,0,0,NULL,NULL,0,NULL,NULL,1,'2013-10-24 11:32:32',37,8,0,NULL,'0','0',NULL,NULL,'0.0',NULL,'0.0',NULL,0,0),(86,17,2,2,NULL,NULL,0.4,NULL,NULL,1,'2013-10-24 11:33:09',11,1,-0.4,NULL,'2','2',NULL,NULL,'0.4',NULL,'-0.4',NULL,0,0),(87,17,0,0,NULL,NULL,0,NULL,NULL,1,'2013-10-24 11:33:24',14,2,0,NULL,'0','0',NULL,NULL,'0.0',NULL,'0.0',NULL,0,0),(88,17,0,0,NULL,NULL,0,NULL,NULL,1,'2013-10-24 11:33:43',10,3,0,NULL,'0','0',NULL,NULL,'0.0',NULL,'0.0',NULL,0,0),(89,17,6,6,NULL,NULL,1.2,NULL,NULL,1,'2013-10-24 11:33:55',128,4,-1.2,NULL,'6','6',NULL,NULL,'1.2',NULL,'-1.2',NULL,0,0),(90,17,0,0,NULL,NULL,0,NULL,NULL,1,'2013-10-24 11:34:09',96,5,0,NULL,'0','0',NULL,NULL,'0.0',NULL,'0.0',NULL,0,0),(91,17,1,1,NULL,NULL,0.2,NULL,NULL,1,'2013-10-24 11:34:23',68,6,-0.2,NULL,'1','1',NULL,NULL,'0.2',NULL,'-0.2',NULL,0,0),(92,17,0,0,NULL,NULL,0,NULL,NULL,1,'2013-10-24 11:34:41',68,7,0,NULL,'0','0',NULL,NULL,'0.0',NULL,'0.0',NULL,0,0),(93,17,1,1,NULL,NULL,0.2,NULL,NULL,1,'2013-10-24 11:34:54',84,8,-0.2,NULL,'1','1',NULL,NULL,'0.2',NULL,'-0.2',NULL,0,0),(94,18,3,3,NULL,NULL,0.03,NULL,NULL,1,'2013-10-24 13:45:50',22,1,-0.01,NULL,'3','3',NULL,NULL,'0.03',NULL,'-0.01',NULL,0,0),(95,18,10,10,NULL,NULL,0.1,NULL,NULL,1,'2013-10-24 13:46:10',46,2,-0.08,NULL,'10','10',NULL,NULL,'0.10',NULL,'-0.08',NULL,0,0),(96,18,5,5,0,0,0.05,0,NULL,1,'2013-10-24 13:46:27',45,3,-0.03,0,'5','5','0','0','0.05','0','-0.03','0',0,0),(97,18,1,1,NULL,NULL,0.01,NULL,NULL,1,'2013-10-24 13:46:42',3,4,0.01,NULL,'1','1',NULL,NULL,'0.01',NULL,'0.01',NULL,0,0),(98,18,10,10,NULL,NULL,0.1,NULL,NULL,1,'2013-10-24 13:47:07',39,5,-0.08,NULL,'10','10',NULL,NULL,'0.10',NULL,'-0.08',NULL,0,0),(99,18,10,10,NULL,NULL,0.1,NULL,NULL,1,'2013-10-24 13:47:24',4,6,-0.08,NULL,'10','10',NULL,NULL,'0.10',NULL,'-0.08',NULL,0,0),(100,19,-5,-5,NULL,NULL,-1,NULL,NULL,1,'2013-10-24 13:48:32',2,1,1,NULL,'-5','-5',NULL,NULL,'-1.0',NULL,'1.0',NULL,0,0),(101,19,16,16,NULL,NULL,3.2,NULL,NULL,1,'2013-10-24 13:48:57',28,2,-3.2,NULL,'16','16',NULL,NULL,'3.2',NULL,'-3.2',NULL,0,0),(102,19,0,0,NULL,NULL,0,NULL,NULL,1,'2013-10-24 13:49:10',8,3,0,NULL,'0','0',NULL,NULL,'0.0',NULL,'0.0',NULL,0,0),(103,19,0,0,NULL,NULL,0,NULL,NULL,1,'2013-10-24 13:49:22',30,4,0,NULL,'0','0',NULL,NULL,'0.0',NULL,'0.0',NULL,0,0),(104,20,10,10,0,0,0.2,0,NULL,1,'2013-10-24 13:52:59',57,1,-0.12,0,'10','10','0','0','0.20','0','-0.12','0',0,0),(105,20,7,7,0,0,0.14,0,NULL,1,'2013-10-24 13:53:28',85,2,-0.06,0,'7','7','0','0','0.14','0','-0.06','0',0,0),(106,20,10,10,0,0,0.2,0,NULL,1,'2013-10-24 13:53:55',60,3,-0.12,0,'10','10','0','0','0.20','0','-0.12','0',0,0),(107,20,2,2,NULL,NULL,0.04,NULL,NULL,1,'2013-10-24 13:54:16',50,4,0.04,NULL,'2','2',NULL,NULL,'0.04',NULL,'0.04',NULL,0,0),(108,20,1,1,0,0,0.02,0,NULL,1,'2013-10-24 13:54:58',59,5,0.06,0,'1','1','0','0','0.02','0','0.06','0',0,0),(109,20,10,10,0,0,0.2,0,NULL,1,'2013-10-24 13:55:17',87,6,-0.12,0,'10','10','0','0','0.20','0','-0.12','0',0,0),(110,21,4,4,NULL,NULL,0.08,NULL,NULL,1,'2013-10-24 13:56:20',56,1,0,NULL,'4','4',NULL,NULL,'0.08',NULL,'0.00',NULL,0,0),(111,21,7,7,0,0,0.14,0,NULL,1,'2013-10-24 13:57:04',51,2,-0.06,0,'7','7','0','0','0.14','0','-0.06','0',0,0),(112,21,10,10,0,0,0.2,0,NULL,1,'2013-10-24 13:58:08',47,3,-0.12,0,'10','10','0','0','0.20','0','-0.12','0',0,0),(113,21,10,10,0,0,0.2,0,NULL,1,'2013-10-24 13:58:30',53,4,-0.12,0,'10','10','0','0','0.20','0','-0.12','0',0,0),(114,22,10,10,0,0,0.2,0,NULL,1,'2013-10-24 14:20:03',52,1,-0.12,0,'10','10','0','0','0.20','0','-0.12','0',0,0),(115,22,4,4,NULL,NULL,0.08,NULL,NULL,1,'2013-10-24 14:20:29',55,2,0,NULL,'4','4',NULL,NULL,'0.08',NULL,'0.00',NULL,0,0),(116,22,4,4,NULL,NULL,0.08,NULL,NULL,1,'2013-10-24 14:20:49',54,3,0,NULL,'4','4',NULL,NULL,'0.08',NULL,'0.00',NULL,0,0),(117,22,4,4,NULL,NULL,0.08,NULL,NULL,1,'2013-10-24 14:21:15',58,4,0,NULL,'4','4',NULL,NULL,'0.08',NULL,'0.00',NULL,0,0),(118,22,3,3,NULL,NULL,0.06,NULL,NULL,1,'2013-10-24 14:21:43',48,5,0.02,NULL,'3','3',NULL,NULL,'0.06',NULL,'0.02',NULL,0,0),(119,23,-8,-8,0,0,-0.08,0,NULL,1,'2013-10-24 14:26:02',5,1,0.03,0,'-8','-8','0','0','-0.08','0','0.03','0',0,0),(120,24,2,2,NULL,NULL,0.2,NULL,NULL,1,'2013-10-24 14:30:29',31,1,-0.2,NULL,'2','2',NULL,NULL,'0.2',NULL,'-0.2',NULL,0,0),(121,24,-3,-3,NULL,NULL,-0.3,NULL,NULL,1,'2013-10-24 14:30:46',74,2,0.3,NULL,'-3','-3',NULL,NULL,'-0.3',NULL,'0.3',NULL,0,0),(122,24,4,4,NULL,NULL,0.4,NULL,NULL,1,'2013-10-24 14:31:04',29,3,-0.4,NULL,'4','4',NULL,NULL,'0.4',NULL,'-0.4',NULL,0,0),(123,25,0,0,NULL,NULL,0,NULL,NULL,1,'2013-10-24 14:33:34',130,1,0,NULL,'0','0',NULL,NULL,'0.0',NULL,'0.0',NULL,0,0),(124,26,0,0,NULL,NULL,0,NULL,NULL,1,'2013-10-24 14:48:10',45,1,0.07,NULL,'0','0',NULL,NULL,'0.00',NULL,'0.07',NULL,0,0),(125,26,13,13,0,0,0.13,0,NULL,1,'2013-10-24 14:48:38',3,2,-0.06,0,'13','13','0','0','0.13','0','-0.06','0',0,0),(126,26,24,24,NULL,NULL,0.24,NULL,NULL,1,'2013-10-24 14:48:59',39,3,-0.17,NULL,'24','24',NULL,NULL,'0.24',NULL,'-0.17',NULL,0,0),(127,26,12,12,NULL,NULL,0.12,NULL,NULL,1,'2013-10-24 14:49:13',4,4,-0.05,NULL,'12','12',NULL,NULL,'0.12',NULL,'-0.05',NULL,0,0),(128,26,8,8,NULL,NULL,0.08,NULL,NULL,1,'2013-10-24 14:49:32',46,5,-0.01,NULL,'8','8',NULL,NULL,'0.08',NULL,'-0.01',NULL,0,0),(129,27,31,31,0,0,0.31,0,NULL,1,'2013-10-24 14:56:52',22,1,-0.24,0,'31','31','0','0','0.31','0','-0.24','0',0,0),(130,28,10,10,0,0,0.2,0,NULL,1,'2013-10-24 15:07:48',57,1,-0.12,0,'10','10','0','0','0.20','0','-0.12','0',0,0),(131,28,13,13,NULL,NULL,0.26,NULL,NULL,1,'2013-10-24 15:08:16',52,2,-0.18,NULL,'13','13',NULL,NULL,'0.26',NULL,'-0.18',NULL,0,0),(132,28,3,3,NULL,NULL,0.06,NULL,NULL,1,'2013-10-24 15:09:00',50,3,0.02,NULL,'3','3',NULL,NULL,'0.06',NULL,'0.02',NULL,0,0),(133,28,3,3,NULL,NULL,0.06,NULL,NULL,1,'2013-10-24 15:09:33',48,4,0.02,NULL,'3','3',NULL,NULL,'0.06',NULL,'0.02',NULL,0,0),(134,28,3,3,NULL,NULL,0.06,NULL,NULL,1,'2013-10-24 15:11:17',58,5,0.02,NULL,'3','3',NULL,NULL,'0.06',NULL,'0.02',NULL,0,0),(135,28,7,7,0,0,0.14,0,NULL,1,'2013-10-24 15:11:43',55,6,-0.06,0,'7','7','0','0','0.14','0','-0.06','0',0,0),(136,28,2,2,NULL,NULL,0.04,NULL,NULL,1,'2013-10-24 15:12:16',54,7,0.04,NULL,'2','2',NULL,NULL,'0.04',NULL,'0.04',NULL,0,0),(137,29,10,10,NULL,NULL,1,NULL,NULL,1,'2013-10-24 15:17:48',69,1,-0.9,NULL,'10','10',NULL,NULL,'1.0',NULL,'-0.9',NULL,0,0),(138,29,0,0,NULL,NULL,0,NULL,NULL,1,'2013-10-24 15:18:00',131,2,0.1,NULL,'0','0',NULL,NULL,'0.0',NULL,'0.1',NULL,0,0),(139,29,0,0,NULL,NULL,0,NULL,NULL,1,'2013-10-24 15:18:12',64,3,0.1,NULL,'0','0',NULL,NULL,'0.0',NULL,'0.1',NULL,0,0),(140,29,11,11,NULL,NULL,1.1,NULL,NULL,1,'2013-10-24 15:18:27',70,4,-1,NULL,'11','11',NULL,NULL,'1.1',NULL,'-1.0',NULL,0,0),(141,29,14,14,NULL,NULL,1.4,NULL,NULL,1,'2013-10-24 15:18:54',71,5,-1.3,NULL,'14','14',NULL,NULL,'1.4',NULL,'-1.3',NULL,0,0),(142,29,1,1,NULL,NULL,0.1,NULL,NULL,1,'2013-10-24 15:19:13',19,6,0,NULL,'1','1',NULL,NULL,'0.1',NULL,'0.0',NULL,0,0),(143,29,3,3,NULL,NULL,0.3,NULL,NULL,1,'2013-10-24 15:19:28',62,7,-0.2,NULL,'3','3',NULL,NULL,'0.3',NULL,'-0.2',NULL,0,0),(144,29,0,0,NULL,NULL,0,NULL,NULL,1,'2013-10-24 15:19:43',34,8,0.1,NULL,'0','0',NULL,NULL,'0.0',NULL,'0.1',NULL,0,0),(145,30,0,0,NULL,NULL,0,NULL,NULL,1,'2013-10-24 15:20:24',18,1,0.1,NULL,'0','0',NULL,NULL,'0.0',NULL,'0.1',NULL,0,0),(146,30,2,2,NULL,NULL,0.2,NULL,NULL,1,'2013-10-24 15:20:38',126,2,-0.1,NULL,'2','2',NULL,NULL,'0.2',NULL,'-0.1',NULL,0,0),(147,30,-3,-3,NULL,NULL,-0.3,NULL,NULL,1,'2013-10-24 15:20:53',1,3,0.4,NULL,'-3','-3',NULL,NULL,'-0.3',NULL,'0.4',NULL,0,0),(148,30,3,3,NULL,NULL,0.3,NULL,NULL,1,'2013-10-24 15:21:10',63,4,-0.2,NULL,'3','3',NULL,NULL,'0.3',NULL,'-0.2',NULL,0,0),(149,31,0,0,NULL,NULL,0,NULL,NULL,1,'2013-10-24 15:24:06',59,1,0.08,NULL,'0','0',NULL,NULL,'0.00',NULL,'0.08',NULL,0,0),(150,31,10,10,0,0,0.2,0,NULL,1,'2013-10-24 15:24:26',87,2,-0.12,0,'10','10','0','0','0.20','0','-0.12','0',0,0),(151,31,0,0,NULL,NULL,0,NULL,NULL,1,'2013-10-24 15:24:44',49,3,0.08,NULL,'0','0',NULL,NULL,'0.00',NULL,'0.08',NULL,0,0),(152,31,7,7,0,0,0.14,0,NULL,1,'2013-10-24 15:25:07',60,4,-0.06,0,'7','7','0','0','0.14','0','-0.06','0',0,0),(153,31,8,8,NULL,NULL,0.16,NULL,NULL,1,'2013-10-24 15:25:49',47,5,-0.08,NULL,'8','8',NULL,NULL,'0.16',NULL,'-0.08',NULL,0,0),(154,31,4,4,NULL,NULL,0.08,NULL,NULL,1,'2013-10-24 15:26:08',85,6,0,NULL,'4','4',NULL,NULL,'0.08',NULL,'0.00',NULL,0,0),(155,31,10,10,0,0,0.2,0,NULL,1,'2013-10-24 15:26:34',53,7,-0.12,0,'10','10','0','0','0.20','0','-0.12','0',0,0),(156,32,9,9,NULL,NULL,0.9,NULL,NULL,1,'2013-10-24 15:28:55',69,1,-0.8,NULL,'9','9',NULL,NULL,'0.9',NULL,'-0.8',NULL,0,0),(157,32,0,0,NULL,NULL,0,NULL,NULL,1,'2013-10-24 15:29:07',131,2,0.1,NULL,'0','0',NULL,NULL,'0.0',NULL,'0.1',NULL,0,0),(158,32,0,0,NULL,NULL,0,NULL,NULL,1,'2013-10-24 15:29:18',64,3,0.1,NULL,'0','0',NULL,NULL,'0.0',NULL,'0.1',NULL,0,0),(159,32,11,11,NULL,NULL,1.1,NULL,NULL,1,'2013-10-24 15:29:32',70,4,-1,NULL,'11','11',NULL,NULL,'1.1',NULL,'-1.0',NULL,0,0),(160,32,15,15,NULL,NULL,1.5,NULL,NULL,1,'2013-10-24 15:29:47',71,5,-1.4,NULL,'15','15',NULL,NULL,'1.5',NULL,'-1.4',NULL,0,0),(161,32,1,1,NULL,NULL,0.1,NULL,NULL,1,'2013-10-24 15:29:59',19,6,0,NULL,'1','1',NULL,NULL,'0.1',NULL,'0.0',NULL,0,0),(162,32,4,4,NULL,NULL,0.4,NULL,NULL,1,'2013-10-24 15:30:14',62,7,-0.3,NULL,'4','4',NULL,NULL,'0.4',NULL,'-0.3',NULL,0,0),(163,32,0,0,NULL,NULL,0,NULL,NULL,1,'2013-10-24 15:30:28',34,8,0.1,NULL,'0','0',NULL,NULL,'0.0',NULL,'0.1',NULL,0,0),(164,33,0,0,NULL,NULL,0,NULL,NULL,1,'2013-10-24 15:30:51',18,1,0.1,NULL,'0','0',NULL,NULL,'0.0',NULL,'0.1',NULL,0,0),(165,33,2,2,NULL,NULL,0.2,NULL,NULL,1,'2013-10-24 15:31:05',126,2,-0.1,NULL,'2','2',NULL,NULL,'0.2',NULL,'-0.1',NULL,0,0),(166,33,-2,-2,NULL,NULL,-0.2,NULL,NULL,1,'2013-10-24 15:31:19',1,3,0.3,NULL,'-2','-2',NULL,NULL,'-0.2',NULL,'0.3',NULL,0,0),(167,33,2,2,NULL,NULL,0.2,NULL,NULL,1,'2013-10-24 15:31:32',63,4,-0.1,NULL,'2','2',NULL,NULL,'0.2',NULL,'-0.1',NULL,0,0),(168,34,-5,-5,NULL,NULL,-0.5,NULL,NULL,1,'2013-10-24 15:34:10',20,1,0.5,NULL,'-5','-5',NULL,NULL,'-0.5',NULL,'0.5',NULL,0,0),(169,34,-10,-10,NULL,NULL,-1,NULL,NULL,1,'2013-10-24 15:34:38',73,2,1,NULL,'-10','-10',NULL,NULL,'-1.0',NULL,'1.0',NULL,0,0),(170,34,-10,-10,NULL,NULL,-2,NULL,NULL,1,'2013-10-24 15:34:52',41,3,2,NULL,'-10','-10',NULL,NULL,'-2.0',NULL,'2.0',NULL,0,0),(171,34,0,0,NULL,NULL,0,NULL,NULL,1,'2013-10-24 15:35:03',65,4,0,NULL,'0','0',NULL,NULL,'0.0',NULL,'0.0',NULL,0,0),(172,34,150,150,NULL,NULL,30,NULL,NULL,1,'2013-10-24 15:35:20',17,5,-30,NULL,'150','150',NULL,NULL,'30.0',NULL,'-30.0',NULL,0,0),(173,34,-13,-13,NULL,NULL,-2.6,NULL,NULL,1,'2013-10-24 15:35:36',16,6,2.6,NULL,'-13','-13',NULL,NULL,'-2.6',NULL,'2.6',NULL,0,0),(174,34,-8,-8,NULL,NULL,-0.8,NULL,NULL,1,'2013-10-24 15:36:24',9,7,0.8,NULL,'-8','-8',NULL,NULL,'-0.8',NULL,'0.8',NULL,0,0),(175,34,1,1,NULL,NULL,0.2,NULL,NULL,1,'2013-10-24 15:36:52',38,8,-0.2,NULL,'1','1',NULL,NULL,'0.2',NULL,'-0.2',NULL,0,0),(176,35,0,0,NULL,NULL,0,NULL,NULL,1,'2013-10-24 15:37:27',44,1,0,NULL,'0','0',NULL,NULL,'0.0',NULL,'0.0',NULL,0,0),(177,36,-2,-2,NULL,NULL,-0.2,NULL,NULL,1,'2013-10-24 15:38:45',89,1,0.3,NULL,'-2','-2',NULL,NULL,'-0.2',NULL,'0.3',NULL,0,0),(178,36,0,0,NULL,NULL,0,NULL,NULL,1,'2013-10-24 15:38:57',83,2,0.1,NULL,'0','0',NULL,NULL,'0.0',NULL,'0.1',NULL,0,0),(179,36,1,1,NULL,NULL,0.1,NULL,NULL,1,'2013-10-24 15:39:08',76,3,0,NULL,'1','1',NULL,NULL,'0.1',NULL,'0.0',NULL,0,0),(180,36,0,0,NULL,NULL,0,NULL,NULL,1,'2013-10-24 15:39:21',75,4,0.1,NULL,'0','0',NULL,NULL,'0.0',NULL,'0.1',NULL,0,0),(181,36,-3,-3,NULL,NULL,-0.3,NULL,NULL,1,'2013-10-24 15:39:34',7,5,0.4,NULL,'-3','-3',NULL,NULL,'-0.3',NULL,'0.4',NULL,0,0),(182,36,-2,-2,NULL,NULL,-0.2,NULL,NULL,1,'2013-10-24 15:39:49',67,6,0.3,NULL,'-2','-2',NULL,NULL,'-0.2',NULL,'0.3',NULL,0,0),(183,36,0,0,NULL,NULL,0,NULL,NULL,1,'2013-10-24 15:40:04',129,7,0.1,NULL,'0','0',NULL,NULL,'0.0',NULL,'0.1',NULL,0,0),(184,36,0,0,NULL,NULL,0,NULL,NULL,1,'2013-10-24 15:40:14',6,8,0.1,NULL,'0','0',NULL,NULL,'0.0',NULL,'0.1',NULL,0,0),(185,37,12,12,NULL,NULL,1.2,NULL,NULL,1,'2013-10-24 15:41:04',61,1,-1.1,NULL,'12','12',NULL,NULL,'1.2',NULL,'-1.1',NULL,0,0),(186,37,-3,-3,NULL,NULL,-0.3,NULL,NULL,1,'2013-10-24 15:41:17',23,2,0.4,NULL,'-3','-3',NULL,NULL,'-0.3',NULL,'0.4',NULL,0,0),(187,37,0,0,NULL,NULL,0,NULL,NULL,1,'2013-10-24 15:41:29',36,3,0.1,NULL,'0','0',NULL,NULL,'0.0',NULL,'0.1',NULL,0,0),(188,37,2,2,NULL,NULL,0.2,NULL,NULL,1,'2013-10-24 15:41:41',127,4,-0.1,NULL,'2','2',NULL,NULL,'0.2',NULL,'-0.1',NULL,0,0),(189,38,10,10,0,0,0.2,0,NULL,1,'2013-10-24 15:55:15',51,1,-0.12,0,'10','10','0','0','0.20','0','-0.12','0',0,0),(190,38,8,8,NULL,NULL,0.16,NULL,NULL,1,'2013-10-24 15:55:34',56,2,-0.08,NULL,'8','8',NULL,NULL,'0.16',NULL,'-0.08',NULL,0,0),(191,38,20,20,NULL,NULL,2,NULL,NULL,1,'2013-10-24 15:55:50',91,3,-1.9,NULL,'20','20',NULL,NULL,'2.0',NULL,'-1.9',NULL,0,0),(192,38,25,25,NULL,NULL,2.5,NULL,NULL,1,'2013-10-24 15:56:15',29,4,-2.4,NULL,'25','25',NULL,NULL,'2.5',NULL,'-2.4',NULL,0,0),(193,38,20,20,NULL,NULL,2,NULL,NULL,1,'2013-10-24 15:56:50',92,5,-1.9,NULL,'20','20',NULL,NULL,'2.0',NULL,'-1.9',NULL,0,0),(194,38,8,8,NULL,NULL,0.8,NULL,NULL,1,'2013-10-24 15:57:05',93,6,-0.7,NULL,'8','8',NULL,NULL,'0.8',NULL,'-0.7',NULL,0,0),(195,38,0,0,NULL,NULL,0,NULL,NULL,1,'2013-10-24 15:57:20',94,7,0.1,NULL,'0','0',NULL,NULL,'0.0',NULL,'0.1',NULL,0,0),(196,39,0,0,NULL,NULL,0,NULL,NULL,1,'2013-10-24 16:01:04',42,1,0.1,NULL,'0','0',NULL,NULL,'0.0',NULL,'0.1',NULL,0,0),(197,39,0,0,NULL,NULL,0,NULL,NULL,1,'2013-10-24 16:01:17',95,2,0.1,NULL,'0','0',NULL,NULL,'0.0',NULL,'0.1',NULL,0,0),(198,39,-2,-2,NULL,NULL,-0.2,NULL,NULL,1,'2013-10-24 16:01:34',43,3,0.3,NULL,'-2','-2',NULL,NULL,'-0.2',NULL,'0.3',NULL,0,0),(199,39,28,28,NULL,NULL,2.8,NULL,NULL,1,'2013-10-24 16:02:02',27,4,-2.7,NULL,'28','28',NULL,NULL,'2.8',NULL,'-2.7',NULL,0,0),(200,39,0,0,NULL,NULL,0,NULL,NULL,1,'2013-10-24 16:03:23',33,5,0.1,NULL,'0','0',NULL,NULL,'0.0',NULL,'0.1',NULL,0,0),(201,39,0,0,NULL,NULL,0,NULL,NULL,1,'2013-10-24 16:03:56',32,6,0.1,NULL,'0','0',NULL,NULL,'0.0',NULL,'0.1',NULL,0,0),(202,39,-6,-6,NULL,NULL,-0.6,NULL,NULL,1,'2013-10-24 16:04:42',15,7,0.7,NULL,'-6','-6',NULL,NULL,'-0.6',NULL,'0.7',NULL,0,0),(203,39,1,1,NULL,NULL,0.1,NULL,NULL,1,'2013-10-24 16:05:10',90,8,0,NULL,'1','1',NULL,NULL,'0.1',NULL,'0.0',NULL,0,0),(204,40,-2,-2,NULL,NULL,-0.2,NULL,NULL,1,'2013-10-24 16:06:29',24,1,0.3,NULL,'-2','-2',NULL,NULL,'-0.2',NULL,'0.3',NULL,0,0),(205,41,12,12,NULL,NULL,1.2,NULL,NULL,1,'2013-10-24 16:08:24',40,1,-1.1,NULL,'12','12',NULL,NULL,'1.2',NULL,'-1.1',NULL,0,0),(206,42,10,10,0,0,0.1,0,NULL,1,'2013-10-24 16:10:03',5,1,-0.03,0,'10','10','0','0','0.10','0','-0.03','0',0,0),(207,43,80,80,NULL,NULL,16,NULL,NULL,1,'2013-10-24 16:14:27',28,1,-16,NULL,'80','80',NULL,NULL,'16.0',NULL,'-16.0',NULL,0,0),(208,43,0,0,NULL,NULL,0,NULL,NULL,1,'2013-10-24 16:14:40',132,2,0,NULL,'0','0',NULL,NULL,'0.0',NULL,'0.0',NULL,0,0),(209,43,-10,-10,NULL,NULL,-2,NULL,NULL,1,'2013-10-24 16:14:54',2,3,2,NULL,'-10','-10',NULL,NULL,'-2.0',NULL,'2.0',NULL,0,0),(210,43,-3,-3,NULL,NULL,-0.6,NULL,NULL,1,'2013-10-24 16:15:12',30,4,0.6,NULL,'-3','-3',NULL,NULL,'-0.6',NULL,'0.6',NULL,0,0),(211,43,0,0,NULL,NULL,0,NULL,NULL,1,'2013-10-24 16:15:28',13,5,0,NULL,'0','0',NULL,NULL,'0.0',NULL,'0.0',NULL,0,0),(212,43,5,5,NULL,NULL,1,NULL,NULL,1,'2013-10-24 16:15:45',128,6,-1,NULL,'5','5',NULL,NULL,'1.0',NULL,'-1.0',NULL,0,0),(213,43,-4,-4,NULL,NULL,-0.8,NULL,NULL,1,'2013-10-24 16:16:03',11,7,0.8,NULL,'-4','-4',NULL,NULL,'-0.8',NULL,'0.8',NULL,0,0),(214,43,0,0,NULL,NULL,0,NULL,NULL,1,'2013-10-24 16:16:16',26,8,0,NULL,'0','0',NULL,NULL,'0.0',NULL,'0.0',NULL,0,0),(215,44,-2,-2,NULL,NULL,-0.4,NULL,NULL,1,'2013-10-24 16:16:47',84,1,0.4,NULL,'-2','-2',NULL,NULL,'-0.4',NULL,'0.4',NULL,0,0),(216,44,8,8,NULL,NULL,1.6,NULL,NULL,1,'2013-10-24 16:17:01',25,2,-1.6,NULL,'8','8',NULL,NULL,'1.6',NULL,'-1.6',NULL,0,0),(217,44,0,0,NULL,NULL,0,NULL,NULL,1,'2013-10-24 16:17:14',66,3,0,NULL,'0','0',NULL,NULL,'0.0',NULL,'0.0',NULL,0,0),(218,44,0,0,NULL,NULL,0,NULL,NULL,1,'2013-10-24 16:17:28',8,4,0,NULL,'0','0',NULL,NULL,'0.0',NULL,'0.0',NULL,0,0),(219,44,-5,-5,NULL,NULL,-1,NULL,NULL,1,'2013-10-24 16:17:43',12,5,1,NULL,'-5','-5',NULL,NULL,'-1.0',NULL,'1.0',NULL,0,0),(220,44,0,0,NULL,NULL,0,NULL,NULL,1,'2013-10-24 16:17:56',10,6,0,NULL,'0','0',NULL,NULL,'0.0',NULL,'0.0',NULL,0,0),(221,44,5,5,NULL,NULL,1,NULL,NULL,1,'2013-10-24 16:18:11',96,7,-1,NULL,'5','5',NULL,NULL,'1.0',NULL,'-1.0',NULL,0,0),(222,44,0,0,NULL,NULL,0,NULL,NULL,1,'2013-10-24 16:18:21',68,8,0,NULL,'0','0',NULL,NULL,'0.0',NULL,'0.0',NULL,0,0),(223,45,10,10,NULL,NULL,0.2,NULL,NULL,1,'2013-10-24 16:28:43',58,1,-0.1,NULL,'10','10',NULL,NULL,'0.20',NULL,'-0.10',NULL,0,0),(224,45,8,8,0,0,0.16,0,NULL,1,'2013-10-24 16:29:07',57,2,-0.06,0,'8','8','0','0','0.16','0','-0.06','0',0,0),(225,45,8,8,0,0,0.16,0,NULL,1,'2013-10-24 16:29:31',48,3,-0.06,0,'8','8','0','0','0.16','0','-0.06','0',0,0),(226,45,12,12,NULL,NULL,0.24,NULL,NULL,1,'2013-10-24 16:29:58',52,4,-0.14,NULL,'12','12',NULL,NULL,'0.24',NULL,'-0.14',NULL,0,0),(227,45,10,10,NULL,NULL,0.2,NULL,NULL,1,'2013-10-24 16:30:17',50,5,-0.1,NULL,'10','10',NULL,NULL,'0.20',NULL,'-0.10',NULL,0,0),(228,45,5,5,NULL,NULL,0.1,NULL,NULL,1,'2013-10-24 16:30:40',54,6,-0.02,NULL,'5','5',NULL,NULL,'0.10',NULL,'-0.02',NULL,0,0),(229,45,2,2,NULL,NULL,0.04,NULL,NULL,1,'2013-10-24 16:31:09',55,7,0.04,NULL,'2','2',NULL,NULL,'0.04',NULL,'0.04',NULL,0,0),(230,46,-2,-2,NULL,NULL,-0.4,NULL,NULL,1,'2013-10-24 16:34:16',14,1,0.4,NULL,'-2','-2',NULL,NULL,'-0.4',NULL,'0.4',NULL,0,0),(231,46,-10,-10,NULL,NULL,-2,NULL,NULL,1,'2013-10-24 16:34:30',37,2,2,NULL,'-10','-10',NULL,NULL,'-2.0',NULL,'2.0',NULL,0,0),(232,46,0,0,NULL,NULL,0,NULL,NULL,1,'2013-10-24 16:34:43',88,3,0,NULL,'0','0',NULL,NULL,'0.0',NULL,'0.0',NULL,0,0),(233,47,4,4,NULL,NULL,0.04,NULL,NULL,1,'2013-10-24 16:41:02',5,1,0.13,NULL,'4','4',NULL,NULL,'0.04',NULL,'0.13',NULL,0,0),(234,47,-20,-20,NULL,NULL,-2,NULL,NULL,1,'2013-10-24 16:41:19',86,2,2.2,NULL,'-20','-20',NULL,NULL,'-2.0',NULL,'2.2',NULL,0,0),(235,47,20,20,NULL,NULL,2,NULL,NULL,1,'2013-10-24 16:41:30',31,3,-1.8,NULL,'20','20',NULL,NULL,'2.0',NULL,'-1.8',NULL,0,0),(236,48,10,10,NULL,NULL,0.2,NULL,NULL,1,'2013-10-24 16:42:29',60,1,-0.1,NULL,'10','10',NULL,NULL,'0.20',NULL,'-0.10',NULL,0,0),(237,48,10,10,NULL,NULL,0.2,NULL,NULL,1,'2013-10-24 16:42:47',49,2,-0.1,NULL,'10','10',NULL,NULL,'0.20',NULL,'-0.10',NULL,0,0),(238,48,8,8,0,0,0.16,0,NULL,1,'2013-10-24 16:43:28',53,3,-0.06,0,'8','8','0','0','0.16','0','-0.06','0',0,0),(239,48,10,10,NULL,NULL,0.2,NULL,NULL,1,'2013-10-24 16:43:47',47,4,-0.1,NULL,'10','10',NULL,NULL,'0.20',NULL,'-0.10',NULL,0,0),(240,48,10,10,NULL,NULL,0.2,NULL,NULL,1,'2013-10-24 16:44:06',59,5,-0.1,NULL,'10','10',NULL,NULL,'0.20',NULL,'-0.10',NULL,0,0),(241,48,6,6,NULL,NULL,0.12,NULL,NULL,1,'2013-10-24 16:44:53',87,6,-0.02,NULL,'6','6',NULL,NULL,'0.12',NULL,'-0.02',NULL,0,0),(242,48,6,6,NULL,NULL,0.12,NULL,NULL,1,'2013-10-24 16:45:25',85,7,-0.02,NULL,'6','6',NULL,NULL,'0.12',NULL,'-0.02',NULL,0,0),(243,49,2,2,NULL,NULL,0.04,NULL,NULL,1,'2013-10-24 16:54:41',51,1,0.04,NULL,'2','2',NULL,NULL,'0.04',NULL,'0.04',NULL,0,0),(244,49,7,7,0,0,0.14,0,NULL,1,'2013-10-24 16:54:59',56,2,-0.06,0,'7','7','0','0','0.14','0','-0.06','0',0,0),(245,50,-10,-10,NULL,NULL,-0.1,NULL,NULL,1,'2013-10-26 10:34:42',4,1,0.06,NULL,'-10','-10',NULL,NULL,'-0.10',NULL,'0.06',NULL,0,0),(246,51,0,0,NULL,NULL,0,NULL,NULL,1,'2013-10-26 10:40:01',7,1,0,NULL,'0','0',NULL,NULL,'0.0',NULL,'0.0',NULL,0,0),(247,51,17,17,NULL,NULL,1.7,NULL,NULL,1,'2013-10-26 10:40:23',40,2,-1.7,NULL,'17','17',NULL,NULL,'1.7',NULL,'-1.7',NULL,0,0),(248,51,70,70,NULL,NULL,7,NULL,NULL,1,'2013-10-26 10:40:43',70,3,-7,NULL,'70','70',NULL,NULL,'7.0',NULL,'-7.0',NULL,0,0),(249,51,-4,-4,NULL,NULL,-0.8,NULL,NULL,1,'2013-10-26 10:41:19',66,4,0.8,NULL,'-4','-4',NULL,NULL,'-0.8',NULL,'0.8',NULL,0,0),(250,52,12,12,NULL,NULL,0.12,NULL,NULL,1,'2013-10-26 11:11:09',22,1,-0.13,NULL,'12','12',NULL,NULL,'0.12',NULL,'-0.13',NULL,0,0),(251,52,3,3,NULL,NULL,0.06,NULL,NULL,1,'2013-10-26 11:11:21',49,2,-0.06,NULL,'3','3',NULL,NULL,'0.06',NULL,'-0.06',NULL,0,0),(252,53,0,0,NULL,NULL,0,NULL,NULL,1,'2013-10-26 11:11:51',60,1,0,NULL,'0','0',NULL,NULL,'0.00',NULL,'0.00',NULL,0,0),(253,53,2,2,NULL,NULL,0.04,NULL,NULL,1,'2013-10-26 11:12:05',59,2,-0.04,NULL,'2','2',NULL,NULL,'0.04',NULL,'-0.04',NULL,0,0),(254,54,-5,-5,-2,-2,-0.25,-0.1,NULL,1,'2013-10-26 11:13:20',123,1,0.25,0.1,'-5','-5','-2','-2','-0.25','-0.10','0.25','0.10',0,0),(255,54,-10,-10,-5,-5,-0.5,-0.25,NULL,1,'2013-10-26 11:18:57',121,2,0.5,0.25,'-10','-10','-5','-5','-0.50','-0.25','0.50','0.25',0,0),(256,54,-5,-5,-5,-5,-0.25,-0.25,NULL,1,'2013-10-26 11:22:28',124,3,0.25,0.25,'-5','-5','-5','-5','-0.25','-0.25','0.25','0.25',0,0),(257,54,-10,-10,-3,-3,-0.5,-0.15,NULL,1,'2013-10-26 11:25:04',122,4,0.5,0.15,'-10','-10','-3','-3','-0.50','-0.15','0.50','0.15',0,0),(258,55,-8,-8,NULL,NULL,-0.8,NULL,NULL,1,'2013-10-26 11:33:31',74,1,0.8,NULL,'-8','-8',NULL,NULL,'-0.8',NULL,'0.8',NULL,0,0),(259,56,0,0,7,7,0,0.35,NULL,1,'2013-10-26 11:34:42',105,1,0,-0.35,'0','0','7','7','0.00','0.35','0.00','-0.35',0,0),(260,56,0,0,5,5,0,0.25,NULL,1,'2013-10-26 11:36:40',106,2,0,-0.25,'0','0','5','5','0.00','0.25','0.00','-0.25',0,0),(261,56,0,0,7,7,0,0.35,NULL,1,'2013-10-26 11:39:12',105,3,0,-0.35,'0','0','7','7','0.00','0.35','0.00','-0.35',0,0),(262,56,10,10,0,0,0.5,0,NULL,1,'2013-10-26 11:41:52',107,4,-0.5,0,'10','10','0','0','0.50','0.00','-0.50','0.00',0,0),(263,56,0,0,10,10,0,0.5,NULL,1,'2013-10-26 11:51:21',108,5,0,-0.5,'0','0','10','10','0.00','0.50','0.00','-0.50',0,0),(264,56,-10,-10,10,10,-0.5,0.5,NULL,1,'2013-10-26 11:57:55',78,6,0.5,-0.5,'-10','-10','10','10','-0.50','0.50','0.50','-0.50',0,0),(265,56,0,0,-3,-3,0,-0.15,NULL,1,'2013-10-26 12:00:56',77,7,0,0.15,'0','0','-3','-3','0.00','-0.15','0.00','0.15',0,0),(266,56,0,0,10,10,0,0.5,NULL,1,'2013-10-26 12:27:24',125,8,0,-0.5,'0','0','10','10','0.00','0.50','0.00','-0.50',0,0),(267,57,10,10,NULL,NULL,1,NULL,NULL,1,'2013-10-26 12:33:12',91,1,-1,NULL,'10','10',NULL,NULL,'1.0',NULL,'-1.0',NULL,0,0),(268,57,18,18,NULL,NULL,1.8,NULL,NULL,1,'2013-10-26 12:33:29',92,2,-1.8,NULL,'18','18',NULL,NULL,'1.8',NULL,'-1.8',NULL,0,0),(269,57,-14,-14,NULL,NULL,-1.4,NULL,NULL,1,'2013-10-26 12:33:43',93,3,1.4,NULL,'-14','-14',NULL,NULL,'-1.4',NULL,'1.4',NULL,0,0),(270,57,-10,-10,NULL,NULL,-1,NULL,NULL,1,'2013-10-26 12:33:56',94,4,1,NULL,'-10','-10',NULL,NULL,'-1.0',NULL,'1.0',NULL,0,0),(271,58,-2,-2,8,8,-0.1,0.4,NULL,1,'2013-10-26 12:35:11',113,1,0.1,-0.4,'-2','-2','8','8','-0.10','0.40','0.10','-0.40',0,0),(272,58,10,10,3,3,0.5,0.15,NULL,1,'2013-10-26 12:41:42',100,2,-0.5,-0.15,'10','10','3','3','0.50','0.15','-0.50','-0.15',0,0),(273,58,10,10,5,5,0.5,0.25,NULL,1,'2013-10-26 12:44:48',98,3,-0.5,-0.25,'10','10','5','5','0.50','0.25','-0.50','-0.25',0,0),(274,59,0,0,2,2,0,0.1,NULL,1,'2013-10-26 14:15:03',97,1,0,-0.1,'0','0','2','2','0.00','0.10','0.00','-0.10',0,0),(275,59,3,3,2,2,0.15,0.1,NULL,1,'2013-10-26 14:33:01',112,2,-0.15,-0.1,'3','3','2','2','0.15','0.10','-0.15','-0.10',0,0),(276,59,8,8,8,8,0.4,0.4,NULL,1,'2013-10-26 14:42:36',109,3,-0.4,-0.4,'8','8','8','8','0.40','0.40','-0.40','-0.40',0,0),(277,59,2,2,8,8,0.1,0.4,NULL,1,'2013-10-26 14:45:21',102,4,-0.1,-0.4,'2','2','8','8','0.10','0.40','-0.10','-0.40',0,0),(278,59,0,0,2,2,0,0.1,NULL,1,'2013-10-26 14:57:26',116,5,0,-0.1,'0','0','2','2','0.00','0.10','0.00','-0.10',0,0),(279,59,0,0,10,10,0,0.5,NULL,1,'2013-10-26 15:01:01',103,6,0,-0.5,'0','0','10','10','0.00','0.50','0.00','-0.50',0,0),(280,63,10.5,10.6,NULL,NULL,1,NULL,NULL,1,'2013-10-26 20:39:14',32,1,-0.7,NULL,'10.5','10.6',NULL,NULL,'1.0',NULL,'-0.7',NULL,0,0),(281,63,19.5,74.1,NULL,NULL,9.2,NULL,NULL,1,'2013-10-26 20:39:42',13,2,-9,NULL,'19.5','74.1',NULL,NULL,'9.2',NULL,'-9.0',NULL,0,0),(282,63,10.5,-95.6,NULL,NULL,-0.84,NULL,NULL,1,'2013-10-26 20:40:36',59,3,1.12,NULL,'10.5','-95.6',NULL,NULL,'-0.84',NULL,'1.12',NULL,0,0),(283,64,10,10,NULL,NULL,1,NULL,NULL,1,'2013-10-26 23:41:02',40,1,-0.8,NULL,'10','10',NULL,NULL,'1.0',NULL,'-0.8',NULL,0,0),(284,65,10,10,NULL,NULL,1,NULL,NULL,1,'2013-10-26 23:41:05',40,1,-0.8,NULL,'10','10',NULL,NULL,'1.0',NULL,'-0.8',NULL,0,0),(285,66,10,10,NULL,NULL,1,NULL,NULL,1,'2013-10-26 23:41:17',40,1,-0.8,NULL,'10','10',NULL,NULL,'1.0',NULL,'-0.8',NULL,0,0),(286,67,10,10,NULL,NULL,1,NULL,NULL,1,'2013-10-26 23:41:24',40,1,-0.8,NULL,'10','10',NULL,NULL,'1.0',NULL,'-0.8',NULL,0,0),(287,68,10,10,NULL,NULL,1,NULL,NULL,1,'2013-10-26 23:41:30',40,1,-0.8,NULL,'10','10',NULL,NULL,'1.0',NULL,'-0.8',NULL,0,0),(288,69,10,10,NULL,NULL,1,NULL,NULL,1,'2013-10-26 23:42:17',40,1,-0.8,NULL,'10','10',NULL,NULL,'1.0',NULL,'-0.8',NULL,0,0),(289,69,10,10,10,10,0.5,0.5,NULL,1,'2013-10-26 23:42:29',115,2,-0.3,-0.3,'10','10','10','10','0.50','0.50','-0.30','-0.30',0,0),(290,70,20,20,NULL,NULL,0.4,NULL,NULL,1,'2013-10-26 23:43:30',48,1,-0.3,NULL,'20','20',NULL,NULL,'0.40',NULL,'-0.30',NULL,0,0),(291,71,10,10,NULL,NULL,0.2,NULL,NULL,1,'2013-10-26 23:45:49',48,1,-0.06,NULL,'10','10',NULL,NULL,'0.20',NULL,'-0.06',NULL,0,0),(292,71,50,50,NULL,NULL,1,NULL,NULL,1,'2013-10-26 23:46:03',57,2,-0.86,NULL,'50','50',NULL,NULL,'1.00',NULL,'-0.86',NULL,0,0),(293,71,60,60,NULL,NULL,1.2,NULL,NULL,1,'2013-10-26 23:46:18',55,3,-1.06,NULL,'60','60',NULL,NULL,'1.20',NULL,'-1.06',NULL,0,0),(294,72,10,10,NULL,NULL,1,NULL,NULL,1,'2013-10-26 23:46:54',40,1,-0.1,NULL,'10','10',NULL,NULL,'1.0',NULL,'-0.1',NULL,0,0),(299,78,20,23.5,NULL,NULL,0.42,NULL,NULL,1,'2013-10-28 16:37:12',51,1,-0.06,NULL,'20','23.50',NULL,NULL,'0.42',NULL,'-0.06',NULL,0,0),(300,78,60.2,60.2,NULL,NULL,12,NULL,NULL,1,'2013-10-28 16:37:12',13,2,-11.6,NULL,'60.2','60.2',NULL,NULL,'12.0',NULL,'-11.6',NULL,0,0),(301,78,60.3,78.3,NULL,NULL,1.38,NULL,NULL,1,'2013-10-28 16:37:12',51,3,-1.02,NULL,'60.3','78.3',NULL,NULL,'1.38',NULL,'-1.02',NULL,0,0),(302,78,50,50,NULL,NULL,1,NULL,NULL,1,'2013-10-28 16:37:12',58,4,-0.64,NULL,'50','50',NULL,NULL,'1.00',NULL,'-0.64',NULL,0,0),(303,79,20,23.5,NULL,NULL,0.42,NULL,NULL,1,'2013-10-28 16:39:03',51,1,-0.06,NULL,'20','23.50',NULL,NULL,'0.42',NULL,'-0.06',NULL,0,0),(304,79,60.2,60.2,NULL,NULL,12,NULL,NULL,1,'2013-10-28 16:39:03',13,2,-11.6,NULL,'60.2','60.2',NULL,NULL,'12.0',NULL,'-11.6',NULL,0,0),(305,79,60.3,78.3,NULL,NULL,1.38,NULL,NULL,1,'2013-10-28 16:39:03',51,3,-1.02,NULL,'60.3','78.3',NULL,NULL,'1.38',NULL,'-1.02',NULL,0,0),(306,79,50,50,NULL,NULL,1,NULL,NULL,1,'2013-10-28 16:39:03',58,4,-0.64,NULL,'50','50',NULL,NULL,'1.00',NULL,'-0.64',NULL,0,0),(307,80,20,23.5,NULL,NULL,0.42,NULL,NULL,1,'2013-10-28 16:41:35',51,1,-0.22,NULL,'20','23.50',NULL,NULL,'0.42',NULL,'-0.22',NULL,0,0),(308,80,60.2,60.2,NULL,NULL,12,NULL,NULL,1,'2013-10-28 16:41:35',13,2,-11.8,NULL,'60.2','60.2',NULL,NULL,'12.0',NULL,'-11.8',NULL,0,0),(309,80,60.3,78.3,NULL,NULL,1.38,NULL,NULL,1,'2013-10-28 16:41:35',51,3,-1.18,NULL,'60.3','78.3',NULL,NULL,'1.38',NULL,'-1.18',NULL,0,0),(310,80,50,62.4,50.1,49.01,2.8,2.45,NULL,1,'2013-10-28 16:41:35',123,4,-2.6,-2.25,'50','62.4','50.1','49.01','2.80','2.45','-2.60','-2.25',0,0),(311,82,10.55,10.55,NULL,NULL,2,NULL,NULL,1,'2013-10-28 16:49:21',13,1,-1.4,NULL,'10.55','10.55',NULL,NULL,'2.0',NULL,'-1.4',NULL,0,0),(312,82,10.6,10.6,NULL,NULL,0.2,NULL,NULL,1,'2013-10-28 16:49:21',60,2,0.3,NULL,'10.6','10.6',NULL,NULL,'0.20',NULL,'0.30',NULL,0,0),(313,83,40,80,NULL,NULL,1.2,NULL,NULL,1,'2013-10-28 16:50:30',55,1,-1.2,NULL,'40','80',NULL,NULL,'1.20',NULL,'-1.20',NULL,0,0),(314,84,10.64,10.64,NULL,NULL,0.2,NULL,NULL,1,'2013-10-28 16:57:20',51,1,-0.2,NULL,'10.64','10.64',NULL,NULL,'0.20',NULL,'-0.20',NULL,0,0),(315,85,10,10,NULL,NULL,2,NULL,NULL,1,'2013-10-28 16:58:42',13,1,-2,NULL,'10','10',NULL,NULL,'2.0',NULL,'-2.0',NULL,0,0),(316,86,0.24,0.24,NULL,NULL,0,NULL,NULL,1,'2013-10-28 17:01:54',6,1,0,NULL,'0.24','0.24',NULL,NULL,'0.0',NULL,'0.0',NULL,0,0),(317,87,60.32,60.32,NULL,NULL,6,NULL,NULL,1,'2013-10-28 17:16:09',6,1,-5.3,NULL,'60.32','60.32',NULL,NULL,'6.0',NULL,'-5.3',NULL,0,0),(318,87,41.2,51.2,60.3,60.3,2.3,3,NULL,1,'2013-10-28 17:16:09',110,2,-1.65,-2.35,'41.2','51.20','60.3','60.3','2.30','3.00','-1.65','-2.35',0,0),(319,88,10,10,NULL,NULL,2,NULL,NULL,1,'2013-10-28 18:58:02',13,1,-2,NULL,'10','10',NULL,NULL,'2.0',NULL,'-2.0',NULL,0,0),(320,89,12,12,NULL,NULL,0.24,NULL,NULL,1,'2013-10-28 19:07:32',55,1,-0.24,NULL,'12','12',NULL,NULL,'0.24',NULL,'-0.24',NULL,0,0),(321,90,12.5,45.6,NULL,NULL,0.58,NULL,NULL,1,'2013-10-28 19:08:55',53,1,-0.58,NULL,'12.5','45.6',NULL,NULL,'0.58',NULL,'-0.58',NULL,0,0),(322,90,12.5,45.6,NULL,NULL,2.9,NULL,NULL,1,'2013-10-28 19:08:55',131,2,-2.9,NULL,'12.5','45.6',NULL,NULL,'2.9',NULL,'-2.9',NULL,0,0),(323,90,12.5,45.6,NULL,NULL,0.58,NULL,NULL,1,'2013-10-28 19:08:55',53,3,-0.58,NULL,'12.5','45.6','','','0.58','','-0.58','',0,0),(324,91,205.5,205.5,NULL,NULL,20.5,NULL,NULL,1,'2013-11-01 16:31:52',129,1,-20.1,NULL,'205.5','205.5',NULL,NULL,'20.5',NULL,'-20.1',NULL,0,0),(325,92,50,50,NULL,NULL,10,NULL,NULL,1,'2013-11-01 16:32:50',128,1,-9.4,NULL,'50','50',NULL,NULL,'10.0',NULL,'-9.4',NULL,0,0),(326,93,10.1,10.1,10.1,10.1,0.5,0.5,NULL,1,'2013-11-01 16:34:31',122,1,-0.4,-0.4,'10.10','10.10','10.10','10.10','0.50','0.50','-0.40','-0.40',0,0),(327,94,20,20,12,12,1,0.6,NULL,1,'2013-11-21 15:40:20',121,1,-0.65,-0.25,'20','20','12','12','1.00','0.60','-0.65','-0.25',0,0),(328,95,50,50,NULL,NULL,10,NULL,NULL,1,'2013-11-21 15:42:21',128,1,-9.4,NULL,'50','50',NULL,NULL,'10.0',NULL,'-9.4',NULL,0,0),(329,96,50,50,NULL,NULL,5,NULL,NULL,1,'2013-11-21 16:31:36',134,1,-4.3,NULL,'50','50',NULL,NULL,'5.0',NULL,'-4.3',NULL,0,0),(330,98,NULL,NULL,NULL,NULL,NULL,NULL,NULL,1,'2013-11-21 16:59:11',134,1,NULL,NULL,'/','/',NULL,NULL,NULL,NULL,NULL,NULL,1,NULL),(331,98,NULL,NULL,NULL,NULL,NULL,NULL,NULL,1,'2013-11-21 16:59:11',131,2,NULL,NULL,'%','%',NULL,NULL,NULL,NULL,NULL,NULL,2,NULL),(332,98,100,500,NULL,NULL,30,NULL,NULL,1,'2013-11-21 16:59:11',130,3,-29.3,NULL,'100','500',NULL,NULL,'30.0',NULL,'-29.3',NULL,0,NULL),(333,99,NULL,NULL,50,50,NULL,2.5,NULL,1,'2013-11-21 17:00:21',116,1,NULL,-1.55,'/','/','50','50',NULL,'2.50',NULL,'-1.55',1,0),(334,99,50,50,NULL,NULL,5,NULL,NULL,1,'2013-11-21 17:00:21',131,2,-4,NULL,'50','50',NULL,NULL,'5.0',NULL,'-4.0',NULL,0,NULL),(335,99,50,50,NULL,NULL,5,NULL,NULL,1,'2013-11-21 17:00:21',130,3,-4,NULL,'50','50',NULL,NULL,'5.0',NULL,'-4.0',NULL,0,NULL),(336,100,123,123,NULL,NULL,12.3,NULL,NULL,1,'2013-11-21 18:11:08',134,1,-11.6,NULL,'123','123',NULL,NULL,'12.3',NULL,'-11.6',NULL,0,NULL);
/*!40000 ALTER TABLE `samplerecord` ENABLE KEYS */;
UNLOCK TABLES;

--
-- Table structure for table `standardtmpter`
--

DROP TABLE IF EXISTS `standardtmpter`;
/*!40101 SET @saved_cs_client     = @@character_set_client */;
/*!40101 SET character_set_client = utf8 */;
CREATE TABLE `standardtmpter` (
  `id` int(11) NOT NULL AUTO_INCREMENT,
  `tmterNo` varchar(100) DEFAULT NULL COMMENT '温度计编号',
  `certificateNo` varchar(100) DEFAULT NULL COMMENT '证书编号',
  `minTemp` double DEFAULT NULL COMMENT '最小温度',
  `maxTemp` double DEFAULT NULL COMMENT '最大温度',
  `miniScale` double DEFAULT NULL COMMENT '最小分度值',
  `createUserID` int(11) DEFAULT NULL,
  `createDate` datetime DEFAULT NULL,
  PRIMARY KEY (`id`)
) ENGINE=InnoDB AUTO_INCREMENT=17 DEFAULT CHARSET=utf8;
/*!40101 SET character_set_client = @saved_cs_client */;

--
-- Dumping data for table `standardtmpter`
--

LOCK TABLES `standardtmpter` WRITE;
/*!40000 ALTER TABLE `standardtmpter` DISABLE KEYS */;
INSERT INTO `standardtmpter` VALUES (1,'1-167','01350',-30,20,0.1,1,'2013-09-24 15:58:43'),(2,'2-211','01350',0,50,0.1,1,'2013-09-24 16:12:24'),(3,'3-373','01350',50,100,0.1,1,'2013-09-24 16:15:32'),(4,'45957','01350',100,150,0.1,1,'2013-09-24 16:22:02'),(5,'54182','01350',150,200,0.1,1,'2013-09-24 16:24:09'),(6,'66046','01350',200,250,0.1,1,'2013-09-24 16:25:39'),(7,'7-147','01350',250,300,0.1,1,'2013-09-24 16:27:24'),(9,'13779','1351',-30,20,0.1,1,'2013-09-26 16:19:36'),(10,'02-348','1351',0,50,0.1,1,'2013-09-26 16:20:52'),(11,'33428','1351',50,100,0.1,1,'2013-09-26 16:21:52'),(12,'44544','1351',100,150,0.1,1,'2013-09-26 16:22:44'),(13,'54132','1351',150,200,0.1,1,'2013-09-26 16:23:41'),(14,'65180','1351',200,250,0.1,1,'2013-09-26 16:25:24'),(15,'7-111','1351',250,300,0.1,1,'2013-09-26 16:26:43'),(16,'205','4643',-60,0,0.1,1,'2013-10-24 16:25:13');
/*!40000 ALTER TABLE `standardtmpter` ENABLE KEYS */;
UNLOCK TABLES;

--
-- Table structure for table `standardtmptercorrection`
--

DROP TABLE IF EXISTS `standardtmptercorrection`;
/*!40101 SET @saved_cs_client     = @@character_set_client */;
/*!40101 SET character_set_client = utf8 */;
CREATE TABLE `standardtmptercorrection` (
  `id` int(11) NOT NULL AUTO_INCREMENT,
  `standardTmpterId` int(11) DEFAULT NULL COMMENT '标准器ID',
  `value` int(11) DEFAULT NULL COMMENT '璁℃暟鍊',
  `correction` double DEFAULT NULL COMMENT '修正值',
  PRIMARY KEY (`id`)
) ENGINE=InnoDB AUTO_INCREMENT=99 DEFAULT CHARSET=utf8;
/*!40101 SET character_set_client = @saved_cs_client */;

--
-- Dumping data for table `standardtmptercorrection`
--

LOCK TABLES `standardtmptercorrection` WRITE;
/*!40000 ALTER TABLE `standardtmptercorrection` DISABLE KEYS */;
INSERT INTO `standardtmptercorrection` VALUES (1,1,-30,0.03),(2,1,-20,-0.01),(3,1,-10,0.06),(5,1,10,-0.02),(6,1,0,0.01),(7,1,20,0.01),(8,2,0,0),(9,2,10,0.13),(11,2,40,0),(12,2,50,0.07),(13,3,50,-0.01),(14,3,60,0.05),(15,3,70,0),(16,3,80,0),(17,3,90,0),(18,3,100,0),(19,4,100,0.09),(20,4,110,0.06),(21,4,120,0.04),(22,4,130,0.07),(23,4,140,0.08),(24,4,150,0.02),(25,5,150,0.03),(26,5,160,0.06),(27,5,170,0.05),(28,5,180,0.06),(29,5,192,-0.01),(30,5,200,0.04),(31,6,200,-0.05),(32,6,210,-0.11),(33,6,220,-0.04),(34,6,230,-0.06),(35,6,240,-0.05),(36,6,250,-0.03),(37,7,250,-0.22),(38,7,260,-0.28),(39,7,270,-0.23),(40,7,280,-0.25),(41,7,290,-0.3),(42,7,300,-0.25),(47,9,-30,0),(48,9,-20,-0.04),(49,9,-10,0.02),(50,9,0,0.01),(51,9,10,0),(52,9,20,0.02),(53,10,0,0.13),(54,10,10,0.15),(55,10,20,0.15),(56,10,30,0.15),(57,10,40,0.15),(58,10,50,0.15),(59,11,50,0.15),(60,11,60,0.12),(61,11,70,0.11),(62,11,80,0.13),(63,11,90,0.15),(64,11,100,0.13),(65,12,100,0.02),(66,12,110,0.05),(67,12,120,0.1),(68,12,130,0.02),(69,12,140,0.06),(70,12,150,0.07),(71,13,150,0.02),(72,13,160,0.08),(73,13,170,0.08),(74,13,180,0.03),(75,13,190,-0.06),(76,13,200,0.03),(77,14,200,-0.06),(78,14,210,0.05),(79,14,220,-0.03),(80,14,230,-0.04),(81,14,240,-0.04),(82,14,250,0.03),(83,15,250,-0.08),(84,15,260,0.02),(85,15,270,-0.1),(86,15,280,-0.06),(87,15,290,-0.13),(88,15,300,-0.18),(90,2,20,0.1),(91,2,30,0.07),(92,16,-60,0.15),(93,16,-50,0.1),(94,16,-40,0),(95,16,-30,0.12),(96,16,-20,-0.05),(97,16,-10,-0.04),(98,16,0,0.03);
/*!40000 ALTER TABLE `standardtmptercorrection` ENABLE KEYS */;
UNLOCK TABLES;

--
-- Table structure for table `tempregister`
--

DROP TABLE IF EXISTS `tempregister`;
/*!40101 SET @saved_cs_client     = @@character_set_client */;
/*!40101 SET character_set_client = utf8 */;
CREATE TABLE `tempregister` (
  `id` int(11) NOT NULL AUTO_INCREMENT COMMENT 'ID',
  `unit` varchar(200) DEFAULT NULL COMMENT '送检单位',
  `tmerName` varchar(100) DEFAULT NULL COMMENT '温度计名称:水银温度计，煤油温度计，干湿温度计',
  `minTemp` varchar(50) DEFAULT NULL COMMENT '最小温度',
  `maxTemp` varchar(50) DEFAULT NULL COMMENT '最大温度',
  `miniScale` double DEFAULT NULL COMMENT '最小分度值',
  `manufacturer` varchar(200) DEFAULT NULL COMMENT '生产厂家',
  `tmterNo` varchar(100) DEFAULT NULL COMMENT '温度计编号',
  `sampleNo` varchar(100) DEFAULT NULL COMMENT '样品编号',
  `certificateNo` varchar(100) DEFAULT NULL COMMENT '证书编号',
  `result` varchar(45) DEFAULT NULL COMMENT '检测结果：“待测”、“合格”、“不合格”、“断柱”、“损坏”',
  `createUserID` int(11) DEFAULT NULL COMMENT '创建人',
  `createDate` datetime DEFAULT NULL COMMENT '创建时间',
  `tempregisterpointName` varchar(100) DEFAULT NULL,
  `immersionType` varchar(100) DEFAULT NULL COMMENT '浸没方式(全浸、局浸)',
  `sensingLiquid` varchar(100) DEFAULT NULL COMMENT '感温液体(有机、汞基、水银)',
  `outMax` int(11) DEFAULT NULL COMMENT '上限超',
  `outMin` int(11) DEFAULT NULL COMMENT '下限超',
  PRIMARY KEY (`id`),
  UNIQUE KEY `id_UNIQUE` (`id`)
) ENGINE=InnoDB AUTO_INCREMENT=135 DEFAULT CHARSET=utf8;
/*!40101 SET character_set_client = @saved_cs_client */;

--
-- Dumping data for table `tempregister`
--

LOCK TABLES `tempregister` WRITE;
/*!40000 ALTER TABLE `tempregister` DISABLE KEYS */;
INSERT INTO `tempregister` VALUES (1,'弥勒市竹园镇蔗林食品厂','水银温度计','0','100',1,'无','3757','131017050-2','','待测',1,'2013-10-21 14:34:10','普通0-100','竹节','水银',0,0),(2,'弥勒市竹园镇蔗林食品厂','水银温度计','0','300',2,'北京玻璃研究所','1101','131017050-2','','待测',1,'2013-10-21 14:35:50','普通0-300','竹节','水银',0,0),(3,'寻甸天浩酒业有限公司','水银温度计','0','50',0.1,'无','3759','131018052-3','','待测',1,'2013-10-21 14:40:06','0-50-0.1','全浸','水银',0,0),(4,'云南佳测环境检测科技有限公司','水银温度计','0','50',0.1,'北京玻璃研究所','4528','131017008-7','','待测',1,'2013-10-21 14:42:49','0-50-0.1','全浸','水银',0,0),(5,'云南佳测环境检测科技有限公司','水银温度计','50','100',0.1,'北京玻璃研究所','4529','131017008-7','','待测',1,'2013-10-21 14:43:27','精密50-100-0.1','全浸','水银',0,0),(6,'云南佳测环境检测科技有限公司','水银温度计','0','100',1,'北京玻璃研究所','4201','131017008-7','','待测',1,'2013-10-21 14:44:02','普通0-100','局浸','水银',0,0),(7,'昆明廊山食品有限公司','水银温度计','0','100',1,'无','3762','131017016-2','','待测',1,'2013-10-21 14:49:35','普通0-100','竹节','水银',0,0),(8,'昆明廊山食品有限公司','水银温度计','0','300',2,'无','3763','131017016-2','','待测',1,'2013-10-21 14:50:46','普通0-300','竹节','水银',0,0),(9,'昆明圣宴食品有限公司','水银温度计','0','200',1,'无','3764','131021012-1','','待测',1,'2013-10-21 14:51:56','普通0-200','竹节','水银',0,0),(10,'云南特安呐制药股份有限公司','水银温度计','0','300',2,'北京玻璃研究所','3-9','131021007-1','','待测',1,'2013-10-21 14:54:55','普通0-300','竹节','水银',0,0),(11,'云南特安呐制药股份有限公司','水银温度计','0','300',2,'北京玻璃研究所','3766','131021007-1','','待测',1,'2013-10-21 14:55:54','普通0-300','竹节','水银',0,0),(12,'云南特安呐制药股份有限公司','水银温度计','0','300',2,'北京玻璃研究所','3767','131021007-1','','待测',1,'2013-10-21 14:56:01','普通0-300','竹节','水银',0,0),(13,'晋宁兴化精细化工科技发展有限责任公司','水银温度计','0','300',2,'无','4214','131018049-1','','待测',1,'2013-10-21 14:59:11','普通0-300','竹节','水银',0,0),(14,'晋宁兴化精细化工科技发展有限责任公司','水银温度计','0','300',2,'无','602','131018049-1','','待测',1,'2013-10-21 14:59:22','普通0-300','竹节','水银',0,0),(15,'玉溪滇中公路工程试验检测有限责任公司','有机液体温度计','0','100',1,'无','3770','131018056-1','','待测',1,'2013-10-21 15:01:14','普通0-100','局浸','水银',0,0),(16,'玉溪滇中公路工程试验检测有限责任公司','有机液体温度计','0','200',2,'无','3771','131018056-1','','待测',1,'2013-10-21 15:02:02','普通0-200','局浸','水银',0,0),(17,'云南中渊集团自备混凝土搅拌站','水银温度计','0','200',2,'无','3772','131016033-2','','待测',1,'2013-10-21 15:04:04','普通0-200','竹节','水银',0,0),(18,'呈贡七甸乡成军卤腐厂','水银温度计','0','100',1,'无','3773','131016035-3','','待测',1,'2013-10-21 15:06:14','普通0-100','竹节','水银',0,0),(19,'呈贡七甸乡成军卤腐厂','水银温度计','0','100',1,'无','3774','131016035-3','','待测',1,'2013-10-21 15:07:26','普通0-100','竹节','水银',0,0),(20,'呈贡七甸乡成军卤腐厂','水银温度计','0','200',1,'无','3775','131016035-3','','待测',1,'2013-10-21 15:07:52','普通0-200','竹节','水银',0,0),(21,'云南绿A生物工程有限公司','有机液体温度计','-50','50',1,'无','3776','131016091-5','','断柱',1,'2013-10-21 15:13:20','自定义','全浸','有机',0,0),(22,'云南绿A生物工程有限公司','水银温度计','0','50',0.1,'无','3777','131016091-5','','待测',1,'2013-10-21 15:13:56','0-50-0.1','全浸','水银',0,0),(23,'云南绿A生物工程有限公司','水银温度计','0','100',1,'重庆体温计厂','3778','131016091-5','','待测',1,'2013-10-21 15:14:47','普通0-100','竹节','水银',0,0),(24,'云南绿A生物工程有限公司','水银温度计','0','100',1,'重庆体温计厂','3779','131016091-5','','待测',1,'2013-10-21 15:15:26','普通0-100','竹节','水银',0,0),(25,'云南绿A生物工程有限公司','水银温度计','0','300',2,'无','3780','131016091-5','','待测',1,'2013-10-21 15:16:05','普通0-300','竹节','水银',0,0),(26,'云南绿A生物工程有限公司','水银温度计','0','300',2,'无','3781','131016091-5','','待测',1,'2013-10-21 15:16:13','普通0-300','竹节','水银',0,0),(27,'中铁五局沪昆铁路客运专线云南段项目经理部中心试验室','水银温度计','0','100',1,'无','3782','131016016-6','','待测',1,'2013-10-21 15:20:47','普通0-100','全浸','水银',0,0),(28,'中铁五局沪昆铁路客运专线云南段项目经理部中心试验室','水银温度计','0','300',2,'无','3783','131016016-6','','待测',1,'2013-10-21 15:21:11','普通0-300','全浸','水银',0,0),(29,'中铁五局沪昆铁路客运专线云南段项目经理部中心试验室','有机液体温度计','0','50',1,'无','3784','131016016-6','','待测',1,'2013-10-21 15:21:49','普通0-50','全浸','有机',0,0),(30,'景谷天成顺宏古树茶厂','水银温度计','0','300',2,'北京玻璃研究所','3785','131016074-4','','待测',1,'2013-10-21 15:24:06','普通0-300','竹节','水银',0,0),(31,'昆明铁路局疾病预防控制中心开远站','有机液体温度计','0','60',1,'无','3786','131015045-9','','待测',1,'2013-10-21 15:26:43','自定义','全浸','有机',0,0),(32,'昆明铁路局疾病预防控制中心开远站','水银温度计','0','100',1,'无','KF','131015045-9','','待测',1,'2013-10-21 15:28:01','普通0-100','局浸','水银',0,0),(33,'昆明铁路局疾病预防控制中心开远站','水银温度计','0','100',1,'无','3788','131015045-9','','待测',1,'2013-10-21 15:28:31','普通0-100','局浸','水银',0,0),(34,'昆明铁路局疾病预防控制中心开远站','水银温度计','0','100',1,'无','3452','131015045-9','','待测',1,'2013-10-21 15:29:15','普通0-100','局浸','水银',0,0),(35,'昆明铁路局疾病预防控制中心开远站','水银温度计','-30','100',1,'无','003','131015045-9','','待测',1,'2013-10-21 15:29:49','普通-30-100','全浸','水银',0,0),(36,'昆明铁路局疾病预防控制中心开远站','水银温度计','0','100',1,'无','3790','131015045-9','','待测',1,'2013-10-21 15:30:34','普通0-100','局浸','水银',0,0),(37,'云南云钟工贸有限公司','水银温度计','0','300',2,'无','3723','131015016-4','','待测',1,'2013-10-21 15:33:26','普通0-300','竹节','水银',0,0),(38,'昆明顺冉商贸有限公司','水银温度计','0','200',2,'无','3792','131016004-1','','待测',1,'2013-10-21 15:35:37','普通0-200','竹节','水银',0,0),(39,'昆明市晋宁县疾病预防控制中心','水银温度计','0','50',0.1,'无','3793','131016022-3','','待测',1,'2013-10-21 15:39:52','0-50-0.1','全浸','水银',0,0),(40,'昆明市晋宁县疾病预防控制中心','水银温度计','0','100',1,'无','9','131016022-3','','待测',1,'2013-10-21 15:40:44','普通0-100','竹节','水银',0,0),(41,'昆明市晋宁县疾病预防控制中心','水银温度计','0','200',2,'无','0359','131016022-3','','待测',1,'2013-10-21 15:41:02','普通0-200','竹节','水银',0,0),(42,'昆明市晋宁县疾病预防控制中心','水银温度计','0','100',1,'无','3796','131016022-3','','待测',1,'2013-10-21 15:41:38','普通0-100','局浸','水银',0,0),(43,'寻甸塘子易隆味思源调味品厂','水银温度计','0','100',1,'无','3797','131021033-1','','待测',1,'2013-10-21 15:43:37','普通0-100','局浸','水银',0,0),(44,'寻甸塘子易隆味思源调味品厂','水银温度计','0','200',1,'无','3798','131021033-1','','待测',1,'2013-10-21 15:44:06','普通0-200','局浸','水银',0,0),(45,'云南省燃气计量检测所','水银温度计','0','50',0.1,'无','3740','131021036-1','','待测',1,'2013-10-21 15:45:57','0-50-0.1','全浸','水银',0,0),(46,'云南省燃气计量检测所','水银温度计','0','50',0.1,'无','3503','131021036-1','','待测',1,'2013-10-21 15:46:06','0-50-0.1','全浸','水银',0,0),(47,'中国石化销售华南分公司','水银温度计','-30','50',0.2,'无','60','131016044-2','','待测',1,'2013-10-21 15:50:15','-30-50-0.2','全浸','水银',0,0),(48,'中国石化销售华南分公司','水银温度计','-30','50',0.2,'无','95','131016044-2','','待测',1,'2013-10-21 15:52:04','-30-50-0.2','全浸','水银',0,0),(49,'中国石化销售华南分公司','水银温度计','-30','50',0.2,'无','572','131016044-2','','待测',1,'2013-10-21 15:52:12','-30-50-0.2','全浸','水银',0,0),(50,'中国石化销售华南分公司','水银温度计','-30','50',0.2,'无','297','131016044-2','','待测',1,'2013-10-21 15:52:23','-30-50-0.2','全浸','水银',0,0),(51,'中国石化销售华南分公司','水银温度计','-30','50',0.2,'无','615','131016044-2','','待测',1,'2013-10-21 15:52:43','-30-50-0.2','全浸','水银',0,0),(52,'中国石化销售华南分公司','水银温度计','-30','50',0.2,'无','505','131016044-2','','待测',1,'2013-10-21 15:52:49','-30-50-0.2','全浸','水银',0,0),(53,'中国石化销售华南分公司','水银温度计','-30','50',0.2,'无','528','131016044-2','','待测',1,'2013-10-21 15:52:55','-30-50-0.2','全浸','水银',0,0),(54,'中国石化销售华南分公司','水银温度计','-30','50',0.2,'无','617','131016044-2','','待测',1,'2013-10-21 15:53:01','-30-50-0.2','全浸','水银',0,0),(55,'中国石化销售华南分公司','水银温度计','-30','50',0.2,'无','441','131016044-2','','待测',1,'2013-10-21 15:53:08','-30-50-0.2','全浸','水银',0,0),(56,'中国石化销售华南分公司','水银温度计','-30','50',0.2,'无','1259','131016044-2','','待测',1,'2013-10-21 15:53:14','-30-50-0.2','全浸','水银',0,0),(57,'中国石化销售华南分公司','水银温度计','-30','50',0.2,'无','533','131016044-2','','待测',1,'2013-10-21 15:53:22','-30-50-0.2','全浸','水银',0,0),(58,'中国石化销售华南分公司','水银温度计','-30','50',0.2,'无','422','131016044-2','','待测',1,'2013-10-21 15:53:27','-30-50-0.2','全浸','水银',0,0),(59,'中国石化销售华南分公司','水银温度计','-30','50',0.2,'无','1283','131016044-2','','待测',1,'2013-10-21 15:53:34','-30-50-0.2','全浸','水银',0,0),(60,'中国石化销售华南分公司','水银温度计','-30','50',0.2,'无','532','131016044-2','','待测',1,'2013-10-21 15:53:45','-30-50-0.2','全浸','水银',0,0),(61,'昆明娃哈哈启力饮料有限公司','水银温度计','0','100',1,'无','3815','131015038-1','','待测',1,'2013-10-21 15:58:30','普通0-100','全浸','水银',0,0),(62,'昆明娃哈哈启力饮料有限公司','水银温度计','0','100',1,'无','3816','131015038-1','','待测',1,'2013-10-21 15:59:16','普通0-100','全浸','水银',0,0),(63,'昆明云林酱菜有限公司','水银温度计','0','100',1,'无','3817','131015032-1','','待测',1,'2013-10-21 16:00:59','普通0-100','竹节','水银',0,0),(64,'云南东川长运印象葡萄酒有限公司','水银温度计','0','100',1,'无','3818','131015031-3','','待测',1,'2013-10-21 16:03:35','普通0-100','竹节','水银',0,0),(65,'云南楚天工程检测有限公司','水银温度计','0','200',2,'无','3448','131015004-9','','待测',1,'2013-10-21 16:05:21','普通0-200','竹节','水银',0,0),(66,'通威股份有限公司昆明分公司','水银温度计','0','300',2,'重庆体温计厂','3820','131016008-3','','待测',1,'2013-10-21 16:11:27','普通0-300','竹节','水银',0,0),(67,'云南玫瑰鲜花食品科技有限公司','水银温度计','0','100',1,'北京玻璃研究所','4949','131017033-1','','待测',1,'2013-10-21 16:13:49','普通0-100','竹节','水银',0,0),(68,'云南玫瑰鲜花食品科技有限公司','水银温度计','0','300',2,'无','2582','131017033-1','','待测',1,'2013-10-21 16:14:14','普通0-300','竹节','水银',0,0),(69,'云南玫瑰鲜花食品科技有限公司','有机液体温度计','0','100',1,'无','3823','131017033-1','','待测',1,'2013-10-21 16:16:31','普通0-100','全浸','有机',0,0),(70,'云南玫瑰鲜花食品科技有限公司','有机液体温度计','0','100',1,'无','3824','131017033-1','','待测',1,'2013-10-21 16:17:29','普通0-100','全浸','有机',0,0),(71,'云南玫瑰鲜花食品科技有限公司','有机液体温度计','0','100',1,'无','3825','131017033-1','','待测',1,'2013-10-21 16:17:35','普通0-100','全浸','有机',0,0),(72,'云南玫瑰鲜花食品科技有限公司','有机液体温度计','0','100',1,'无','3826','131017033-1','','断柱',1,'2013-10-21 16:17:48','普通0-100','全浸','有机',0,0),(73,'省疾控中心','水银温度计','0','200',1,'无','178','131016006-1','','待测',1,'2013-10-21 16:19:29','普通0-200','局浸','水银',0,0),(74,'省疾控中心','冰箱用最低温度计','-30','30',1,'上海华辰医用仪表有限公司','0149','131016006-1','','待测',1,'2013-10-21 16:20:46','冰箱温度计-30-30','全浸','有机',0,0),(75,'昆明四创制药有限公司','水银温度计','0','100',1,'无','3829','131016002-1','','待测',1,'2013-10-21 16:22:57','普通0-100','局浸','水银',0,0),(76,'昆明四创制药有限公司','水银温度计','0','100',1,'无','3830','131016002-1','','待测',1,'2013-10-21 16:23:35','普通0-100','局浸','水银',0,0),(77,'云南鑫诚箭镞工程质量检测有限公司','干湿球温度计','-10','50',0.5,'上海华辰医用仪表有限公司','3478','131017058-7','','待测',1,'2013-10-21 16:26:07','干湿球温度计','全浸','有机',0,0),(78,'云南宏固工程检测有限公司','干湿球温度计','-20','50',0.5,'冀州市耀华器械仪表厂','2398','131015001-5','','待测',1,'2013-10-21 16:27:33','干湿球温度计','全浸','有机',0,0),(79,'景谷天成顺宏古树茶厂','干湿球温度计','-10','50',0.5,'河北省武强县仪表厂','0001','131016074-3','','待测',1,'2013-10-21 16:28:31','干湿球温度计','全浸','有机',0,0),(80,'本院工程所','干湿球温度计','0','50',0.5,'上海医用仪表厂','1042','131021037-1','','待测',1,'2013-10-21 16:29:19','干湿球温度计','全浸','有机',0,0),(81,'本院工程所','干湿球温度计','-10','50',0.5,'上海医用仪表厂','012','131021037-1','','待测',1,'2013-10-21 16:40:14','干湿球温度计','全浸','有机',0,0),(82,'本院工程所','干湿球温度计','0','50',0.5,'上海医用仪表厂','1044','131021037-1','','待测',1,'2013-10-21 16:40:43','干湿球温度计','全浸','有机',0,0),(83,'云县平安茶叶种植专业合作社','水银温度计','0','100',1,'无','3837','131021058-1','','待测',1,'2013-10-22 14:50:22','普通0-100','竹节','水银',0,0),(84,'云县平安茶叶种植专业合作社','水银温度计','0','300',2,'北京玻璃研究所','3838','131021058-1','','待测',1,'2013-10-22 14:50:40','普通0-300','竹节','水银',0,0),(85,'保山市疾病预防控制中心','水银温度计','-30','50',0.2,'无','3839','131021049-1','','待测',1,'2013-10-22 14:52:49','-30-50-0.2','全浸','水银',0,0),(86,'保山市疾病预防控制中心','有机液体温度计','-80','60',1,'无','3840','131021049-1','','待测',1,'2013-10-22 14:53:46','自定义','局浸','有机',0,0),(87,'贵州省盘县第二人民医院','水银温度计','-30','50',0.2,'无','3841','131021050-1','','待测',1,'2013-10-22 14:55:41','-30-50-0.2','全浸','水银',0,0),(88,'昆明克林轻工责任有限公司','水银温度计','0','300',2,'无','1001','131021046-12','','待测',1,'2013-10-22 14:57:17','普通0-300','局浸','水银',0,0),(89,'砚山县同和辣椒有限责任公司','有机液体温度计','0','100',1,'无','3843','131021021-1','','待测',1,'2013-10-22 15:02:59','普通0-100','局浸','有机',0,0),(90,'砚山县同和辣椒有限责任公司','有机液体温度计','0','100',1,'无','3844','131021021-1','','待测',1,'2013-10-22 15:03:10','普通0-100','局浸','有机',0,0),(91,'昆明华曦牧业集团有限公司','有机液体温度计','-50','50',1,'无','3152','131022015-1','','待测',1,'2013-10-22 15:05:38','-50-50-1','局浸','有机',0,0),(92,'昆明华曦牧业集团有限公司','有机液体温度计','-50','50',1,'无','3153','131022015-1','','待测',1,'2013-10-22 15:06:39','-50-50-1','局浸','有机',0,0),(93,'昆明华曦牧业集团有限公司','有机液体温度计','-50','50',1,'无','3154','131022015-1','','待测',1,'2013-10-22 15:06:45','-50-50-1','局浸','有机',0,0),(94,'昆明华曦牧业集团有限公司','有机液体温度计','-50','50',1,'无','3155','131022015-1','','待测',1,'2013-10-22 15:06:52','-50-50-1','局浸','有机',0,0),(95,'云南芳汇山珍商贸有限公司','水银温度计','0','100',1,'无','2200','131022029-1','','待测',1,'2013-10-22 15:08:19','普通0-100','竹节','水银',0,0),(96,'云南芳汇山珍商贸有限公司','水银温度计','0','300',2,'无','3495','131022029-1','','待测',1,'2013-10-22 15:08:35','普通0-300','竹节','水银',0,0),(97,'云南生物谷药业股份有限公司','干湿球温度计','-10','50',0.5,'无','3851','131022003-2','','待测',1,'2013-10-22 15:09:34','干湿球温度计','全浸','有机',0,0),(98,'云南生物谷药业股份有限公司','干湿球温度计','-10','50',0.5,'无','3852','131022003-2','','待测',1,'2013-10-22 15:09:41','干湿球温度计','全浸','有机',0,0),(99,'云南生物谷药业股份有限公司','干湿球温度计','-10','50',0.5,'无','3853','131022003-2','','待测',1,'2013-10-22 15:10:31','干湿球温度计','全浸','有机',0,0),(100,'云南生物谷药业股份有限公司','干湿球温度计','-10','50',0.5,'无','3854','131022003-2','','待测',1,'2013-10-22 15:10:36','干湿球温度计','全浸','有机',0,0),(101,'云南生物谷药业股份有限公司','干湿球温度计','-10','50',0.5,'无','3855','131022003-2','','待测',1,'2013-10-22 15:10:40','干湿球温度计','全浸','有机',0,0),(102,'云南生物谷药业股份有限公司','干湿球温度计','-10','50',0.5,'无','3856','131022003-2','','待测',1,'2013-10-22 15:10:45','干湿球温度计','全浸','有机',0,0),(103,'云南生物谷药业股份有限公司','干湿球温度计','-10','50',0.5,'无','3857','131022003-2','','待测',1,'2013-10-22 15:10:50','干湿球温度计','全浸','有机',0,0),(104,'云南生物谷药业股份有限公司','干湿球温度计','-10','50',0.5,'无','3858','131022003-2','','待测',1,'2013-10-22 15:10:56','干湿球温度计','全浸','有机',0,0),(105,'云南生物谷药业股份有限公司','干湿球温度计','-10','50',0.5,'无','3859','131022003-2','','待测',1,'2013-10-22 15:11:01','干湿球温度计','全浸','有机',0,0),(106,'云南生物谷药业股份有限公司','干湿球温度计','-10','50',0.5,'无','3860','131022003-2','','待测',1,'2013-10-22 15:11:06','干湿球温度计','全浸','有机',0,0),(107,'云南生物谷药业股份有限公司','干湿球温度计','-10','50',0.5,'无','3861','131022003-2','','待测',1,'2013-10-22 15:11:10','干湿球温度计','全浸','有机',0,0),(108,'云南生物谷药业股份有限公司','干湿球温度计','-10','50',0.5,'无','3862','131022003-2','','待测',1,'2013-10-22 15:11:17','干湿球温度计','全浸','有机',0,0),(109,'云南生物谷药业股份有限公司','干湿球温度计','-10','50',0.5,'无','3863','131022003-2','','待测',1,'2013-10-22 15:11:22','干湿球温度计','全浸','有机',0,0),(110,'云南生物谷药业股份有限公司','干湿球温度计','-10','50',0.5,'无','3864','131022003-2','','待测',1,'2013-10-22 15:11:27','干湿球温度计','全浸','有机',0,0),(111,'云南生物谷药业股份有限公司','干湿球温度计','-10','50',0.5,'无','3865','131022003-2','','待测',1,'2013-10-22 15:11:32','干湿球温度计','全浸','有机',0,0),(112,'云南生物谷药业股份有限公司','干湿球温度计','-10','50',0.5,'无','3866','131022003-2','','待测',1,'2013-10-22 15:11:37','干湿球温度计','全浸','有机',0,0),(113,'云南生物谷药业股份有限公司','干湿球温度计','-10','50',0.5,'无','3867','131022003-2','','待测',1,'2013-10-22 15:11:42','干湿球温度计','全浸','有机',0,0),(114,'云南生物谷药业股份有限公司','干湿球温度计','-10','50',0.5,'无','3868','131022003-2','','待测',1,'2013-10-22 15:11:47','干湿球温度计','全浸','有机',0,0),(115,'云南生物谷药业股份有限公司','干湿球温度计','-10','50',0.5,'无','3869','131022003-2','','待测',1,'2013-10-22 15:11:52','干湿球温度计','全浸','有机',0,0),(116,'云南生物谷药业股份有限公司','干湿球温度计','-10','50',0.5,'无','3870','131022003-2','','待测',1,'2013-10-22 15:12:00','干湿球温度计','全浸','有机',0,0),(121,'云南省建筑材料科学研究设计院','干湿球温度计','-10','50',0.5,'上海华辰医用仪表有限公司','3871','131022025-2','','待测',1,'2013-10-22 15:20:04','干湿球温度计','全浸','有机',0,0),(122,'云南省建筑材料科学研究设计院','干湿球温度计','-10','50',0.5,'上海华辰医用仪表有限公司','3872','131022025-2','','待测',1,'2013-10-22 15:20:12','干湿球温度计','全浸','有机',0,0),(123,'云南省建筑材料科学研究设计院','干湿球温度计','-10','50',0.5,'上海华辰医用仪表有限公司','3873','131022025-2','','待测',1,'2013-10-22 15:20:20','干湿球温度计','全浸','有机',0,0),(124,'云南省建筑材料科学研究设计院','干湿球温度计','-10','50',0.5,'上海华辰医用仪表有限公司','3874','131022025-2','','待测',1,'2013-10-22 15:20:25','干湿球温度计','全浸','有机',0,0),(125,'云南省建筑材料科学研究设计院','干湿球温度计','-10','50',0.5,'上海华辰医用仪表有限公司','3875','131022025-2','','待测',1,'2013-10-22 15:20:37','干湿球温度计','全浸','有机',0,0),(126,'云南老家生态食品有限公司','水银温度计','0','100',1,'无','1652','131022016-2','','待测',1,'2013-10-22 16:28:44','普通0-100','竹节','水银',0,0),(127,'云南老家生态食品有限公司','水银温度计','0','100',1,'无','5075','131022016-2','','待测',1,'2013-10-22 16:28:55','普通0-100','竹节','水银',0,0),(128,'云南老家生态食品有限公司','水银温度计','0','300',2,'无','1254','131022016-2','','待测',1,'2013-10-22 16:29:12','普通0-300','竹节','水银',0,0),(129,'云南老家生态食品有限公司','水银温度计','0','100',1,'无','1650','131022016-2','','待测',1,'2013-10-22 16:29:34','普通0-100','局浸','水银',0,0),(130,'漳州达隆食品有限公司昆明分公司','有机液体温度计','0','150',1,'无','326','131021013-2','','待测',1,'2013-10-22 16:31:08','0-150','局浸','有机',0,0),(131,'云南鑫田环境分析测试有限公司','水银温度计','0','100',1,'无','3881','131023006-1','','待测',1,'2013-10-23 16:01:56','普通0-100','局浸','水银',0,0),(132,'云南鑫田环境分析测试有限公司','水银温度计','0.0','300.1',2,'无','3882','131023006-1','','待测',1,'2013-10-23 16:02:10','普通0-300','局浸','水银',0,0),(133,'qqq','111','1','11',1,'','121212','','','待测',1,'2013-11-05 10:41:56','','全浸','有机',0,0),(134,'qqq','111','1','11',1,'','123','','','待测',1,'2013-11-05 10:42:05','','123','有机',0,0);
/*!40000 ALTER TABLE `tempregister` ENABLE KEYS */;
UNLOCK TABLES;

--
-- Table structure for table `tempregisterpoint`
--

DROP TABLE IF EXISTS `tempregisterpoint`;
/*!40101 SET @saved_cs_client     = @@character_set_client */;
/*!40101 SET character_set_client = utf8 */;
CREATE TABLE `tempregisterpoint` (
  `id` int(11) NOT NULL AUTO_INCREMENT,
  `tempRegisterId` int(11) DEFAULT NULL,
  `temp` int(11) DEFAULT NULL COMMENT '娓╁害',
  PRIMARY KEY (`id`)
) ENGINE=InnoDB AUTO_INCREMENT=753 DEFAULT CHARSET=utf8 COMMENT='登记检测点';
/*!40101 SET character_set_client = @saved_cs_client */;

--
-- Dumping data for table `tempregisterpoint`
--

LOCK TABLES `tempregisterpoint` WRITE;
/*!40000 ALTER TABLE `tempregisterpoint` DISABLE KEYS */;
INSERT INTO `tempregisterpoint` VALUES (227,1,0),(228,1,50),(229,1,100),(230,2,0),(231,2,100),(232,2,200),(233,2,300),(234,3,0),(235,3,10),(236,3,20),(237,3,30),(238,3,40),(239,3,50),(240,4,0),(241,4,10),(242,4,20),(243,4,30),(244,4,40),(245,4,50),(246,5,50),(247,5,60),(248,5,70),(249,5,80),(250,5,90),(251,5,100),(252,6,0),(253,6,50),(254,6,100),(255,7,0),(256,7,50),(257,7,100),(258,8,0),(259,8,100),(260,8,200),(261,8,300),(262,9,0),(263,9,100),(264,9,200),(265,10,0),(266,10,100),(267,10,200),(268,10,300),(269,11,0),(270,11,100),(271,11,200),(272,11,300),(273,12,0),(274,12,100),(275,12,200),(276,12,300),(277,13,0),(278,13,100),(279,13,200),(280,13,300),(281,14,0),(282,14,100),(283,14,200),(284,14,300),(285,15,0),(286,15,50),(287,15,100),(288,16,0),(289,16,100),(290,16,200),(291,17,0),(292,17,100),(293,17,200),(294,18,0),(295,18,50),(296,18,100),(297,19,0),(298,19,50),(299,19,100),(300,20,0),(301,20,100),(302,20,200),(303,22,0),(304,22,10),(305,22,20),(306,22,30),(307,22,40),(308,22,50),(309,23,0),(310,23,50),(311,23,100),(312,24,0),(313,24,50),(314,24,100),(315,25,0),(316,25,100),(317,25,200),(318,25,300),(319,26,0),(320,26,100),(321,26,200),(322,26,300),(323,27,0),(324,27,50),(325,27,100),(326,28,0),(327,28,100),(328,28,200),(329,28,300),(330,29,0),(331,29,30),(332,29,50),(333,30,0),(334,30,100),(335,30,200),(336,30,300),(337,32,0),(338,32,50),(339,32,100),(340,33,0),(341,33,50),(342,33,100),(343,34,0),(344,34,50),(345,34,100),(346,35,-30),(347,35,0),(348,35,100),(349,36,0),(350,36,50),(351,36,100),(352,31,0),(353,31,30),(354,31,60),(359,38,0),(360,38,100),(361,38,200),(362,37,0),(363,37,100),(364,37,200),(365,37,300),(366,39,0),(367,39,10),(368,39,20),(369,39,30),(370,39,40),(371,39,50),(372,40,0),(373,40,50),(374,40,100),(375,41,0),(376,41,100),(377,41,200),(381,43,0),(382,43,50),(383,43,100),(384,44,0),(385,44,100),(386,44,200),(387,42,0),(388,42,50),(389,42,100),(390,45,0),(391,45,10),(392,45,20),(393,45,30),(394,45,40),(395,45,50),(396,46,0),(397,46,10),(398,46,20),(399,46,30),(400,46,40),(401,46,50),(402,47,-20),(403,47,0),(404,47,20),(405,47,40),(406,47,50),(407,48,-20),(408,48,0),(409,48,20),(410,48,40),(411,48,50),(412,49,-20),(413,49,0),(414,49,20),(415,49,40),(416,49,50),(417,50,-20),(418,50,0),(419,50,20),(420,50,40),(421,50,50),(422,51,-20),(423,51,0),(424,51,20),(425,51,40),(426,51,50),(427,52,-20),(428,52,0),(429,52,20),(430,52,40),(431,52,50),(432,53,-20),(433,53,0),(434,53,20),(435,53,40),(436,53,50),(437,54,-20),(438,54,0),(439,54,20),(440,54,40),(441,54,50),(442,55,-20),(443,55,0),(444,55,20),(445,55,40),(446,55,50),(447,56,-20),(448,56,0),(449,56,20),(450,56,40),(451,56,50),(452,57,-20),(453,57,0),(454,57,20),(455,57,40),(456,57,50),(457,58,-20),(458,58,0),(459,58,20),(460,58,40),(461,58,50),(462,59,-20),(463,59,0),(464,59,20),(465,59,40),(466,59,50),(467,60,-20),(468,60,0),(469,60,20),(470,60,40),(471,60,50),(472,61,0),(473,61,50),(474,61,100),(475,62,0),(476,62,50),(477,62,100),(478,63,0),(479,63,50),(480,63,100),(481,64,0),(482,64,50),(483,64,100),(484,65,0),(485,65,100),(486,65,200),(487,66,0),(488,66,100),(489,66,200),(490,66,300),(491,67,0),(492,67,50),(493,67,100),(494,68,0),(495,68,100),(496,68,200),(497,68,300),(498,69,0),(499,69,50),(500,69,100),(501,70,0),(502,70,50),(503,70,100),(504,71,0),(505,71,50),(506,71,100),(507,72,0),(508,72,50),(509,72,100),(510,73,0),(511,73,100),(512,73,200),(513,74,-30),(514,74,0),(515,74,30),(516,75,0),(517,75,50),(518,75,100),(519,76,0),(520,76,50),(521,76,100),(522,77,0),(523,77,20),(524,77,30),(525,77,40),(526,78,0),(527,78,20),(528,78,30),(529,78,40),(534,80,0),(535,80,20),(536,80,30),(537,80,40),(538,81,0),(539,81,20),(540,81,30),(541,81,40),(542,82,0),(543,82,20),(544,82,30),(545,82,40),(546,83,0),(547,83,50),(548,83,100),(549,84,0),(550,84,100),(551,84,200),(552,84,300),(553,85,-20),(554,85,0),(555,85,20),(556,85,40),(557,85,50),(558,86,-60),(559,86,0),(560,86,60),(561,87,-20),(562,87,0),(563,87,20),(564,87,40),(565,87,50),(566,88,0),(567,88,100),(568,88,200),(569,88,300),(573,90,0),(574,90,50),(575,90,100),(576,89,0),(577,89,50),(578,89,100),(579,91,-50),(580,91,0),(581,91,50),(582,92,-50),(583,92,0),(584,92,50),(585,93,-50),(586,93,0),(587,93,50),(588,94,-50),(589,94,0),(590,94,50),(591,95,0),(592,95,50),(593,95,100),(594,96,0),(595,96,100),(596,96,200),(597,96,300),(606,97,0),(607,97,20),(608,97,30),(609,97,40),(610,98,0),(611,98,20),(612,98,30),(613,98,40),(614,99,0),(615,99,20),(616,99,30),(617,99,40),(618,100,0),(619,100,20),(620,100,30),(621,100,40),(622,101,0),(623,101,20),(624,101,30),(625,101,40),(626,102,0),(627,102,20),(628,102,30),(629,102,40),(630,103,0),(631,103,20),(632,103,30),(633,103,40),(634,104,0),(635,104,20),(636,104,30),(637,104,40),(638,105,0),(639,105,20),(640,105,30),(641,105,40),(642,106,0),(643,106,20),(644,106,30),(645,106,40),(646,107,0),(647,107,20),(648,107,30),(649,107,40),(650,108,0),(651,108,20),(652,108,30),(653,108,40),(654,109,0),(655,109,20),(656,109,30),(657,109,40),(658,110,0),(659,110,20),(660,110,30),(661,110,40),(662,111,0),(663,111,20),(664,111,30),(665,111,40),(666,112,0),(667,112,20),(668,112,30),(669,112,40),(670,113,0),(671,113,20),(672,113,30),(673,113,40),(674,114,0),(675,114,20),(676,114,30),(677,114,40),(678,115,0),(679,115,20),(680,115,30),(681,115,40),(682,116,0),(683,116,20),(684,116,30),(685,116,40),(686,117,0),(687,117,20),(688,117,30),(689,117,40),(690,118,0),(691,118,20),(692,118,30),(693,118,40),(694,119,0),(695,119,20),(696,119,30),(697,119,40),(698,120,0),(699,120,20),(700,120,30),(701,120,40),(702,121,0),(703,121,20),(704,121,30),(705,121,40),(706,122,0),(707,122,20),(708,122,30),(709,122,40),(710,123,0),(711,123,20),(712,123,30),(713,123,40),(714,124,0),(715,124,20),(716,124,30),(717,124,40),(718,125,0),(719,125,20),(720,125,30),(721,125,40),(722,126,0),(723,126,50),(724,126,100),(725,127,0),(726,127,50),(727,127,100),(728,128,0),(729,128,100),(730,128,200),(731,128,300),(732,129,0),(733,129,50),(734,129,100),(735,130,0),(736,130,100),(737,130,150),(738,131,0),(739,131,50),(740,131,100),(745,79,0),(746,79,20),(747,79,30),(748,79,40),(749,132,0),(750,132,100),(751,132,200),(752,132,300);
/*!40000 ALTER TABLE `tempregisterpoint` ENABLE KEYS */;
UNLOCK TABLES;

--
-- Table structure for table `user`
--

DROP TABLE IF EXISTS `user`;
/*!40101 SET @saved_cs_client     = @@character_set_client */;
/*!40101 SET character_set_client = utf8 */;
CREATE TABLE `user` (
  `id` int(11) NOT NULL AUTO_INCREMENT,
  `userName` varchar(45) DEFAULT NULL,
  `realName` varchar(45) DEFAULT NULL,
  `password` varchar(45) DEFAULT NULL,
  `description` varchar(45) DEFAULT NULL,
  `insertDate` datetime DEFAULT NULL,
  `email` varchar(45) DEFAULT NULL,
  `sex` varchar(45) DEFAULT NULL,
  `birthDay` datetime DEFAULT NULL,
  PRIMARY KEY (`id`)
) ENGINE=InnoDB AUTO_INCREMENT=3 DEFAULT CHARSET=utf8;
/*!40101 SET character_set_client = @saved_cs_client */;

--
-- Dumping data for table `user`
--

LOCK TABLES `user` WRITE;
/*!40000 ALTER TABLE `user` DISABLE KEYS */;
INSERT INTO `user` VALUES (1,'admin','管理员','admin',NULL,NULL,'aaaa@aaa.com','男','2013-07-11 00:00:00'),(2,'aa','aa','aa',NULL,NULL,'aa','女','2013-07-12 00:00:00');
/*!40000 ALTER TABLE `user` ENABLE KEYS */;
UNLOCK TABLES;

--
-- Table structure for table `userrole`
--

DROP TABLE IF EXISTS `userrole`;
/*!40101 SET @saved_cs_client     = @@character_set_client */;
/*!40101 SET character_set_client = utf8 */;
CREATE TABLE `userrole` (
  `id` int(10) unsigned NOT NULL AUTO_INCREMENT,
  `userId` int(10) unsigned NOT NULL,
  `roleId` int(10) unsigned NOT NULL,
  PRIMARY KEY (`id`)
) ENGINE=MyISAM AUTO_INCREMENT=3 DEFAULT CHARSET=utf8;
/*!40101 SET character_set_client = @saved_cs_client */;

--
-- Dumping data for table `userrole`
--

LOCK TABLES `userrole` WRITE;
/*!40000 ALTER TABLE `userrole` DISABLE KEYS */;
INSERT INTO `userrole` VALUES (1,1,1),(2,2,2);
/*!40000 ALTER TABLE `userrole` ENABLE KEYS */;
UNLOCK TABLES;
/*!40103 SET TIME_ZONE=@OLD_TIME_ZONE */;

/*!40101 SET SQL_MODE=@OLD_SQL_MODE */;
/*!40014 SET FOREIGN_KEY_CHECKS=@OLD_FOREIGN_KEY_CHECKS */;
/*!40014 SET UNIQUE_CHECKS=@OLD_UNIQUE_CHECKS */;
/*!40101 SET CHARACTER_SET_CLIENT=@OLD_CHARACTER_SET_CLIENT */;
/*!40101 SET CHARACTER_SET_RESULTS=@OLD_CHARACTER_SET_RESULTS */;
/*!40101 SET COLLATION_CONNECTION=@OLD_COLLATION_CONNECTION */;
/*!40111 SET SQL_NOTES=@OLD_SQL_NOTES */;

-- Dump completed on 2013-11-21 18:20:42
